window,cutoff_week,n_train,model,seed,hp,pr_auc,brier,cost_r2,cost_r5,cost_r10
cumulative,28,844,Dummy,42,const,0.38697864182662767,0.38697864182662767,0.7739572836532553,1.9348932091331383,3.8697864182662767
cumulative,28,844,Logistic Regression,42,C=1.0,0.4776131796142207,0.3256905215521974,0.6799469117900067,1.5776537960527932,3.073831936490771
cumulative,28,844,Random Forest,42,depth=20,0.42141014282407663,0.24194095509748823,0.7709587829036302,1.904687000761914,3.794234030525721
cumulative,28,844,XGBoost,42,depth=9,0.4116933204391013,0.3262099325656891,0.7229336151596333,1.6499127485437608,3.1948779708506403
cumulative,28,844,LightGBM,42,leaves=31,0.3590818240132173,0.4574033799306214,0.7676899255290388,1.439550716445056,2.5593187013050853
cumulative,28,844,Dummy,7,const,0.38697864182662767,0.38697864182662767,0.7739572836532553,1.9348932091331383,3.8697864182662767
cumulative,28,844,Logistic Regression,7,C=1.0,0.4776131796142207,0.3256905215521974,0.6799469117900067,1.5776537960527932,3.073831936490771
cumulative,28,844,Random Forest,7,depth=10,0.4175775640924556,0.24371001721580207,0.7709833607786271,1.885983237889252,3.7443163664069603
cumulative,28,844,XGBoost,7,depth=9,0.4116933204391013,0.3262099325656891,0.7229336151596333,1.6499127485437608,3.1948779708506403
cumulative,28,844,LightGBM,7,leaves=31,0.3590818240132173,0.4574033799306214,0.7676899255290388,1.439550716445056,2.5593187013050853
cumulative,28,844,Dummy,123,const,0.38697864182662767,0.38697864182662767,0.7739572836532553,1.9348932091331383,3.8697864182662767
cumulative,28,844,Logistic Regression,123,C=1.0,0.4776131796142207,0.3256905215521974,0.6799469117900067,1.5776537960527932,3.073831936490771
cumulative,28,844,Random Forest,123,depth=None,0.43661278307659146,0.23782560044974183,0.7695824219038022,1.9038267751370217,3.794234030525721
cumulative,28,844,XGBoost,123,depth=9,0.4116933204391013,0.3262099325656891,0.7229336151596333,1.6499127485437608,3.1948779708506403
cumulative,28,844,LightGBM,123,leaves=31,0.3590818240132173,0.4574033799306214,0.7676899255290388,1.439550716445056,2.5593187013050853
cumulative,29,1537,Dummy,42,const,0.38697864182662767,0.38697864182662767,0.7739572836532553,1.9348932091331383,3.8697864182662767
cumulative,29,1537,Logistic Regression,42,C=10.0,0.5038671465002533,0.3696648366501065,0.7542704057807162,1.853343819893332,3.685132843414358
cumulative,29,1537,Random Forest,42,depth=None,0.44145370131034306,0.23998604659410094,0.7613242559048344,1.848895224518888,3.661513505542311
cumulative,29,1537,XGBoost,42,depth=9,0.4536128760513799,0.3092007637023926,0.6911052670386119,1.5806277189274216,3.063165138742104
cumulative,29,1537,LightGBM,42,leaves=31,0.3826934270696332,0.40240792839439055,0.7269889645341264,1.5044363064369455,2.8001818762749773
cumulative,29,1537,Dummy,7,const,0.38697864182662767,0.38697864182662767,0.7739572836532553,1.9348932091331383,3.8697864182662767
cumulative,29,1537,Logistic Regression,7,C=10.0,0.5038671465002533,0.3696648366501065,0.7542704057807162,1.853343819893332,3.685132843414358
cumulative,29,1537,Random Forest,7,depth=10,0.43682331576034145,0.23824628275001378,0.7668542777791432,1.8746282596406714,3.720918229409885
cumulative,29,1537,XGBoost,7,depth=9,0.4536128760513799,0.3092007637023926,0.6911052670386119,1.5806277189274216,3.063165138742104
cumulative,29,1537,LightGBM,7,leaves=31,0.3826934270696332,0.40240792839439055,0.7269889645341264,1.5044363064369455,2.8001818762749773
cumulative,29,1537,Dummy,123,const,0.38697864182662767,0.38697864182662767,0.7739572836532553,1.9348932091331383,3.8697864182662767
cumulative,29,1537,Logistic Regression,123,C=10.0,0.5038671465002533,0.3696648366501065,0.7542704057807162,1.853343819893332,3.685132843414358
cumulative,29,1537,Random Forest,123,depth=None,0.43448995052432177,0.23970349233884344,0.7658465849042692,1.8804777938899402,3.7381964755327255
cumulative,29,1537,XGBoost,123,depth=9,0.4536128760513799,0.3092007637023926,0.6911052670386119,1.5806277189274216,3.063165138742104
cumulative,29,1537,LightGBM,123,leaves=31,0.3826934270696332,0.40240792839439055,0.7269889645341264,1.5044363064369455,2.8001818762749773
cumulative,30,2307,Dummy,42,const,0.38697864182662767,0.38697864182662767,0.7739572836532553,1.9348932091331383,3.8697864182662767
cumulative,30,2307,Logistic Regression,42,C=10.0,0.46675984710314417,0.3757185207026784,0.75368053678079,1.857104234767862,3.696143731412982
cumulative,30,2307,Random Forest,42,depth=10,0.5147412334345718,0.222692208825604,0.7716469634035441,1.9190896355101137,3.831494089021063
cumulative,30,2307,XGBoost,42,depth=3,0.5001055569870809,0.2830337584018707,0.7209182294098853,1.7481013591564873,3.460073242067491
cumulative,30,2307,LightGBM,42,leaves=15,0.507599611490011,0.29127866667870306,0.7166416791604198,1.7582028657802247,3.494138176813233
cumulative,30,2307,Dummy,7,const,0.38697864182662767,0.38697864182662767,0.7739572836532553,1.9348932091331383,3.8697864182662767
cumulative,30,2307,Logistic Regression,7,C=10.0,0.46675984710314417,0.3757185207026784,0.75368053678079,1.857104234767862,3.696143731412982
cumulative,30,2307,Random Forest,7,depth=10,0.4807599718303949,0.22428568163363263,0.7701722909037285,1.9114213385110723,3.813503084523312
cumulative,30,2307,XGBoost,7,depth=3,0.5001055569870809,0.2830337584018707,0.7209182294098853,1.7481013591564873,3.460073242067491
cumulative,30,2307,LightGBM,7,leaves=15,0.507599611490011,0.29127866667870306,0.7166416791604198,1.7582028657802247,3.494138176813233
cumulative,30,2307,Dummy,123,const,0.38697864182662767,0.38697864182662767,0.7739572836532553,1.9348932091331383,3.8697864182662767
cumulative,30,2307,Logistic Regression,123,C=10.0,0.46675984710314417,0.3757185207026784,0.75368053678079,1.857104234767862,3.696143731412982
cumulative,30,2307,Random Forest,123,depth=10,0.5116202480532168,0.22248461637544578,0.7700248236537469,1.91496055251063,3.8231867672721016
cumulative,30,2307,XGBoost,123,depth=3,0.5001055569870809,0.2830337584018707,0.7209182294098853,1.7481013591564873,3.460073242067491
cumulative,30,2307,LightGBM,123,leaves=15,0.507599611490011,0.29127866667870306,0.7166416791604198,1.7582028657802247,3.494138176813233
cumulative,31,2886,Dummy,42,const,0.38697864182662767,0.38697864182662767,0.7739572836532553,1.9348932091331383,3.8697864182662767
cumulative,31,2886,Logistic Regression,42,C=1.0,0.533040989845512,0.3398590838652599,0.7566298817804212,1.8603485142674565,3.699879568412515
cumulative,31,2886,Random Forest,42,depth=20,0.5457322167069808,0.22191409418670308,0.7685993069039251,1.9096271536362965,3.8113402315235825
cumulative,31,2886,XGBoost,42,depth=9,0.5844057636108538,0.3155527114868164,0.6925553616634306,1.7045493646619314,3.3912060363260994
cumulative,31,2886,LightGBM,42,leaves=63,0.5344967536318672,0.30481162668616135,0.6917934475385258,1.6883771229139528,3.3493499152063313
cumulative,31,2886,Dummy,7,const,0.38697864182662767,0.38697864182662767,0.7739572836532553,1.9348932091331383,3.8697864182662767
cumulative,31,2886,Logistic Regression,7,C=1.0,0.533040989845512,0.3398590838652599,0.7566298817804212,1.8603485142674565,3.699879568412515
cumulative,31,2886,Random Forest,7,depth=20,0.580979360238618,0.22170246342641253,0.7713028731535871,1.9201464841349818,3.8348858357706392
cumulative,31,2886,XGBoost,7,depth=9,0.5844057636108538,0.3155527114868164,0.6925553616634306,1.7045493646619314,3.3912060363260994
cumulative,31,2886,LightGBM,7,leaves=63,0.5344967536318672,0.30481162668616135,0.6917934475385258,1.6883771229139528,3.3493499152063313
cumulative,31,2886,Dummy,123,const,0.38697864182662767,0.38697864182662767,0.7739572836532553,1.9348932091331383,3.8697864182662767
cumulative,31,2886,Logistic Regression,123,C=1.0,0.533040989845512,0.3398590838652599,0.7566298817804212,1.8603485142674565,3.699879568412515
cumulative,31,2886,Random Forest,123,depth=None,0.5851578329649838,0.2230819504992411,0.7675670361540541,1.908521149261435,3.810111337773736
cumulative,31,2886,XGBoost,123,depth=9,0.5844057636108538,0.3155527114868164,0.6925553616634306,1.7045493646619314,3.3912060363260994
cumulative,31,2886,LightGBM,123,leaves=63,0.5344967536318672,0.30481162668616135,0.6917934475385258,1.6883771229139528,3.3493499152063313
cumulative,32,3738,Dummy,42,const,0.38697864182662767,0.38697864182662767,0.7739572836532553,1.9348932091331383,3.8697864182662767
cumulative,32,3738,Logistic Regression,42,C=10.0,0.5255829503298332,0.31818435648694,0.7185341755351832,1.75368053678079,3.4789244721901342
cumulative,32,3738,Random Forest,42,depth=None,0.5737328711477323,0.239746082646127,0.7721139430284858,1.9228746282596407,3.840809103644899
cumulative,32,3738,XGBoost,42,depth=3,0.5525265110983164,0.30546852946281433,0.7252439354093445,1.7902524147762184,3.5652665470543417
cumulative,32,3738,LightGBM,42,leaves=15,0.5474798620046701,0.30225465561410414,0.6984294737876963,1.7242853982844644,3.4340452724457444
cumulative,32,3738,Dummy,7,const,0.38697864182662767,0.38697864182662767,0.7739572836532553,1.9348932091331383,3.8697864182662767
cumulative,32,3738,Logistic Regression,7,C=10.0,0.5255829503298332,0.31818435648694,0.7185341755351832,1.75368053678079,3.4789244721901342
cumulative,32,3738,Random Forest,7,depth=20,0.5931663532302263,0.2298528030246536,0.771007938653624,1.9210312876348712,3.837736869270283
cumulative,32,3738,XGBoost,7,depth=3,0.5525265110983164,0.30546852946281433,0.7252439354093445,1.7902524147762184,3.5652665470543417
cumulative,32,3738,LightGBM,7,leaves=15,0.5474798620046701,0.30225465561410414,0.6984294737876963,1.7242853982844644,3.4340452724457444
cumulative,32,3738,Dummy,123,const,0.38697864182662767,0.38697864182662767,0.7739572836532553,1.9348932091331383,3.8697864182662767
cumulative,32,3738,Logistic Regression,123,C=10.0,0.5255829503298332,0.31818435648694,0.7185341755351832,1.75368053678079,3.4789244721901342
cumulative,32,3738,Random Forest,123,depth=None,0.5880471590658097,0.23854789639283405,0.7734657261533168,1.925848551134269,3.8464865927691894
cumulative,32,3738,XGBoost,123,depth=3,0.5525265110983164,0.30546852946281433,0.7252439354093445,1.7902524147762184,3.5652665470543417
cumulative,32,3738,LightGBM,123,leaves=15,0.5474798620046701,0.30225465561410414,0.6984294737876963,1.7242853982844644,3.4340452724457444
cumulative,33,4906,Dummy,42,const,0.38697864182662767,0.38697864182662767,0.7739572836532553,1.9348932091331383,3.8697864182662767
cumulative,33,4906,Logistic Regression,42,C=10.0,0.5259290883256587,0.31633114450710276,0.7266694521591663,1.776046403027994,3.525007987809374
cumulative,33,4906,Random Forest,42,depth=10,0.5991195747758329,0.230988760046473,0.7752107552780987,1.9321650650084794,3.8604222478924473
cumulative,33,4906,XGBoost,42,depth=9,0.5575463154742824,0.3179640769958496,0.7062698159117162,1.7420060461572493,3.468233096566471
cumulative,33,4906,LightGBM,42,leaves=63,0.555207510264235,0.3106235886440265,0.6995109002875611,1.721385209034827,3.4245090569469365
cumulative,33,4906,Dummy,7,const,0.38697864182662767,0.38697864182662767,0.7739572836532553,1.9348932091331383,3.8697864182662767
cumulative,33,4906,Logistic Regression,7,C=10.0,0.5259290883256587,0.31633114450710276,0.7266694521591663,1.776046403027994,3.525007987809374
cumulative,33,4906,Random Forest,7,depth=None,0.5938026875437944,0.23558543000871957,0.7720156315284981,1.9238823211345146,3.8436601371445427
cumulative,33,4906,XGBoost,7,depth=9,0.5575463154742824,0.3179640769958496,0.7062698159117162,1.7420060461572493,3.468233096566471
cumulative,33,4906,LightGBM,7,leaves=63,0.555207510264235,0.3106235886440265,0.6995109002875611,1.721385209034827,3.4245090569469365
cumulative,33,4906,Dummy,123,const,0.38697864182662767,0.38697864182662767,0.7739572836532553,1.9348932091331383,3.8697864182662767
cumulative,33,4906,Logistic Regression,123,C=10.0,0.5259290883256587,0.31633114450710276,0.7266694521591663,1.776046403027994,3.525007987809374
cumulative,33,4906,Random Forest,123,depth=None,0.5914980867432189,0.23420113526400654,0.7691154422788605,1.91559957726055,3.826406468896699
cumulative,33,4906,XGBoost,123,depth=9,0.5575463154742824,0.3179640769958496,0.7062698159117162,1.7420060461572493,3.468233096566471
cumulative,33,4906,LightGBM,123,leaves=63,0.555207510264235,0.3106235886440265,0.6995109002875611,1.721385209034827,3.4245090569469365
cumulative,34,5676,Dummy,42,const,0.38697864182662767,0.38697864182662767,0.7739572836532553,1.9348932091331383,3.8697864182662767
cumulative,34,5676,Logistic Regression,42,C=10.0,0.5415213605439019,0.31042725960830975,0.7278983459090127,1.7881878732764764,3.555337085555583
cumulative,34,5676,Random Forest,42,depth=10,0.608381972487151,0.2344670802102716,0.7725317669034335,1.9296335438837957,3.858136505517733
cumulative,34,5676,XGBoost,42,depth=6,0.5837897108608776,0.31486719846725464,0.7232285496595964,1.7888268980263966,3.564824145304397
cumulative,34,5676,LightGBM,42,leaves=63,0.549988301221087,0.3076750163916713,0.6957750632880281,1.7135202890358099,3.4097623319487798
cumulative,34,5676,Dummy,7,const,0.38697864182662767,0.38697864182662767,0.7739572836532553,1.9348932091331383,3.8697864182662767
cumulative,34,5676,Logistic Regression,7,C=10.0,0.5415213605439019,0.31042725960830975,0.7278983459090127,1.7881878732764764,3.555337085555583
cumulative,34,5676,Random Forest,7,depth=10,0.5985199833795624,0.23323927017730536,0.7735640376533045,1.9325091552584364,3.8640843512669893
cumulative,34,5676,XGBoost,7,depth=6,0.5837897108608776,0.31486719846725464,0.7232285496595964,1.7888268980263966,3.564824145304397
cumulative,34,5676,LightGBM,7,leaves=63,0.549988301221087,0.3076750163916713,0.6957750632880281,1.7135202890358099,3.4097623319487798
cumulative,34,5676,Dummy,123,const,0.38697864182662767,0.38697864182662767,0.7739572836532553,1.9348932091331383,3.8697864182662767
cumulative,34,5676,Logistic Regression,123,C=10.0,0.5415213605439019,0.31042725960830975,0.7278983459090127,1.7881878732764764,3.555337085555583
cumulative,34,5676,Random Forest,123,depth=10,0.6431092208961937,0.22440893540962956,0.7685255732789343,1.9195811930100524,3.838007225895249
cumulative,34,5676,XGBoost,123,depth=6,0.5837897108608776,0.31486719846725464,0.7232285496595964,1.7888268980263966,3.564824145304397
cumulative,34,5676,LightGBM,123,leaves=63,0.549988301221087,0.3076750163916713,0.6957750632880281,1.7135202890358099,3.4097623319487798
cumulative,35,6449,Dummy,42,const,0.38697864182662767,0.38697864182662767,0.7739572836532553,1.9348932091331383,3.8697864182662767
cumulative,35,6449,Logistic Regression,42,C=0.1,0.6152889140912765,0.2884477127437649,0.7284390591589451,1.8096689360237914,3.6117187307985352
cumulative,35,6449,Random Forest,42,depth=10,0.6222474448667419,0.23359434847519647,0.7737115049032861,1.9331727578833533,3.865608179516799
cumulative,35,6449,XGBoost,42,depth=9,0.5899849043491459,0.3079043924808502,0.6873940079140758,1.6955538624130557,3.3758202865780222
cumulative,35,6449,LightGBM,42,leaves=31,0.5618763712574223,0.29188578859614067,0.690687443163664,1.701206773662349,3.385405657826824
cumulative,35,6449,Dummy,7,const,0.38697864182662767,0.38697864182662767,0.7739572836532553,1.9348932091331383,3.8697864182662767
cumulative,35,6449,Logistic Regression,7,C=0.1,0.6152889140912765,0.2884477127437649,0.7284390591589451,1.8096689360237914,3.6117187307985352
cumulative,35,6449,Random Forest,7,depth=10,0.6197494932550034,0.22852925931374027,0.7736131934032984,1.932926979133384,3.8651166220168602
cumulative,35,6449,XGBoost,7,depth=9,0.5899849043491459,0.3079043924808502,0.6873940079140758,1.6955538624130557,3.3758202865780222
cumulative,35,6449,LightGBM,7,leaves=31,0.5618763712574223,0.29188578859614067,0.690687443163664,1.701206773662349,3.385405657826824
cumulative,35,6449,Dummy,123,const,0.38697864182662767,0.38697864182662767,0.7739572836532553,1.9348932091331383,3.8697864182662767
cumulative,35,6449,Logistic Regression,123,C=0.1,0.6152889140912765,0.2884477127437649,0.7284390591589451,1.8096689360237914,3.6117187307985352
cumulative,35,6449,Random Forest,123,depth=20,0.5949259714346717,0.24235380142237176,0.7701231351537347,1.9222110256347236,3.8423575097697054
cumulative,35,6449,XGBoost,123,depth=9,0.5899849043491459,0.3079043924808502,0.6873940079140758,1.6955538624130557,3.3758202865780222
cumulative,35,6449,LightGBM,123,leaves=31,0.5618763712574223,0.29188578859614067,0.690687443163664,1.701206773662349,3.385405657826824
cumulative,36,7480,Dummy,42,const,0.38697864182662767,0.38697864182662767,0.7739572836532553,1.9348932091331383,3.8697864182662767
cumulative,36,7480,Logistic Regression,42,C=0.1,0.649245433976654,0.2752743633740197,0.6927765625384029,1.7208444957848945,3.4342910511957134
cumulative,36,7480,Random Forest,42,depth=10,0.6535390107576058,0.23099804125645299,0.7653550274043306,1.9128714331358911,3.8253987760218253
cumulative,36,7480,XGBoost,42,depth=6,0.6033636633963719,0.29103222489356995,0.6716887457910389,1.6588345171676457,3.30407746946199
cumulative,36,7480,LightGBM,42,leaves=15,0.6042892607278394,0.28217249659089577,0.6742202669157225,1.6666011256666748,3.3205692235849287
cumulative,36,7480,Dummy,7,const,0.38697864182662767,0.38697864182662767,0.7739572836532553,1.9348932091331383,3.8697864182662767
cumulative,36,7480,Logistic Regression,7,C=0.1,0.649245433976654,0.2752743633740197,0.6927765625384029,1.7208444957848945,3.4342910511957134
cumulative,36,7480,Random Forest,7,depth=None,0.6160714098908512,0.24660516558544412,0.7600216285299973,1.8970678595128665,3.7921449111509817
cumulative,36,7480,XGBoost,7,depth=6,0.6033636633963719,0.29103222489356995,0.6716887457910389,1.6588345171676457,3.30407746946199
cumulative,36,7480,LightGBM,7,leaves=15,0.6042892607278394,0.28217249659089577,0.6742202669157225,1.6666011256666748,3.3205692235849287
cumulative,36,7480,Dummy,123,const,0.38697864182662767,0.38697864182662767,0.7739572836532553,1.9348932091331383,3.8697864182662767
cumulative,36,7480,Logistic Regression,123,C=0.1,0.649245433976654,0.2752743633740197,0.6927765625384029,1.7208444957848945,3.4342910511957134
cumulative,36,7480,Random Forest,123,depth=20,0.6359742801899071,0.23273138565855075,0.7575638410303045,1.8907021898886622,3.7792661046525917
cumulative,36,7480,XGBoost,123,depth=6,0.6033636633963719,0.29103222489356995,0.6716887457910389,1.6588345171676457,3.30407746946199
cumulative,36,7480,LightGBM,123,leaves=15,0.6042892607278394,0.28217249659089577,0.6742202669157225,1.6666011256666748,3.3205692235849287
cumulative,37,8612,Dummy,42,const,0.38697864182662767,0.38697864182662767,0.7739572836532553,1.9348932091331383,3.8697864182662767
cumulative,37,8612,Logistic Regression,42,C=0.1,0.6483592150751861,0.2562671410629422,0.6378204340452724,1.5751960085531005,3.137488632732814
cumulative,37,8612,Random Forest,42,depth=10,0.6305879296719017,0.23157543048980825,0.77408017302824,1.9340575613832427,3.867353208641581
cumulative,37,8612,XGBoost,42,depth=3,0.6444900568174239,0.27266979217529297,0.6532061837933493,1.6173470641728316,3.224248531471969
cumulative,37,8612,LightGBM,42,leaves=31,0.6034590487258993,0.2839236311046964,0.6395163074200605,1.5726890653034138,3.127976995109003
cumulative,37,8612,Dummy,7,const,0.38697864182662767,0.38697864182662767,0.7739572836532553,1.9348932091331383,3.8697864182662767
cumulative,37,8612,Logistic Regression,7,C=0.1,0.6483592150751861,0.2562671410629422,0.6378204340452724,1.5751960085531005,3.137488632732814
cumulative,37,8612,Random Forest,7,depth=10,0.644318484212463,0.23055262176709876,0.7647160026544105,1.9106102686361737,3.820434045272446
cumulative,37,8612,XGBoost,7,depth=3,0.6444900568174239,0.27266979217529297,0.6532061837933493,1.6173470641728316,3.224248531471969
cumulative,37,8612,LightGBM,7,leaves=31,0.6034590487258993,0.2839236311046964,0.6395163074200605,1.5726890653034138,3.127976995109003
cumulative,37,8612,Dummy,123,const,0.38697864182662767,0.38697864182662767,0.7739572836532553,1.9348932091331383,3.8697864182662767
cumulative,37,8612,Logistic Regression,123,C=0.1,0.6483592150751861,0.2562671410629422,0.6378204340452724,1.5751960085531005,3.137488632732814
cumulative,37,8612,Random Forest,123,depth=10,0.6233598273490374,0.23380346270012373,0.7737606606532799,1.9335905817583012,3.86664045026667
cumulative,37,8612,XGBoost,123,depth=3,0.6444900568174239,0.27266979217529297,0.6532061837933493,1.6173470641728316,3.224248531471969
cumulative,37,8612,LightGBM,123,leaves=31,0.6034590487258993,0.2839236311046964,0.6395163074200605,1.5726890653034138,3.127976995109003
cumulative,38,9983,Dummy,42,const,0.38697864182662767,0.38697864182662767,0.7739572836532553,1.9348932091331383,3.8697864182662767
cumulative,38,9983,Logistic Regression,42,C=10.0,0.5816162560020183,0.27106558463027924,0.7013788187873277,1.7155848305355519,3.405928183449259
cumulative,38,9983,Random Forest,42,depth=None,0.6263534785150506,0.23939230053507096,0.7534347580308206,1.8794209452650723,3.756064590655492
cumulative,38,9983,XGBoost,42,depth=6,0.6252751564365114,0.2840527296066284,0.6522230687934721,1.6112025954235998,3.209501806473812
cumulative,38,9983,LightGBM,42,leaves=63,0.5867549212041121,0.3016988345516989,0.6942758129132155,1.7171823924103522,3.422026691572247
cumulative,38,9983,Dummy,7,const,0.38697864182662767,0.38697864182662767,0.7739572836532553,1.9348932091331383,3.8697864182662767
cumulative,38,9983,Logistic Regression,7,C=10.0,0.5816162560020183,0.27106558463027924,0.7013788187873277,1.7155848305355519,3.405928183449259
cumulative,38,9983,Random Forest,7,depth=None,0.625296654483792,0.24368267563438067,0.7659940521542508,1.9113721827610786,3.820335733772458
cumulative,38,9983,XGBoost,7,depth=6,0.6252751564365114,0.2840527296066284,0.6522230687934721,1.6112025954235998,3.209501806473812
cumulative,38,9983,LightGBM,7,leaves=63,0.5867549212041121,0.3016988345516989,0.6942758129132155,1.7171823924103522,3.422026691572247
cumulative,38,9983,Dummy,123,const,0.38697864182662767,0.38697864182662767,0.7739572836532553,1.9348932091331383,3.8697864182662767
cumulative,38,9983,Logistic Regression,123,C=10.0,0.5816162560020183,0.27106558463027924,0.7013788187873277,1.7155848305355519,3.405928183449259
cumulative,38,9983,Random Forest,123,depth=None,0.6166181931608361,0.24346277120735177,0.76184039127977,1.900582495637427,3.7984860029001895
cumulative,38,9983,XGBoost,123,depth=6,0.6252751564365114,0.2840527296066284,0.6522230687934721,1.6112025954235998,3.209501806473812
cumulative,38,9983,LightGBM,123,leaves=63,0.5867549212041121,0.3016988345516989,0.6942758129132155,1.7171823924103522,3.422026691572247
cumulative,39,11287,Dummy,42,const,0.38697864182662767,0.38697864182662767,0.7739572836532553,1.9348932091331383,3.8697864182662767
cumulative,39,11287,Logistic Regression,42,C=1.0,0.5870330602328304,0.2632969727153208,0.6573844225428269,1.5993314818000837,3.1692432472288448
cumulative,39,11287,Random Forest,42,depth=20,0.6184867800986726,0.24614467438434498,0.7606852311549144,1.8974365276378204,3.7920220217759972
cumulative,39,11287,XGBoost,42,depth=9,0.6491700398069713,0.2792011499404907,0.608032049548996,1.4962272961879717,2.9765527072529308
cumulative,39,11287,LightGBM,42,leaves=31,0.600109295179521,0.28808978148761694,0.6656917442917886,1.6445793496694276,3.276058691965493
cumulative,39,11287,Dummy,7,const,0.38697864182662767,0.38697864182662767,0.7739572836532553,1.9348932091331383,3.8697864182662767
cumulative,39,11287,Logistic Regression,7,C=1.0,0.5870330602328304,0.2632969727153208,0.6573844225428269,1.5993314818000837,3.1692432472288448
cumulative,39,11287,Random Forest,7,depth=None,0.6153028774247328,0.24667654629490351,0.7457173052817854,1.85880010814265,3.713938112910758
cumulative,39,11287,XGBoost,7,depth=9,0.6491700398069713,0.2792011499404907,0.608032049548996,1.4962272961879717,2.9765527072529308
cumulative,39,11287,LightGBM,7,leaves=31,0.600109295179521,0.28808978148761694,0.6656917442917886,1.6445793496694276,3.276058691965493
cumulative,39,11287,Dummy,123,const,0.38697864182662767,0.38697864182662767,0.7739572836532553,1.9348932091331383,3.8697864182662767
cumulative,39,11287,Logistic Regression,123,C=1.0,0.5870330602328304,0.2632969727153208,0.6573844225428269,1.5993314818000837,3.1692432472288448
cumulative,39,11287,Random Forest,123,depth=None,0.6321158242211478,0.24099511353427405,0.7245803327844275,1.8071374148991077,3.6113992184235753
cumulative,39,11287,XGBoost,123,depth=9,0.6491700398069713,0.2792011499404907,0.608032049548996,1.4962272961879717,2.9765527072529308
cumulative,39,11287,LightGBM,123,leaves=31,0.600109295179521,0.28808978148761694,0.6656917442917886,1.6445793496694276,3.276058691965493
cumulative,40,12315,Dummy,42,const,0.38697864182662767,0.38697864182662767,0.7739572836532553,1.9348932091331383,3.8697864182662767
cumulative,40,12315,Logistic Regression,42,C=1.0,0.5965676289646882,0.26220910875123454,0.6377712782952786,1.5525843635559269,3.077272838990341
cumulative,40,12315,Random Forest,42,depth=None,0.6357879692523626,0.24223084415813317,0.73799985253275,1.8402438125199696,3.6773170791653356
cumulative,40,12315,XGBoost,42,depth=3,0.6513681018041644,0.269741415977478,0.638311991545211,1.5795217145525597,3.1482045862314743
cumulative,40,12315,LightGBM,42,leaves=15,0.617255251213191,0.2777779828696893,0.6757686730405289,1.6731634182908546,3.335487993708064
cumulative,40,12315,Dummy,7,const,0.38697864182662767,0.38697864182662767,0.7739572836532553,1.9348932091331383,3.8697864182662767
cumulative,40,12315,Logistic Regression,7,C=1.0,0.5965676289646882,0.26220910875123454,0.6377712782952786,1.5525843635559269,3.077272838990341
cumulative,40,12315,Random Forest,7,depth=20,0.6200685726008297,0.24492553093385735,0.7372870941578391,1.8385725170201785,3.674048221790744
cumulative,40,12315,XGBoost,7,depth=3,0.6513681018041644,0.269741415977478,0.638311991545211,1.5795217145525597,3.1482045862314743
cumulative,40,12315,LightGBM,7,leaves=15,0.617255251213191,0.2777779828696893,0.6757686730405289,1.6731634182908546,3.335487993708064
cumulative,40,12315,Dummy,123,const,0.38697864182662767,0.38697864182662767,0.7739572836532553,1.9348932091331383,3.8697864182662767
cumulative,40,12315,Logistic Regression,123,C=1.0,0.5965676289646882,0.26220910875123454,0.6377712782952786,1.5525843635559269,3.077272838990341
cumulative,40,12315,Random Forest,123,depth=None,0.6355593740538305,0.23610773145723285,0.7296679529087915,1.817607589647799,3.630840317546145
cumulative,40,12315,XGBoost,123,depth=3,0.6513681018041644,0.269741415977478,0.638311991545211,1.5795217145525597,3.1482045862314743
cumulative,40,12315,LightGBM,123,leaves=15,0.617255251213191,0.2777779828696893,0.6757686730405289,1.6731634182908546,3.335487993708064
cumulative,41,13716,Dummy,42,const,0.38697864182662767,0.38697864182662767,0.7739572836532553,1.9348932091331383,3.8697864182662767
cumulative,41,13716,Logistic Regression,42,C=10.0,0.6391845286402075,0.2548110902368093,0.6415071152948116,1.5805785631774276,3.145697642981788
cumulative,41,13716,Random Forest,42,depth=20,0.6241730844047879,0.2398151285397088,0.7258338044092708,1.8083171528989603,3.612456067048443
cumulative,41,13716,XGBoost,42,depth=3,0.6432126118908041,0.2633066773414612,0.6443335709194583,1.590704647676162,3.1679897756040014
cumulative,41,13716,LightGBM,42,leaves=15,0.6423022372906104,0.2667443903200575,0.6611694152923538,1.638656081795168,3.267800525966525
cumulative,41,13716,Dummy,7,const,0.38697864182662767,0.38697864182662767,0.7739572836532553,1.9348932091331383,3.8697864182662767
cumulative,41,13716,Logistic Regression,7,C=10.0,0.6391845286402075,0.2548110902368093,0.6415071152948116,1.5805785631774276,3.145697642981788
cumulative,41,13716,Random Forest,7,depth=None,0.6170431767238973,0.24779596427906736,0.753975471280753,1.8803303266399587,3.7575884189053013
cumulative,41,13716,XGBoost,7,depth=3,0.6432126118908041,0.2633066773414612,0.6443335709194583,1.590704647676162,3.1679897756040014
cumulative,41,13716,LightGBM,7,leaves=15,0.6423022372906104,0.2667443903200575,0.6611694152923538,1.638656081795168,3.267800525966525
cumulative,41,13716,Dummy,123,const,0.38697864182662767,0.38697864182662767,0.7739572836532553,1.9348932091331383,3.8697864182662767
cumulative,41,13716,Logistic Regression,123,C=10.0,0.6391845286402075,0.2548110902368093,0.6415071152948116,1.5805785631774276,3.145697642981788
cumulative,41,13716,Random Forest,123,depth=10,0.6497096329890912,0.23184549683801248,0.7552780986555903,1.8864256396391967,3.771671541278541
cumulative,41,13716,XGBoost,123,depth=3,0.6432126118908041,0.2633066773414612,0.6443335709194583,1.590704647676162,3.1679897756040014
cumulative,41,13716,LightGBM,123,leaves=15,0.6423022372906104,0.2667443903200575,0.6611694152923538,1.638656081795168,3.267800525966525
cumulative,42,14938,Dummy,42,const,0.38697864182662767,0.38697864182662767,0.7739572836532553,1.9348932091331383,3.8697864182662767
cumulative,42,14938,Logistic Regression,42,C=10.0,0.66564464220303,0.23884957875016297,0.5873620566765797,1.4417135694447858,2.865632757391796
cumulative,42,14938,Random Forest,42,depth=20,0.6299722362774035,0.24216932895521293,0.746847887531644,1.8635436380170571,3.724703222159412
cumulative,42,14938,XGBoost,42,depth=3,0.6895910989174265,0.2488711029291153,0.6044191019244476,1.4955636935630545,2.9808046796273993
cumulative,42,14938,LightGBM,42,leaves=15,0.656803423283127,0.2617799021073765,0.6511170644186104,1.6148155430481481,3.2209796740973777
cumulative,42,14938,Dummy,7,const,0.38697864182662767,0.38697864182662767,0.7739572836532553,1.9348932091331383,3.8697864182662767
cumulative,42,14938,Logistic Regression,7,C=10.0,0.66564464220303,0.23884957875016297,0.5873620566765797,1.4417135694447858,2.865632757391796
cumulative,42,14938,Random Forest,7,depth=10,0.6565449652716111,0.2345911915339363,0.7620615921547423,1.9039742423870032,3.807161992774105
cumulative,42,14938,XGBoost,7,depth=3,0.6895910989174265,0.2488711029291153,0.6044191019244476,1.4955636935630545,2.9808046796273993
cumulative,42,14938,LightGBM,7,leaves=15,0.656803423283127,0.2617799021073765,0.6511170644186104,1.6148155430481481,3.2209796740973777
cumulative,42,14938,Dummy,123,const,0.38697864182662767,0.38697864182662767,0.7739572836532553,1.9348932091331383,3.8697864182662767
cumulative,42,14938,Logistic Regression,123,C=10.0,0.66564464220303,0.23884957875016297,0.5873620566765797,1.4417135694447858,2.865632757391796
cumulative,42,14938,Random Forest,123,depth=20,0.6281365006175567,0.23974724858025492,0.7579325091552584,1.890775923513653,3.778848280777644
cumulative,42,14938,XGBoost,123,depth=3,0.6895910989174265,0.2488711029291153,0.6044191019244476,1.4955636935630545,2.9808046796273993
cumulative,42,14938,LightGBM,123,leaves=15,0.656803423283127,0.2617799021073765,0.6511170644186104,1.6148155430481481,3.2209796740973777
cumulative,43,15870,Dummy,42,const,0.38697864182662767,0.38697864182662767,0.7739572836532553,1.9348932091331383,3.8697864182662767
cumulative,43,15870,Logistic Regression,42,C=0.1,0.7005081311830478,0.23165031901936547,0.5694693636788163,1.4036915968245385,2.7940619854007425
cumulative,43,15870,Random Forest,42,depth=20,0.6409000673600368,0.23892228233885088,0.7402855949074643,1.8480595767689925,3.694349546538206
cumulative,43,15870,XGBoost,42,depth=3,0.6692857436186994,0.2579054534435272,0.6323149900459606,1.567552289429056,3.126281121734215
cumulative,43,15870,LightGBM,42,leaves=31,0.6479186406236861,0.2630795913489024,0.6269815911716273,1.5527072529309116,3.095583355863052
cumulative,43,15870,Dummy,7,const,0.38697864182662767,0.38697864182662767,0.7739572836532553,1.9348932091331383,3.8697864182662767
cumulative,43,15870,Logistic Regression,7,C=0.1,0.7005081311830478,0.23165031901936547,0.5694693636788163,1.4036915968245385,2.7940619854007425
cumulative,43,15870,Random Forest,7,depth=10,0.6652720992946743,0.23330028158737995,0.7410966647823629,1.851967458893504,3.7034187824120726
cumulative,43,15870,XGBoost,7,depth=3,0.6692857436186994,0.2579054534435272,0.6323149900459606,1.567552289429056,3.126281121734215
cumulative,43,15870,LightGBM,7,leaves=31,0.6479186406236861,0.2630795913489024,0.6269815911716273,1.5527072529309116,3.095583355863052
cumulative,43,15870,Dummy,123,const,0.38697864182662767,0.38697864182662767,0.7739572836532553,1.9348932091331383,3.8697864182662767
cumulative,43,15870,Logistic Regression,123,C=0.1,0.7005081311830478,0.23165031901936547,0.5694693636788163,1.4036915968245385,2.7940619854007425
cumulative,43,15870,Random Forest,123,depth=None,0.6322979103313913,0.24263069348322291,0.7569248162803844,1.888441025388945,3.7743013739032123
cumulative,43,15870,XGBoost,123,depth=3,0.6692857436186994,0.2579054534435272,0.6323149900459606,1.567552289429056,3.126281121734215
cumulative,43,15870,LightGBM,123,leaves=31,0.6479186406236861,0.2630795913489024,0.6269815911716273,1.5527072529309116,3.095583355863052
cumulative,44,16736,Dummy,42,const,0.38697864182662767,0.38697864182662767,0.7739572836532553,1.9348932091331383,3.8697864182662767
cumulative,44,16736,Logistic Regression,42,C=0.1,0.7033234882683557,0.23998829506946381,0.6061395531742325,1.5015606950623048,2.9939292648757587
cumulative,44,16736,Random Forest,42,depth=10,0.6801792619665445,0.2281971528898408,0.7255388699093076,1.8133310393983335,3.62631798854671
cumulative,44,16736,XGBoost,42,depth=3,0.6697365807902306,0.2700870931148529,0.645783665544277,1.6062378646742204,3.206994863224126
cumulative,44,16736,LightGBM,42,leaves=31,0.642889819231331,0.2706508713906383,0.6791849976651019,1.6843955071644505,3.3597463563300316
cumulative,44,16736,Dummy,7,const,0.38697864182662767,0.38697864182662767,0.7739572836532553,1.9348932091331383,3.8697864182662767
cumulative,44,16736,Logistic Regression,7,C=0.1,0.7033234882683557,0.23998829506946381,0.6061395531742325,1.5015606950623048,2.9939292648757587
cumulative,44,16736,Random Forest,7,depth=20,0.6384916266739611,0.2467009560196527,0.752967778405879,1.8793226337650846,3.7565807260304274
cumulative,44,16736,XGBoost,7,depth=3,0.6697365807902306,0.2700870931148529,0.645783665544277,1.6062378646742204,3.206994863224126
cumulative,44,16736,LightGBM,7,leaves=31,0.642889819231331,0.2706508713906383,0.6791849976651019,1.6843955071644505,3.3597463563300316
cumulative,44,16736,Dummy,123,const,0.38697864182662767,0.38697864182662767,0.7739572836532553,1.9348932091331383,3.8697864182662767
cumulative,44,16736,Logistic Regression,123,C=0.1,0.7033234882683557,0.23998829506946381,0.6061395531742325,1.5015606950623048,2.9939292648757587
cumulative,44,16736,Random Forest,123,depth=10,0.676898968255351,0.23161650780069384,0.7463317521567085,1.864944576891882,3.7292992847838375
cumulative,44,16736,XGBoost,123,depth=3,0.6697365807902306,0.2700870931148529,0.645783665544277,1.6062378646742204,3.206994863224126
cumulative,44,16736,LightGBM,123,leaves=31,0.642889819231331,0.2706508713906383,0.6791849976651019,1.6843955071644505,3.3597463563300316
cumulative,45,17281,Dummy,42,const,0.38697864182662767,0.38697864182662767,0.7739572836532553,1.9348932091331383,3.8697864182662767
cumulative,45,17281,Logistic Regression,42,C=0.1,0.7018666428063056,0.24212576223380872,0.615872391673016,1.5264826603091897,3.0441664413694793
cumulative,45,17281,Random Forest,42,depth=None,0.6548712717616811,0.23856372424213873,0.7229336151596333,1.8045321601494335,3.6071964017991003
cumulative,45,17281,XGBoost,42,depth=6,0.6391454835208248,0.28748926520347595,0.6832895027895888,1.693071497038366,3.3760414874529947
cumulative,45,17281,LightGBM,42,leaves=63,0.6436182153221336,0.2845326870149902,0.6605303905424337,1.6391230614201096,3.270110846216236
cumulative,45,17281,Dummy,7,const,0.38697864182662767,0.38697864182662767,0.7739572836532553,1.9348932091331383,3.8697864182662767
cumulative,45,17281,Logistic Regression,7,C=0.1,0.7018666428063056,0.24212576223380872,0.615872391673016,1.5264826603091897,3.0441664413694793
cumulative,45,17281,Random Forest,7,depth=20,0.6491692886955223,0.2381263762034958,0.7528940447808883,1.879912502765011,3.7582765994052156
cumulative,45,17281,XGBoost,7,depth=6,0.6391454835208248,0.28748926520347595,0.6832895027895888,1.693071497038366,3.3760414874529947
cumulative,45,17281,LightGBM,7,leaves=63,0.6436182153221336,0.2845326870149902,0.6605303905424337,1.6391230614201096,3.270110846216236
cumulative,45,17281,Dummy,123,const,0.38697864182662767,0.38697864182662767,0.7739572836532553,1.9348932091331383,3.8697864182662767
cumulative,45,17281,Logistic Regression,123,C=0.1,0.7018666428063056,0.24212576223380872,0.615872391673016,1.5264826603091897,3.0441664413694793
cumulative,45,17281,Random Forest,123,depth=None,0.6644553925613464,0.2330406319012831,0.7285619485339297,1.8178287905227715,3.6332735271708407
cumulative,45,17281,XGBoost,123,depth=6,0.6391454835208248,0.28748926520347595,0.6832895027895888,1.693071497038366,3.3760414874529947
cumulative,45,17281,LightGBM,123,leaves=63,0.6436182153221336,0.2845326870149902,0.6605303905424337,1.6391230614201096,3.270110846216236
cumulative,46,17702,Dummy,42,const,0.38697864182662767,0.38697864182662767,0.7739572836532553,1.9348932091331383,3.8697864182662767
cumulative,46,17702,Logistic Regression,42,C=0.1,0.6990389771361449,0.24453404060905423,0.6213778356723277,1.5412785410573402,3.0744463833656943
cumulative,46,17702,Random Forest,42,depth=None,0.6546876002516249,0.238982230245343,0.7276771450340404,1.8155430481480572,3.6286528866714183
cumulative,46,17702,XGBoost,42,depth=3,0.676079186250658,0.2642228603363037,0.6431538329196058,1.5986678791751665,3.191191289601101
cumulative,46,17702,LightGBM,42,leaves=15,0.6489188521257189,0.2691001975736002,0.6790866861651141,1.688278811413965,3.370265686828717
cumulative,46,17702,Dummy,7,const,0.38697864182662767,0.38697864182662767,0.7739572836532553,1.9348932091331383,3.8697864182662767
cumulative,46,17702,Logistic Regression,7,C=0.1,0.6990389771361449,0.24453404060905423,0.6213778356723277,1.5412785410573402,3.0744463833656943
cumulative,46,17702,Random Forest,7,depth=None,0.642154479034861,0.24586329739985652,0.7285373706589329,1.8186152825226731,3.6354118022955735
cumulative,46,17702,XGBoost,7,depth=3,0.676079186250658,0.2642228603363037,0.6431538329196058,1.5986678791751665,3.191191289601101
cumulative,46,17702,LightGBM,7,leaves=15,0.6489188521257189,0.2691001975736002,0.6790866861651141,1.688278811413965,3.370265686828717
cumulative,46,17702,Dummy,123,const,0.38697864182662767,0.38697864182662767,0.7739572836532553,1.9348932091331383,3.8697864182662767
cumulative,46,17702,Logistic Regression,123,C=0.1,0.6990389771361449,0.24453404060905423,0.6213778356723277,1.5412785410573402,3.0744463833656943
cumulative,46,17702,Random Forest,123,depth=20,0.6512437233708035,0.2404516448842684,0.734952196033131,1.8343942782707008,3.6667977486666503
cumulative,46,17702,XGBoost,123,depth=3,0.676079186250658,0.2642228603363037,0.6431538329196058,1.5986678791751665,3.191191289601101
cumulative,46,17702,LightGBM,123,leaves=15,0.6489188521257189,0.2691001975736002,0.6790866861651141,1.688278811413965,3.370265686828717
cumulative,47,18386,Dummy,42,const,0.38697864182662767,0.38697864182662767,0.7739572836532553,1.9348932091331383,3.8697864182662767
cumulative,47,18386,Logistic Regression,42,C=0.1,0.6996311066879064,0.2407862589860189,0.6102194804237225,1.5116130459360484,3.013935655123258
cumulative,47,18386,Random Forest,42,depth=10,0.6810223819562726,0.22865887500457852,0.7379261189077593,1.8441516946444811,3.6878609875390174
cumulative,47,18386,XGBoost,42,depth=3,0.6737641981449543,0.2659241855144501,0.6564996190429375,1.6306682724211665,3.254282694718215
cumulative,47,18386,LightGBM,42,leaves=15,0.6474131185757026,0.27471466871817046,0.7083097795364612,1.7612259444048468,3.5160862191854894
cumulative,47,18386,Dummy,7,const,0.38697864182662767,0.38697864182662767,0.7739572836532553,1.9348932091331383,3.8697864182662767
cumulative,47,18386,Logistic Regression,7,C=0.1,0.6996311066879064,0.2407862589860189,0.6102194804237225,1.5116130459360484,3.013935655123258
cumulative,47,18386,Random Forest,7,depth=20,0.6442157949682235,0.24471051492035217,0.740408484282449,1.8478137980190232,3.6934893209133137
cumulative,47,18386,XGBoost,7,depth=3,0.6737641981449543,0.2659241855144501,0.6564996190429375,1.6306682724211665,3.254282694718215
cumulative,47,18386,LightGBM,7,leaves=15,0.6474131185757026,0.27471466871817046,0.7083097795364612,1.7612259444048468,3.5160862191854894
cumulative,47,18386,Dummy,123,const,0.38697864182662767,0.38697864182662767,0.7739572836532553,1.9348932091331383,3.8697864182662767
cumulative,47,18386,Logistic Regression,123,C=0.1,0.6996311066879064,0.2407862589860189,0.6102194804237225,1.5116130459360484,3.013935655123258
cumulative,47,18386,Random Forest,123,depth=10,0.672436255963,0.23613862619281967,0.7454223707818222,1.8627817238921522,3.725047312409369
cumulative,47,18386,XGBoost,123,depth=3,0.6737641981449543,0.2659241855144501,0.6564996190429375,1.6306682724211665,3.254282694718215
cumulative,47,18386,LightGBM,123,leaves=15,0.6474131185757026,0.27471466871817046,0.7083097795364612,1.7612259444048468,3.5160862191854894
cumulative,48,19000,Dummy,42,const,0.38697864182662767,0.38697864182662767,0.7739572836532553,1.9348932091331383,3.8697864182662767
cumulative,48,19000,Logistic Regression,42,C=0.1,0.7016672266206281,0.23936111865474344,0.6127510015484061,1.5176837810602894,3.025905080246762
cumulative,48,19000,Random Forest,42,depth=None,0.6362272133085672,0.24646841647887036,0.7562120579054735,1.8864747953891907,3.7702460245287193
cumulative,48,19000,XGBoost,42,depth=6,0.6422331465130596,0.28244972229003906,0.6785705507901787,1.6814215842898224,3.352839973455895
cumulative,48,19000,LightGBM,42,leaves=15,0.6557949842529963,0.2634536229557499,0.6624966205421879,1.6462506451692187,3.2858406862142697
cumulative,48,19000,Dummy,7,const,0.38697864182662767,0.38697864182662767,0.7739572836532553,1.9348932091331383,3.8697864182662767
cumulative,48,19000,Logistic Regression,7,C=0.1,0.7016672266206281,0.23936111865474344,0.6127510015484061,1.5176837810602894,3.025905080246762
cumulative,48,19000,Random Forest,7,depth=10,0.6854902449302247,0.2280509958956411,0.7303315555337085,1.8252758866468406,3.6501831051687272
cumulative,48,19000,XGBoost,7,depth=6,0.6422331465130596,0.28244972229003906,0.6785705507901787,1.6814215842898224,3.352839973455895
cumulative,48,19000,LightGBM,7,leaves=15,0.6557949842529963,0.2634536229557499,0.6624966205421879,1.6462506451692187,3.2858406862142697
cumulative,48,19000,Dummy,123,const,0.38697864182662767,0.38697864182662767,0.7739572836532553,1.9348932091331383,3.8697864182662767
cumulative,48,19000,Logistic Regression,123,C=0.1,0.7016672266206281,0.23936111865474344,0.6127510015484061,1.5176837810602894,3.025905080246762
cumulative,48,19000,Random Forest,123,depth=None,0.6420584172597369,0.24064649804179394,0.750583724531177,1.8726620296409173,3.742792538157151
cumulative,48,19000,XGBoost,123,depth=6,0.6422331465130596,0.28244972229003906,0.6785705507901787,1.6814215842898224,3.352839973455895
cumulative,48,19000,LightGBM,123,leaves=15,0.6557949842529963,0.2634536229557499,0.6624966205421879,1.6462506451692187,3.2858406862142697
cumulative,49,19845,Dummy,42,const,0.38697864182662767,0.38697864182662767,0.7739572836532553,1.9348932091331383,3.8697864182662767
cumulative,49,19845,Logistic Regression,42,C=0.1,0.7057710127501293,0.24221407990219584,0.6190429375476196,1.5353306953080836,3.0624769582421902
cumulative,49,19845,Random Forest,42,depth=20,0.6481121257973232,0.24478298155096453,0.7460122397817485,1.8620443876422446,3.722097967409738
cumulative,49,19845,XGBoost,42,depth=9,0.6249716620129419,0.3077436089515686,0.7160026544104997,1.7766608499029173,3.544424509056947
cumulative,49,19845,LightGBM,42,leaves=63,0.6402357342364429,0.27845548422112637,0.6615380834173077,1.6404256887949469,3.271905031091012
cumulative,49,19845,Dummy,7,const,0.38697864182662767,0.38697864182662767,0.7739572836532553,1.9348932091331383,3.8697864182662767
cumulative,49,19845,Logistic Regression,7,C=0.1,0.7057710127501293,0.24221407990219584,0.6190429375476196,1.5353306953080836,3.0624769582421902
cumulative,49,19845,Random Forest,7,depth=20,0.649518231530154,0.24197350360142997,0.7262024725342247,1.8121513013984811,3.6220660161722416
cumulative,49,19845,XGBoost,7,depth=9,0.6249716620129419,0.3077436089515686,0.7160026544104997,1.7766608499029173,3.544424509056947
cumulative,49,19845,LightGBM,7,leaves=63,0.6402357342364429,0.27845548422112637,0.6615380834173077,1.6404256887949469,3.271905031091012
cumulative,49,19845,Dummy,123,const,0.38697864182662767,0.38697864182662767,0.7739572836532553,1.9348932091331383,3.8697864182662767
cumulative,49,19845,Logistic Regression,123,C=0.1,0.7057710127501293,0.24221407990219584,0.6190429375476196,1.5353306953080836,3.0624769582421902
cumulative,49,19845,Random Forest,123,depth=None,0.6516753519633047,0.23889356034631987,0.7159289207855088,1.7869098237766363,3.5718779954285154
cumulative,49,19845,XGBoost,123,depth=9,0.6249716620129419,0.3077436089515686,0.7160026544104997,1.7766608499029173,3.544424509056947
cumulative,49,19845,LightGBM,123,leaves=63,0.6402357342364429,0.27845548422112637,0.6615380834173077,1.6404256887949469,3.271905031091012
cumulative,50,20452,Dummy,42,const,0.38697864182662767,0.38697864182662767,0.7739572836532553,1.9348932091331383,3.8697864182662767
cumulative,50,20452,Logistic Regression,42,C=0.1,0.707095327773064,0.24032343713576343,0.6139798952982525,1.5220832206847397,3.0355887629955514
cumulative,50,20452,Random Forest,42,depth=10,0.6902645008609242,0.22572301387533789,0.7475852237815519,1.8684100572664488,3.7364514464079437
cumulative,50,20452,XGBoost,42,depth=3,0.6706169399300375,0.26208990812301636,0.6439403249195075,1.5977584978002801,3.187455452601568
cumulative,50,20452,LightGBM,42,leaves=63,0.6420291078758431,0.273154091363668,0.6606041241674245,1.6370585199203678,3.2644825128419397
cumulative,50,20452,Dummy,7,const,0.38697864182662767,0.38697864182662767,0.7739572836532553,1.9348932091331383,3.8697864182662767
cumulative,50,20452,Logistic Regression,7,C=0.1,0.707095327773064,0.24032343713576343,0.6139798952982525,1.5220832206847397,3.0355887629955514
cumulative,50,20452,Random Forest,7,depth=10,0.6806409623437291,0.229690786342637,0.7295204856588099,1.8232850787720893,3.6462260672942217
cumulative,50,20452,XGBoost,7,depth=3,0.6706169399300375,0.26208990812301636,0.6439403249195075,1.5977584978002801,3.187455452601568
cumulative,50,20452,LightGBM,7,leaves=63,0.6420291078758431,0.273154091363668,0.6606041241674245,1.6370585199203678,3.2644825128419397
cumulative,50,20452,Dummy,123,const,0.38697864182662767,0.38697864182662767,0.7739572836532553,1.9348932091331383,3.8697864182662767
cumulative,50,20452,Logistic Regression,123,C=0.1,0.707095327773064,0.24032343713576343,0.6139798952982525,1.5220832206847397,3.0355887629955514
cumulative,50,20452,Random Forest,123,depth=10,0.6831684801791944,0.2288514404052596,0.709071693661366,1.7717944306535256,3.5429989923071252
cumulative,50,20452,XGBoost,123,depth=3,0.6706169399300375,0.26208990812301636,0.6439403249195075,1.5977584978002801,3.187455452601568
cumulative,50,20452,LightGBM,123,leaves=63,0.6420291078758431,0.273154091363668,0.6606041241674245,1.6370585199203678,3.2644825128419397
cumulative,51,20767,Dummy,42,const,0.38697864182662767,0.38697864182662767,0.7739572836532553,1.9348932091331383,3.8697864182662767
cumulative,51,20767,Logistic Regression,42,C=0.1,0.7114753310189309,0.2334199749581675,0.581143854302357,1.4376336421952958,2.8651166220168602
cumulative,51,20767,Random Forest,42,depth=None,0.6590542694976332,0.23720713651797484,0.7160272322854966,1.7870818689016148,3.5721729299284783
cumulative,51,20767,XGBoost,42,depth=9,0.641259811956238,0.29360634088516235,0.6893356600388331,1.708039422911495,3.405879027699265
cumulative,51,20767,LightGBM,42,leaves=63,0.6300229064169227,0.2852304811728879,0.677464546415317,1.6810529161648684,3.3537001990807873
cumulative,51,20767,Dummy,7,const,0.38697864182662767,0.38697864182662767,0.7739572836532553,1.9348932091331383,3.8697864182662767
cumulative,51,20767,Logistic Regression,7,C=0.1,0.7114753310189309,0.2334199749581675,0.581143854302357,1.4376336421952958,2.8651166220168602
cumulative,51,20767,Random Forest,7,depth=10,0.6844191407462134,0.2308599256766002,0.716936613660383,1.7918253987760218,3.5833067073020866
cumulative,51,20767,XGBoost,7,depth=9,0.641259811956238,0.29360634088516235,0.6893356600388331,1.708039422911495,3.405879027699265
cumulative,51,20767,LightGBM,7,leaves=63,0.6300229064169227,0.2852304811728879,0.677464546415317,1.6810529161648684,3.3537001990807873
cumulative,51,20767,Dummy,123,const,0.38697864182662767,0.38697864182662767,0.7739572836532553,1.9348932091331383,3.8697864182662767
cumulative,51,20767,Logistic Regression,123,C=0.1,0.7114753310189309,0.2334199749581675,0.581143854302357,1.4376336421952958,2.8651166220168602
cumulative,51,20767,Random Forest,123,depth=None,0.6420368883210665,0.24234409970087883,0.7378769631577654,1.8415955956448005,3.681126649789859
cumulative,51,20767,XGBoost,123,depth=9,0.641259811956238,0.29360634088516235,0.6893356600388331,1.708039422911495,3.405879027699265
cumulative,51,20767,LightGBM,123,leaves=63,0.6300229064169227,0.2852304811728879,0.677464546415317,1.6810529161648684,3.3537001990807873
cumulative,52,21257,Dummy,42,const,0.38697864182662767,0.38697864182662767,0.7739572836532553,1.9348932091331383,3.8697864182662767
cumulative,52,21257,Logistic Regression,42,C=0.1,0.7115927770743793,0.23500798667238199,0.5916140290510482,1.4642514808169687,2.918647233760169
cumulative,52,21257,Random Forest,42,depth=10,0.6811527275489729,0.2284828059799582,0.7480030476564996,1.8691965492663505,3.7378523852827685
cumulative,52,21257,XGBoost,42,depth=9,0.6286591335106699,0.29996269941329956,0.6873448521640819,1.7030992700371126,3.396023299825497
cumulative,52,21257,LightGBM,42,leaves=63,0.6396987628688088,0.2852587528673761,0.6860422247892447,1.7035662496620543,3.39943962445007
cumulative,52,21257,Dummy,7,const,0.38697864182662767,0.38697864182662767,0.7739572836532553,1.9348932091331383,3.8697864182662767
cumulative,52,21257,Logistic Regression,7,C=0.1,0.7115927770743793,0.23500798667238199,0.5916140290510482,1.4642514808169687,2.918647233760169
cumulative,52,21257,Random Forest,7,depth=None,0.6510715883424653,0.2392250169382754,0.7365989136579252,1.8384004718951998,3.674736402290658
cumulative,52,21257,XGBoost,7,depth=9,0.6286591335106699,0.29996269941329956,0.6873448521640819,1.7030992700371126,3.396023299825497
cumulative,52,21257,LightGBM,7,leaves=63,0.6396987628688088,0.2852587528673761,0.6860422247892447,1.7035662496620543,3.39943962445007
cumulative,52,21257,Dummy,123,const,0.38697864182662767,0.38697864182662767,0.7739572836532553,1.9348932091331383,3.8697864182662767
cumulative,52,21257,Logistic Regression,123,C=0.1,0.7115927770743793,0.23500798667238199,0.5916140290510482,1.4642514808169687,2.918647233760169
cumulative,52,21257,Random Forest,123,depth=10,0.6852368716400694,0.2270083977842144,0.7452257477818468,1.8623639000172045,3.7242608204094676
cumulative,52,21257,XGBoost,123,depth=9,0.6286591335106699,0.29996269941329956,0.6873448521640819,1.7030992700371126,3.396023299825497
cumulative,52,21257,LightGBM,123,leaves=63,0.6396987628688088,0.2852587528673761,0.6860422247892447,1.7035662496620543,3.39943962445007
cumulative,53,21996,Dummy,42,const,0.38697864182662767,0.38697864182662767,0.7739572836532553,1.9348932091331383,3.8697864182662767
cumulative,53,21996,Logistic Regression,42,C=0.1,0.7122455125607772,0.23621460923269283,0.600511219799936,1.4869368594391328,2.9643129255044607
cumulative,53,21996,Random Forest,42,depth=10,0.6827021981398902,0.22679184132479907,0.6909332219136334,1.7266694521591663,3.4528965025683878
cumulative,53,21996,XGBoost,42,depth=3,0.6597694428390874,0.25965943932533264,0.6418266276697717,1.589303708801337,3.168432177353946
cumulative,53,21996,LightGBM,42,leaves=31,0.6446493858821911,0.2741722525749653,0.7053112787868361,1.7523287536559589,3.49735787843783
cumulative,53,21996,Dummy,7,const,0.38697864182662767,0.38697864182662767,0.7739572836532553,1.9348932091331383,3.8697864182662767
cumulative,53,21996,Logistic Regression,7,C=0.1,0.7122455125607772,0.23621460923269283,0.600511219799936,1.4869368594391328,2.9643129255044607
cumulative,53,21996,Random Forest,7,depth=10,0.6849349393897504,0.23034852832767877,0.7330842775333645,1.832231425270971,3.664143338166982
cumulative,53,21996,XGBoost,7,depth=3,0.6597694428390874,0.25965943932533264,0.6418266276697717,1.589303708801337,3.168432177353946
cumulative,53,21996,LightGBM,7,leaves=31,0.6446493858821911,0.2741722525749653,0.7053112787868361,1.7523287536559589,3.49735787843783
cumulative,53,21996,Dummy,123,const,0.38697864182662767,0.38697864182662767,0.7739572836532553,1.9348932091331383,3.8697864182662767
cumulative,53,21996,Logistic Regression,123,C=0.1,0.7122455125607772,0.23621460923269283,0.600511219799936,1.4869368594391328,2.9643129255044607
cumulative,53,21996,Random Forest,123,depth=10,0.6929132178974499,0.22817808018237792,0.7561629021554797,1.8898173863887728,3.7792415267775947
cumulative,53,21996,XGBoost,123,depth=3,0.6597694428390874,0.25965943932533264,0.6418266276697717,1.589303708801337,3.168432177353946
cumulative,53,21996,LightGBM,123,leaves=31,0.6446493858821911,0.2741722525749653,0.7053112787868361,1.7523287536559589,3.49735787843783
cumulative,54,22223,Dummy,42,const,0.38697864182662767,0.38697864182662767,0.7739572836532553,1.9348932091331383,3.8697864182662767
cumulative,54,22223,Logistic Regression,42,C=0.1,0.7129644135479011,0.24003048012824132,0.6176911544227887,1.5324305060584462,3.0569960921178754
cumulative,54,22223,Random Forest,42,depth=20,0.6578441046688591,0.243020811299411,0.7235726399095535,1.8056873202742891,3.6092117875488485
cumulative,54,22223,XGBoost,42,depth=3,0.6873699539274268,0.2531518340110779,0.6307665839211541,1.5658564160542678,3.1243394696094575
cumulative,54,22223,LightGBM,42,leaves=63,0.6702156751010931,0.2729675787040758,0.6449971735443754,1.5989628136751297,3.188905547226387
cumulative,54,22223,Dummy,7,const,0.38697864182662767,0.38697864182662767,0.7739572836532553,1.9348932091331383,3.8697864182662767
cumulative,54,22223,Logistic Regression,7,C=0.1,0.7129644135479011,0.24003048012824132,0.6176911544227887,1.5324305060584462,3.0569960921178754
cumulative,54,22223,Random Forest,7,depth=10,0.6928308120284618,0.22727718026272575,0.7004940152874383,1.7504608351561923,3.500405534937449
cumulative,54,22223,XGBoost,7,depth=3,0.6873699539274268,0.2531518340110779,0.6307665839211541,1.5658564160542678,3.1243394696094575
cumulative,54,22223,LightGBM,7,leaves=63,0.6702156751010931,0.2729675787040758,0.6449971735443754,1.5989628136751297,3.188905547226387
cumulative,54,22223,Dummy,123,const,0.38697864182662767,0.38697864182662767,0.7739572836532553,1.9348932091331383,3.8697864182662767
cumulative,54,22223,Logistic Regression,123,C=0.1,0.7129644135479011,0.24003048012824132,0.6176911544227887,1.5324305060584462,3.0569960921178754
cumulative,54,22223,Random Forest,123,depth=10,0.6981030905301125,0.22482439508672775,0.7065401725366824,1.765871162779266,3.531422813183572
cumulative,54,22223,XGBoost,123,depth=3,0.6873699539274268,0.2531518340110779,0.6307665839211541,1.5658564160542678,3.1243394696094575
cumulative,54,22223,LightGBM,123,leaves=63,0.6702156751010931,0.2729675787040758,0.6449971735443754,1.5989628136751297,3.188905547226387
cumulative,55,22620,Dummy,42,const,0.38697864182662767,0.38697864182662767,0.7739572836532553,1.9348932091331383,3.8697864182662767
cumulative,55,22620,Logistic Regression,42,C=0.1,0.7169147640555606,0.2209586285884012,0.5414997419323125,1.330375795708703,2.645169218669354
cumulative,55,22620,Random Forest,42,depth=10,0.7013172100592765,0.2241414677796378,0.7074495539115688,1.7681814830289773,3.5360680315579915
cumulative,55,22620,XGBoost,42,depth=3,0.7171177128220765,0.24154727160930634,0.5981517438002311,1.4827340428146583,2.9570378745053705
cumulative,55,22620,LightGBM,42,leaves=63,0.6768596562749845,0.2659781382058886,0.6435225010445597,1.594096394425738,3.1783862167277017
cumulative,55,22620,Dummy,7,const,0.38697864182662767,0.38697864182662767,0.7739572836532553,1.9348932091331383,3.8697864182662767
cumulative,55,22620,Logistic Regression,7,C=0.1,0.7169147640555606,0.2209586285884012,0.5414997419323125,1.330375795708703,2.645169218669354
cumulative,55,22620,Random Forest,7,depth=10,0.7074618754297043,0.22300792194984376,0.7086538697864183,1.7712291395285964,3.5421879224322264
cumulative,55,22620,XGBoost,7,depth=3,0.7171177128220765,0.24154727160930634,0.5981517438002311,1.4827340428146583,2.9570378745053705
cumulative,55,22620,LightGBM,7,leaves=63,0.6768596562749845,0.2659781382058886,0.6435225010445597,1.594096394425738,3.1783862167277017
cumulative,55,22620,Dummy,123,const,0.38697864182662767,0.38697864182662767,0.7739572836532553,1.9348932091331383,3.8697864182662767
cumulative,55,22620,Logistic Regression,123,C=0.1,0.7169147640555606,0.2209586285884012,0.5414997419323125,1.330375795708703,2.645169218669354
cumulative,55,22620,Random Forest,123,depth=20,0.6758931891051911,0.2353760073095389,0.7263745176592031,1.8126182810234228,3.623024553297122
cumulative,55,22620,XGBoost,123,depth=3,0.7171177128220765,0.24154727160930634,0.5981517438002311,1.4827340428146583,2.9570378745053705
cumulative,55,22620,LightGBM,123,leaves=63,0.6768596562749845,0.2659781382058886,0.6435225010445597,1.594096394425738,3.1783862167277017
cumulative,56,23069,Dummy,42,const,0.38697864182662767,0.38697864182662767,0.7739572836532553,1.9348932091331383,3.8697864182662767
cumulative,56,23069,Logistic Regression,42,C=0.1,0.7264618074946287,0.21261446223918656,0.5248605205593925,1.2860864649642392,2.5547963723056504
cumulative,56,23069,Random Forest,42,depth=10,0.7230098481614033,0.21489922960074415,0.702632290412171,1.7562857915304644,3.5123749600609533
cumulative,56,23069,XGBoost,42,depth=3,0.7066590882000492,0.2280745953321457,0.6100965910487379,1.5111214884361097,3.0128296507483965
cumulative,56,23069,LightGBM,42,leaves=63,0.6641217928368099,0.2610581610626891,0.6493228795438346,1.6070489345491188,3.203259026224593
cumulative,56,23069,Dummy,7,const,0.38697864182662767,0.38697864182662767,0.7739572836532553,1.9348932091331383,3.8697864182662767
cumulative,56,23069,Logistic Regression,7,C=0.1,0.7264618074946287,0.21261446223918656,0.5248605205593925,1.2860864649642392,2.5547963723056504
cumulative,56,23069,Random Forest,7,depth=10,0.7109938798230884,0.22106501481562987,0.7409983532823752,1.8522378155184702,3.704303585911962
cumulative,56,23069,XGBoost,7,depth=3,0.7066590882000492,0.2280745953321457,0.6100965910487379,1.5111214884361097,3.0128296507483965
cumulative,56,23069,LightGBM,7,leaves=63,0.6641217928368099,0.2610581610626891,0.6493228795438346,1.6070489345491188,3.203259026224593
cumulative,56,23069,Dummy,123,const,0.38697864182662767,0.38697864182662767,0.7739572836532553,1.9348932091331383,3.8697864182662767
cumulative,56,23069,Logistic Regression,123,C=0.1,0.7264618074946287,0.21261446223918656,0.5248605205593925,1.2860864649642392,2.5547963723056504
cumulative,56,23069,Random Forest,123,depth=10,0.7064841361824852,0.22180903934574767,0.7227369921596579,1.8065475458991815,3.6128984687983876
cumulative,56,23069,XGBoost,123,depth=3,0.7066590882000492,0.2280745953321457,0.6100965910487379,1.5111214884361097,3.0128296507483965
cumulative,56,23069,LightGBM,123,leaves=63,0.6641217928368099,0.2610581610626891,0.6493228795438346,1.6070489345491188,3.203259026224593
cumulative,57,23642,Dummy,42,const,0.38697864182662767,0.38697864182662767,0.7739572836532553,1.9348932091331383,3.8697864182662767
cumulative,57,23642,Logistic Regression,42,C=0.1,0.7328675262384331,0.199456491396341,0.5034286135620715,1.2182023742227246,2.4094919753238133
cumulative,57,23642,Random Forest,42,depth=None,0.6929504864769145,0.22361414278655084,0.7058274141617715,1.7608818541548898,3.519305920810087
cumulative,57,23642,XGBoost,42,depth=3,0.7153136938951788,0.22011590003967285,0.5824464816771941,1.4340698503207412,2.8534421313933196
cumulative,57,23642,LightGBM,42,leaves=31,0.6990599391540911,0.2285905280397274,0.6319708997960036,1.563742718804532,3.116695750485413
cumulative,57,23642,Dummy,7,const,0.38697864182662767,0.38697864182662767,0.7739572836532553,1.9348932091331383,3.8697864182662767
cumulative,57,23642,Logistic Regression,7,C=0.1,0.7328675262384331,0.199456491396341,0.5034286135620715,1.2182023742227246,2.4094919753238133
cumulative,57,23642,Random Forest,7,depth=10,0.7279354847155116,0.2131411721651678,0.7147983385356502,1.786664045026667,3.5731068891783617
cumulative,57,23642,XGBoost,7,depth=3,0.7153136938951788,0.22011590003967285,0.5824464816771941,1.4340698503207412,2.8534421313933196
cumulative,57,23642,LightGBM,7,leaves=31,0.6990599391540911,0.2285905280397274,0.6319708997960036,1.563742718804532,3.116695750485413
cumulative,57,23642,Dummy,123,const,0.38697864182662767,0.38697864182662767,0.7739572836532553,1.9348932091331383,3.8697864182662767
cumulative,57,23642,Logistic Regression,123,C=0.1,0.7328675262384331,0.199456491396341,0.5034286135620715,1.2182023742227246,2.4094919753238133
cumulative,57,23642,Random Forest,123,depth=10,0.7196833767289623,0.2153833641906234,0.7113574360360804,1.7782092560277238,3.556295622680463
cumulative,57,23642,XGBoost,123,depth=3,0.7153136938951788,0.22011590003967285,0.5824464816771941,1.4340698503207412,2.8534421313933196
cumulative,57,23642,LightGBM,123,leaves=31,0.6990599391540911,0.2285905280397274,0.6319708997960036,1.563742718804532,3.116695750485413
cumulative,58,24211,Dummy,42,const,0.38697864182662767,0.38697864182662767,0.7739572836532553,1.9348932091331383,3.8697864182662767
cumulative,58,24211,Logistic Regression,42,C=0.1,0.7367156588723333,0.19282323696557035,0.4975299235628088,1.1989578981001303,2.3680045223289996
cumulative,58,24211,Random Forest,42,depth=10,0.7256216258156389,0.2113533802734315,0.7150686951606164,1.7875242706515595,3.574950229803131
cumulative,58,24211,XGBoost,42,depth=3,0.6942284697968301,0.2280011922121048,0.6222872170472141,1.5367316341829085,3.0608056627423994
cumulative,58,24211,LightGBM,42,leaves=31,0.6922866634224466,0.22999438211070378,0.6344532651706933,1.5695430973038071,3.1280261508589966
cumulative,58,24211,Dummy,7,const,0.38697864182662767,0.38697864182662767,0.7739572836532553,1.9348932091331383,3.8697864182662767
cumulative,58,24211,Logistic Regression,7,C=0.1,0.7367156588723333,0.19282323696557035,0.4975299235628088,1.1989578981001303,2.3680045223289996
cumulative,58,24211,Random Forest,7,depth=10,0.7334189351905165,0.211295276607869,0.7001990807874752,1.7504608351561923,3.5008970924373877
cumulative,58,24211,XGBoost,7,depth=3,0.6942284697968301,0.2280011922121048,0.6222872170472141,1.5367316341829085,3.0608056627423994
cumulative,58,24211,LightGBM,7,leaves=31,0.6922866634224466,0.22999438211070378,0.6344532651706933,1.5695430973038071,3.1280261508589966
cumulative,58,24211,Dummy,123,const,0.38697864182662767,0.38697864182662767,0.7739572836532553,1.9348932091331383,3.8697864182662767
cumulative,58,24211,Logistic Regression,123,C=0.1,0.7367156588723333,0.19282323696557035,0.4975299235628088,1.1989578981001303,2.3680045223289996
cumulative,58,24211,Random Forest,123,depth=10,0.7185110381036699,0.2161356733101976,0.7071054636616119,1.7676899255290388,3.5353306953080836
cumulative,58,24211,XGBoost,123,depth=3,0.6942284697968301,0.2280011922121048,0.6222872170472141,1.5367316341829085,3.0608056627423994
cumulative,58,24211,LightGBM,123,leaves=31,0.6922866634224466,0.22999438211070378,0.6344532651706933,1.5695430973038071,3.1280261508589966
cumulative,59,24907,Dummy,42,const,0.38697864182662767,0.38697864182662767,0.7739572836532553,1.9348932091331383,3.8697864182662767
cumulative,59,24907,Logistic Regression,42,C=0.1,0.7403264586039748,0.18255644836169557,0.4731732494408533,1.1215130139848108,2.20207928822474
cumulative,59,24907,Random Forest,42,depth=10,0.7265118201187089,0.21325917183751875,0.7130778872858653,1.782510384152186,3.5648978789293877
cumulative,59,24907,XGBoost,42,depth=3,0.7050773078947996,0.2252456694841385,0.605647995674294,1.497751124437781,2.9845896723769263
cumulative,59,24907,LightGBM,42,leaves=31,0.7026587309761517,0.2194191946362927,0.6259984761717502,1.546415316931698,3.0804433848649446
cumulative,59,24907,Dummy,7,const,0.38697864182662767,0.38697864182662767,0.7739572836532553,1.9348932091331383,3.8697864182662767
cumulative,59,24907,Logistic Regression,7,C=0.1,0.7403264586039748,0.18255644836169557,0.4731732494408533,1.1215130139848108,2.20207928822474
cumulative,59,24907,Random Forest,7,depth=10,0.7287602889754569,0.21314164367819835,0.7242116646594735,1.8103079607737116,3.6204684542974412
cumulative,59,24907,XGBoost,7,depth=3,0.7050773078947996,0.2252456694841385,0.605647995674294,1.497751124437781,2.9845896723769263
cumulative,59,24907,LightGBM,7,leaves=31,0.7026587309761517,0.2194191946362927,0.6259984761717502,1.546415316931698,3.0804433848649446
cumulative,59,24907,Dummy,123,const,0.38697864182662767,0.38697864182662767,0.7739572836532553,1.9348932091331383,3.8697864182662767
cumulative,59,24907,Logistic Regression,123,C=0.1,0.7403264586039748,0.18255644836169557,0.4731732494408533,1.1215130139848108,2.20207928822474
cumulative,59,24907,Random Forest,123,depth=10,0.7289293881957262,0.21277043716037952,0.7165925234104259,1.7911863740261018,3.582176125052228
cumulative,59,24907,XGBoost,123,depth=3,0.7050773078947996,0.2252456694841385,0.605647995674294,1.497751124437781,2.9845896723769263
cumulative,59,24907,LightGBM,123,leaves=31,0.7026587309761517,0.2194191946362927,0.6259984761717502,1.546415316931698,3.0804433848649446
cumulative,60,25856,Dummy,42,const,0.38697864182662767,0.38697864182662767,0.7739572836532553,1.9348932091331383,3.8697864182662767
cumulative,60,25856,Logistic Regression,42,C=0.1,0.7426960368085974,0.17969435511668905,0.4304814805711898,0.9599626416300047,1.842431243394696
cumulative,60,25856,Random Forest,42,depth=10,0.7391406838613206,0.20752100626969447,0.6973480472878315,1.7432595177820926,3.4864453019391943
cumulative,60,25856,XGBoost,42,depth=3,0.7364810123753625,0.21692000329494476,0.5934819475508147,1.4644972595669379,2.9161894462604763
cumulative,60,25856,LightGBM,42,leaves=15,0.7180560242437178,0.21260566513962167,0.6222380612972203,1.5408115614323985,3.071767394991029
cumulative,60,25856,Dummy,7,const,0.38697864182662767,0.38697864182662767,0.7739572836532553,1.9348932091331383,3.8697864182662767
cumulative,60,25856,Logistic Regression,7,C=0.1,0.7426960368085974,0.17969435511668905,0.4304814805711898,0.9599626416300047,1.842431243394696
cumulative,60,25856,Random Forest,7,depth=10,0.742053928342039,0.20783711941782254,0.7075478654115566,1.7687959299039004,3.5375427040578074
cumulative,60,25856,XGBoost,7,depth=3,0.7364810123753625,0.21692000329494476,0.5934819475508147,1.4644972595669379,2.9161894462604763
cumulative,60,25856,LightGBM,7,leaves=15,0.7180560242437178,0.21260566513962167,0.6222380612972203,1.5408115614323985,3.071767394991029
cumulative,60,25856,Dummy,123,const,0.38697864182662767,0.38697864182662767,0.7739572836532553,1.9348932091331383,3.8697864182662767
cumulative,60,25856,Logistic Regression,123,C=0.1,0.7426960368085974,0.17969435511668905,0.4304814805711898,0.9599626416300047,1.842431243394696
cumulative,60,25856,Random Forest,123,depth=10,0.7399145781775034,0.20742334773188503,0.7057782584117778,1.764224445154472,3.5283014230589624
cumulative,60,25856,XGBoost,123,depth=3,0.7364810123753625,0.21692000329494476,0.5934819475508147,1.4644972595669379,2.9161894462604763
cumulative,60,25856,LightGBM,123,leaves=15,0.7180560242437178,0.21260566513962167,0.6222380612972203,1.5408115614323985,3.071767394991029
cumulative,61,26849,Dummy,42,const,0.38697864182662767,0.38697864182662767,0.7739572836532553,1.9348932091331383,3.8697864182662767
cumulative,61,26849,Logistic Regression,42,C=0.1,0.7467249066804986,0.17948391529176944,0.41892987932263376,0.9192125248850984,1.7530169341558728
cumulative,61,26849,Random Forest,42,depth=10,0.7455359619935623,0.20469308858031396,0.6862142699142232,1.715240740285595,3.4302848575712144
cumulative,61,26849,XGBoost,42,depth=3,0.7261529181781791,0.21644549071788788,0.6050827045493646,1.4989554403126306,2.9887433332514073
cumulative,61,26849,LightGBM,42,leaves=15,0.7313553297388303,0.2115615937880679,0.5931132794258609,1.4688475434413941,2.9284046501339493
cumulative,61,26849,Dummy,7,const,0.38697864182662767,0.38697864182662767,0.7739572836532553,1.9348932091331383,3.8697864182662767
cumulative,61,26849,Logistic Regression,7,C=0.1,0.7467249066804986,0.17948391529176944,0.41892987932263376,0.9192125248850984,1.7530169341558728
cumulative,61,26849,Random Forest,7,depth=10,0.7368566771394569,0.20914854492455826,0.6854277779143215,1.7133482439108314,3.4265490205716813
cumulative,61,26849,XGBoost,7,depth=3,0.7261529181781791,0.21644549071788788,0.6050827045493646,1.4989554403126306,2.9887433332514073
cumulative,61,26849,LightGBM,7,leaves=15,0.7313553297388303,0.2115615937880679,0.5931132794258609,1.4688475434413941,2.9284046501339493
cumulative,61,26849,Dummy,123,const,0.38697864182662767,0.38697864182662767,0.7739572836532553,1.9348932091331383,3.8697864182662767
cumulative,61,26849,Logistic Regression,123,C=0.1,0.7467249066804986,0.17948391529176944,0.41892987932263376,0.9192125248850984,1.7530169341558728
cumulative,61,26849,Random Forest,123,depth=10,0.7339667806901726,0.20922311353256537,0.6883771229139528,1.7208690736598913,3.441688991569789
cumulative,61,26849,XGBoost,123,depth=3,0.7261529181781791,0.21644549071788788,0.6050827045493646,1.4989554403126306,2.9887433332514073
cumulative,61,26849,LightGBM,123,leaves=15,0.7313553297388303,0.2115615937880679,0.5931132794258609,1.4688475434413941,2.9284046501339493
cumulative,62,27845,Dummy,42,const,0.38697864182662767,0.38697864182662767,0.7739572836532553,1.9348932091331383,3.8697864182662767
cumulative,62,27845,Logistic Regression,42,C=0.1,0.7499181470223921,0.175493531431513,0.4216826013222897,0.9373018408828373,1.7966672401504167
cumulative,62,27845,Random Forest,42,depth=10,0.742815734369935,0.2050810594458719,0.6761373411654829,1.6900484184137439,3.3799002138275123
cumulative,62,27845,XGBoost,42,depth=6,0.6937384852758248,0.24421760439872742,0.6391722171701034,1.5829626170521296,3.155946616855507
cumulative,62,27845,LightGBM,42,leaves=31,0.7114685279617388,0.2241852002378533,0.6229508196721312,1.543736328557033,3.078378843365203
cumulative,62,27845,Dummy,7,const,0.38697864182662767,0.38697864182662767,0.7739572836532553,1.9348932091331383,3.8697864182662767
cumulative,62,27845,Logistic Regression,7,C=0.1,0.7499181470223921,0.175493531431513,0.4216826013222897,0.9373018408828373,1.7966672401504167
cumulative,62,27845,Random Forest,7,depth=10,0.733411373251667,0.20938198129208305,0.6785459729151817,1.6959962641630004,3.391746749576032
cumulative,62,27845,XGBoost,7,depth=6,0.6937384852758248,0.24421760439872742,0.6391722171701034,1.5829626170521296,3.155946616855507
cumulative,62,27845,LightGBM,7,leaves=31,0.7114685279617388,0.2241852002378533,0.6229508196721312,1.543736328557033,3.078378843365203
cumulative,62,27845,Dummy,123,const,0.38697864182662767,0.38697864182662767,0.7739572836532553,1.9348932091331383,3.8697864182662767
cumulative,62,27845,Logistic Regression,123,C=0.1,0.7499181470223921,0.175493531431513,0.4216826013222897,0.9373018408828373,1.7966672401504167
cumulative,62,27845,Random Forest,123,depth=10,0.74024205459174,0.2061897553396464,0.6772187676653476,1.6929731855383783,3.385897215326763
cumulative,62,27845,XGBoost,123,depth=6,0.6937384852758248,0.24421760439872742,0.6391722171701034,1.5829626170521296,3.155946616855507
cumulative,62,27845,LightGBM,123,leaves=31,0.7114685279617388,0.2241852002378533,0.6229508196721312,1.543736328557033,3.078378843365203
cumulative,63,28872,Dummy,42,const,0.38697864182662767,0.38697864182662767,0.7739572836532553,1.9348932091331383,3.8697864182662767
cumulative,63,28872,Logistic Regression,42,C=1.0,0.7474098252850264,0.18145324020153464,0.402855949074643,0.8622901663922137,1.6280138619214983
cumulative,63,28872,Random Forest,42,depth=None,0.7249890794935356,0.20871506315618502,0.6826259001646717,1.703615405412048,3.405264580824342
cumulative,63,28872,XGBoost,42,depth=9,0.701208357330548,0.24690866470336914,0.6123085997984614,1.5070661390616167,2.9983287045002087
cumulative,63,28872,LightGBM,42,leaves=31,0.7336531428684515,0.2130388523927191,0.5940963944257379,1.4686509204414187,2.9262417971342196
cumulative,63,28872,Dummy,7,const,0.38697864182662767,0.38697864182662767,0.7739572836532553,1.9348932091331383,3.8697864182662767
cumulative,63,28872,Logistic Regression,7,C=1.0,0.7474098252850264,0.18145324020153464,0.402855949074643,0.8622901663922137,1.6280138619214983
cumulative,63,28872,Random Forest,7,depth=None,0.7246844954217694,0.21019235347819845,0.6742202669157225,1.682896256789638,3.364022906579497
cumulative,63,28872,XGBoost,7,depth=9,0.701208357330548,0.24690866470336914,0.6123085997984614,1.5070661390616167,2.9983287045002087
cumulative,63,28872,LightGBM,7,leaves=31,0.7336531428684515,0.2130388523927191,0.5940963944257379,1.4686509204414187,2.9262417971342196
cumulative,63,28872,Dummy,123,const,0.38697864182662767,0.38697864182662767,0.7739572836532553,1.9348932091331383,3.8697864182662767
cumulative,63,28872,Logistic Regression,123,C=1.0,0.7474098252850264,0.18145324020153464,0.402855949074643,0.8622901663922137,1.6280138619214983
cumulative,63,28872,Random Forest,123,depth=20,0.7224245546376924,0.2126589259673011,0.7028534912871434,1.7548848526556393,3.5082704549364663
cumulative,63,28872,XGBoost,123,depth=9,0.701208357330548,0.24690866470336914,0.6123085997984614,1.5070661390616167,2.9983287045002087
cumulative,63,28872,LightGBM,123,leaves=31,0.7336531428684515,0.2130388523927191,0.5940963944257379,1.4686509204414187,2.9262417971342196
cumulative,64,29771,Dummy,42,const,0.38697864182662767,0.38697864182662767,0.7739572836532553,1.9348932091331383,3.8697864182662767
cumulative,64,29771,Logistic Regression,42,C=1.0,0.7484613144264558,0.19065621100708605,0.389583896576302,0.7869344016516332,1.449185243443852
cumulative,64,29771,Random Forest,42,depth=10,0.7434030401703488,0.20495966255245732,0.7115786369110527,1.7787253914026593,3.557303315555337
cumulative,64,29771,XGBoost,42,depth=6,0.6832093487679834,0.24551254510879517,0.6435716567945535,1.5894265981763216,3.1658515004792687
cumulative,64,29771,LightGBM,42,leaves=31,0.7308467920768125,0.21145264405209066,0.5929903900508762,1.4649642391918796,2.918253987760218
cumulative,64,29771,Dummy,7,const,0.38697864182662767,0.38697864182662767,0.7739572836532553,1.9348932091331383,3.8697864182662767
cumulative,64,29771,Logistic Regression,7,C=1.0,0.7484613144264558,0.19065621100708605,0.389583896576302,0.7869344016516332,1.449185243443852
cumulative,64,29771,Random Forest,7,depth=10,0.7531831550692873,0.2025776863606884,0.7022390444122201,1.7554501437805687,3.51080197606115
cumulative,64,29771,XGBoost,7,depth=6,0.6832093487679834,0.24551254510879517,0.6435716567945535,1.5894265981763216,3.1658515004792687
cumulative,64,29771,LightGBM,7,leaves=31,0.7308467920768125,0.21145264405209066,0.5929903900508762,1.4649642391918796,2.918253987760218
cumulative,64,29771,Dummy,123,const,0.38697864182662767,0.38697864182662767,0.7739572836532553,1.9348932091331383,3.8697864182662767
cumulative,64,29771,Logistic Regression,123,C=1.0,0.7484613144264558,0.19065621100708605,0.389583896576302,0.7869344016516332,1.449185243443852
cumulative,64,29771,Random Forest,123,depth=20,0.7282153145523744,0.20962632842519202,0.7026814461621648,1.7539754712807532,3.5061321798117335
cumulative,64,29771,XGBoost,123,depth=6,0.6832093487679834,0.24551254510879517,0.6435716567945535,1.5894265981763216,3.1658515004792687
cumulative,64,29771,LightGBM,123,leaves=31,0.7308467920768125,0.21145264405209066,0.5929903900508762,1.4649642391918796,2.918253987760218
cumulative,65,30821,Dummy,42,const,0.38697864182662767,0.38697864182662767,0.7739572836532553,1.9348932091331383,3.8697864182662767
cumulative,65,30821,Logistic Regression,42,C=1.0,0.7517263485679754,0.18430923787325512,0.38923980632634503,0.8042863813994642,1.4960306731879962
cumulative,65,30821,Random Forest,42,depth=None,0.727870378956067,0.20774028467371305,0.6830437240396195,1.704696831911913,3.4074520116990685
cumulative,65,30821,XGBoost,42,depth=6,0.7127701522396597,0.22484257817268372,0.6031410524246074,1.489271757563841,2.9661562661292304
cumulative,65,30821,LightGBM,42,leaves=31,0.7391023457030024,0.2078686196865503,0.582151547177231,1.4373878634453265,2.8627817238921525
cumulative,65,30821,Dummy,7,const,0.38697864182662767,0.38697864182662767,0.7739572836532553,1.9348932091331383,3.8697864182662767
cumulative,65,30821,Logistic Regression,7,C=1.0,0.7517263485679754,0.18430923787325512,0.38923980632634503,0.8042863813994642,1.4960306731879962
cumulative,65,30821,Random Forest,7,depth=10,0.7550583812681503,0.20005064696155406,0.7015262860373093,1.7534839137808145,3.5067466266866565
cumulative,65,30821,XGBoost,7,depth=6,0.7127701522396597,0.22484257817268372,0.6031410524246074,1.489271757563841,2.9661562661292304
cumulative,65,30821,LightGBM,7,leaves=31,0.7391023457030024,0.2078686196865503,0.582151547177231,1.4373878634453265,2.8627817238921525
cumulative,65,30821,Dummy,123,const,0.38697864182662767,0.38697864182662767,0.7739572836532553,1.9348932091331383,3.8697864182662767
cumulative,65,30821,Logistic Regression,123,C=1.0,0.7517263485679754,0.18430923787325512,0.38923980632634503,0.8042863813994642,1.4960306731879962
cumulative,65,30821,Random Forest,123,depth=10,0.752326334556668,0.20042379407602573,0.6737778651657778,1.684223462039472,3.3682994568289626
cumulative,65,30821,XGBoost,123,depth=6,0.7127701522396597,0.22484257817268372,0.6031410524246074,1.489271757563841,2.9661562661292304
cumulative,65,30821,LightGBM,123,leaves=31,0.7391023457030024,0.2078686196865503,0.582151547177231,1.4373878634453265,2.8627817238921525
cumulative,66,32162,Dummy,42,const,0.38697864182662767,0.38697864182662767,0.7739572836532553,1.9348932091331383,3.8697864182662767
cumulative,66,32162,Logistic Regression,42,C=1.0,0.7491547273318548,0.212581066531193,0.3672180303290977,0.655663971293042,1.136407206232949
cumulative,66,32162,Random Forest,42,depth=10,0.7677137869182208,0.18997417083941,0.6497652812937793,1.6241551355469805,3.2481382259689826
cumulative,66,32162,XGBoost,42,depth=6,0.7417509669016884,0.2081943303346634,0.5498316415562711,1.3524221495809472,2.690072996288741
cumulative,66,32162,LightGBM,42,leaves=31,0.74308311817965,0.2007027388540649,0.5562218890554723,1.3712733797035908,2.7296925307837885
cumulative,66,32162,Dummy,7,const,0.38697864182662767,0.38697864182662767,0.7739572836532553,1.9348932091331383,3.8697864182662767
cumulative,66,32162,Logistic Regression,7,C=1.0,0.7491547273318548,0.212581066531193,0.3672180303290977,0.655663971293042,1.136407206232949
cumulative,66,32162,Random Forest,7,depth=10,0.7574203426971716,0.1973043063049192,0.6661833017917271,1.6653476540418315,3.3306215744586725
cumulative,66,32162,XGBoost,7,depth=6,0.7417509669016884,0.2081943303346634,0.5498316415562711,1.3524221495809472,2.690072996288741
cumulative,66,32162,LightGBM,7,leaves=31,0.74308311817965,0.2007027388540649,0.5562218890554723,1.3712733797035908,2.7296925307837885
cumulative,66,32162,Dummy,123,const,0.38697864182662767,0.38697864182662767,0.7739572836532553,1.9348932091331383,3.8697864182662767
cumulative,66,32162,Logistic Regression,123,C=1.0,0.7491547273318548,0.212581066531193,0.3672180303290977,0.655663971293042,1.136407206232949
cumulative,66,32162,Random Forest,123,depth=10,0.7600044597667601,0.19459748941899188,0.6627423992921572,1.6565241969179345,3.3128271929608966
cumulative,66,32162,XGBoost,123,depth=6,0.7417509669016884,0.2081943303346634,0.5498316415562711,1.3524221495809472,2.690072996288741
cumulative,66,32162,LightGBM,123,leaves=31,0.74308311817965,0.2007027388540649,0.5562218890554723,1.3712733797035908,2.7296925307837885
cumulative,67,33165,Dummy,42,const,0.38697864182662767,0.38697864182662767,0.7739572836532553,1.9348932091331383,3.8697864182662767
cumulative,67,33165,Logistic Regression,42,C=0.1,0.7585534195153515,0.1791840737027173,0.38304618182711925,0.8003784992749526,1.4959323616880085
cumulative,67,33165,Random Forest,42,depth=10,0.7620591273185398,0.191505620252916,0.6508221299186472,1.6261705212967288,3.251751173593531
cumulative,67,33165,XGBoost,42,depth=9,0.7360874789203338,0.22412025928497314,0.5608179516798978,1.3792611890775923,2.7433332514070834
cumulative,67,33165,LightGBM,42,leaves=15,0.7673579327951521,0.1843399749313474,0.5529530316808808,1.3668985179541377,2.7234743284095657
cumulative,67,33165,Dummy,7,const,0.38697864182662767,0.38697864182662767,0.7739572836532553,1.9348932091331383,3.8697864182662767
cumulative,67,33165,Logistic Regression,7,C=0.1,0.7585534195153515,0.1791840737027173,0.38304618182711925,0.8003784992749526,1.4959323616880085
cumulative,67,33165,Random Forest,7,depth=10,0.765251168155336,0.1934679263857121,0.6728439059158945,1.681814830289773,3.3634330375795707
cumulative,67,33165,XGBoost,7,depth=9,0.7360874789203338,0.22412025928497314,0.5608179516798978,1.3792611890775923,2.7433332514070834
cumulative,67,33165,LightGBM,7,leaves=15,0.7673579327951521,0.1843399749313474,0.5529530316808808,1.3668985179541377,2.7234743284095657
cumulative,67,33165,Dummy,123,const,0.38697864182662767,0.38697864182662767,0.7739572836532553,1.9348932091331383,3.8697864182662767
cumulative,67,33165,Logistic Regression,123,C=0.1,0.7585534195153515,0.1791840737027173,0.38304618182711925,0.8003784992749526,1.4959323616880085
cumulative,67,33165,Random Forest,123,depth=10,0.7506516392833611,0.19720035240660014,0.6552215695430973,1.6377221225452847,3.275223044215597
cumulative,67,33165,XGBoost,123,depth=9,0.7360874789203338,0.22412025928497314,0.5608179516798978,1.3792611890775923,2.7433332514070834
cumulative,67,33165,LightGBM,123,leaves=15,0.7673579327951521,0.1843399749313474,0.5529530316808808,1.3668985179541377,2.7234743284095657
cumulative,68,34435,Dummy,42,const,0.38697864182662767,0.38697864182662767,0.7739572836532553,1.9348932091331383,3.8697864182662767
cumulative,68,34435,Logistic Regression,42,C=0.1,0.7625049983837465,0.17473754087180515,0.3853565020768304,0.8201636886474796,1.5448423329318948
cumulative,68,34435,Random Forest,42,depth=20,0.7521723487965983,0.19326816891873755,0.6575564676678054,1.6409418241698823,3.2799174183400104
cumulative,68,34435,XGBoost,42,depth=6,0.7359352001323577,0.2042062133550644,0.5547963723056505,1.3601887580799763,2.702509401037186
cumulative,68,34435,LightGBM,42,leaves=15,0.7706543271508519,0.18034489822803038,0.5470297638066213,1.3496940054562883,2.6874677415390664
cumulative,68,34435,Dummy,7,const,0.38697864182662767,0.38697864182662767,0.7739572836532553,1.9348932091331383,3.8697864182662767
cumulative,68,34435,Logistic Regression,7,C=0.1,0.7625049983837465,0.17473754087180515,0.3853565020768304,0.8201636886474796,1.5448423329318948
cumulative,68,34435,Random Forest,7,depth=20,0.7527504833790714,0.19275884758328693,0.6635288912920589,1.6555410819180574,3.308894732961388
cumulative,68,34435,XGBoost,7,depth=6,0.7359352001323577,0.2042062133550644,0.5547963723056505,1.3601887580799763,2.702509401037186
cumulative,68,34435,LightGBM,7,leaves=15,0.7706543271508519,0.18034489822803038,0.5470297638066213,1.3496940054562883,2.6874677415390664
cumulative,68,34435,Dummy,123,const,0.38697864182662767,0.38697864182662767,0.7739572836532553,1.9348932091331383,3.8697864182662767
cumulative,68,34435,Logistic Regression,123,C=0.1,0.7625049983837465,0.17473754087180515,0.3853565020768304,0.8201636886474796,1.5448423329318948
cumulative,68,34435,Random Forest,123,depth=20,0.750151683780846,0.19484301612555202,0.659743898542532,1.6465947354191757,3.2913461302135816
cumulative,68,34435,XGBoost,123,depth=6,0.7359352001323577,0.2042062133550644,0.5547963723056505,1.3601887580799763,2.702509401037186
cumulative,68,34435,LightGBM,123,leaves=15,0.7706543271508519,0.18034489822803038,0.5470297638066213,1.3496940054562883,2.6874677415390664
cumulative,69,35611,Dummy,42,const,0.38697864182662767,0.38697864182662767,0.7739572836532553,1.9348932091331383,3.8697864182662767
cumulative,69,35611,Logistic Regression,42,C=0.1,0.7638290383496529,0.1774873251335242,0.37599233170300095,0.7818222036522722,1.4582053235677244
cumulative,69,35611,Random Forest,42,depth=10,0.7773569973071466,0.18440897588642055,0.6395408852950574,1.5984466783001943,3.196622999975422
cumulative,69,35611,XGBoost,42,depth=3,0.7791744396200576,0.17900072038173676,0.533192420183351,1.3115982992110502,2.6089414309238825
cumulative,69,35611,LightGBM,42,leaves=15,0.7706036199986759,0.18052274312827404,0.5358714085580161,1.3179639688352545,2.6214515692973186
cumulative,69,35611,Dummy,7,const,0.38697864182662767,0.38697864182662767,0.7739572836532553,1.9348932091331383,3.8697864182662767
cumulative,69,35611,Logistic Regression,7,C=0.1,0.7638290383496529,0.1774873251335242,0.37599233170300095,0.7818222036522722,1.4582053235677244
cumulative,69,35611,Random Forest,7,depth=10,0.7688479616866032,0.18938656744693597,0.651239953793595,1.6276943495465381,3.2551183424681103
cumulative,69,35611,XGBoost,7,depth=3,0.7791744396200576,0.17900072038173676,0.533192420183351,1.3115982992110502,2.6089414309238825
cumulative,69,35611,LightGBM,7,leaves=15,0.7706036199986759,0.18052274312827404,0.5358714085580161,1.3179639688352545,2.6214515692973186
cumulative,69,35611,Dummy,123,const,0.38697864182662767,0.38697864182662767,0.7739572836532553,1.9348932091331383,3.8697864182662767
cumulative,69,35611,Logistic Regression,123,C=0.1,0.7638290383496529,0.1774873251335242,0.37599233170300095,0.7818222036522722,1.4582053235677244
cumulative,69,35611,Random Forest,123,depth=None,0.7475836871039006,0.19264781147481175,0.6554427704180696,1.634551576670681,3.2663995870917
cumulative,69,35611,XGBoost,123,depth=3,0.7791744396200576,0.17900072038173676,0.533192420183351,1.3115982992110502,2.6089414309238825
cumulative,69,35611,LightGBM,123,leaves=15,0.7706036199986759,0.18052274312827404,0.5358714085580161,1.3179639688352545,2.6214515692973186
cumulative,70,36950,Dummy,42,const,0.38697864182662767,0.38697864182662767,0.7739572836532553,1.9348932091331383,3.8697864182662767
cumulative,70,36950,Logistic Regression,42,C=0.1,0.7646271465952812,0.17811508193073577,0.373239609703345,0.7715486519035564,1.4353970555705753
cumulative,70,36950,Random Forest,42,depth=20,0.7585080934608754,0.187017413826078,0.6474795389190651,1.6147909651731511,3.226976675596628
cumulative,70,36950,XGBoost,42,depth=3,0.7684748047655605,0.18085795640945435,0.5433676604320791,1.336520264457935,2.658441271167695
cumulative,70,36950,LightGBM,42,leaves=31,0.7515632252240785,0.19287517679858573,0.5368299456828962,1.3119178115860102,2.6037309214245337
cumulative,70,36950,Dummy,7,const,0.38697864182662767,0.38697864182662767,0.7739572836532553,1.9348932091331383,3.8697864182662767
cumulative,70,36950,Logistic Regression,7,C=0.1,0.7646271465952812,0.17811508193073577,0.373239609703345,0.7715486519035564,1.4353970555705753
cumulative,70,36950,Random Forest,7,depth=None,0.7449886396081131,0.19319188593828204,0.6446530832944184,1.6064344876741956,3.2094034949738246
cumulative,70,36950,XGBoost,7,depth=3,0.7684748047655605,0.18085795640945435,0.5433676604320791,1.336520264457935,2.658441271167695
cumulative,70,36950,LightGBM,7,leaves=31,0.7515632252240785,0.19287517679858573,0.5368299456828962,1.3119178115860102,2.6037309214245337
cumulative,70,36950,Dummy,123,const,0.38697864182662767,0.38697864182662767,0.7739572836532553,1.9348932091331383,3.8697864182662767
cumulative,70,36950,Logistic Regression,123,C=0.1,0.7646271465952812,0.17811508193073577,0.373239609703345,0.7715486519035564,1.4353970555705753
cumulative,70,36950,Random Forest,123,depth=20,0.7594297841945806,0.1865474139326398,0.6361982942954753,1.5864772531766904,3.1702755179787157
cumulative,70,36950,XGBoost,123,depth=3,0.7684748047655605,0.18085795640945435,0.5433676604320791,1.336520264457935,2.658441271167695
cumulative,70,36950,LightGBM,123,leaves=31,0.7515632252240785,0.19287517679858573,0.5368299456828962,1.3119178115860102,2.6037309214245337
cumulative,71,38387,Dummy,42,const,0.38697864182662767,0.38697864182662767,0.7739572836532553,1.9348932091331383,3.8697864182662767
cumulative,71,38387,Logistic Regression,42,C=0.1,0.7650190904358452,0.18063322325883419,0.3672180303290977,0.7456927274067884,1.3764838892029394
cumulative,71,38387,Random Forest,42,depth=20,0.7641056794490694,0.18169060947962531,0.6204438764224445,1.5449898001818763,3.0858996731142625
cumulative,71,38387,XGBoost,42,depth=3,0.7688389456409708,0.1779950112104416,0.5209034826848871,1.273871261090766,2.528817558433898
cumulative,71,38387,LightGBM,42,leaves=31,0.7673606508104731,0.18377441527994234,0.5088849018113893,1.2331703000958538,2.4403126305699607
cumulative,71,38387,Dummy,7,const,0.38697864182662767,0.38697864182662767,0.7739572836532553,1.9348932091331383,3.8697864182662767
cumulative,71,38387,Logistic Regression,7,C=0.1,0.7650190904358452,0.18063322325883419,0.3672180303290977,0.7456927274067884,1.3764838892029394
cumulative,71,38387,Random Forest,7,depth=20,0.7578680750134921,0.18554681507212806,0.6282596406714676,1.56416054267948,3.1239953793595006
cumulative,71,38387,XGBoost,7,depth=3,0.7688389456409708,0.1779950112104416,0.5209034826848871,1.273871261090766,2.528817558433898
cumulative,71,38387,LightGBM,7,leaves=31,0.7673606508104731,0.18377441527994234,0.5088849018113893,1.2331703000958538,2.4403126305699607
cumulative,71,38387,Dummy,123,const,0.38697864182662767,0.38697864182662767,0.7739572836532553,1.9348932091331383,3.8697864182662767
cumulative,71,38387,Logistic Regression,123,C=0.1,0.7650190904358452,0.18063322325883419,0.3672180303290977,0.7456927274067884,1.3764838892029394
cumulative,71,38387,Random Forest,123,depth=20,0.7588607680651297,0.18588502352885095,0.6201980976724752,1.5442278860569716,3.084277533364465
cumulative,71,38387,XGBoost,123,depth=3,0.7688389456409708,0.1779950112104416,0.5209034826848871,1.273871261090766,2.528817558433898
cumulative,71,38387,LightGBM,123,leaves=31,0.7673606508104731,0.18377441527994234,0.5088849018113893,1.2331703000958538,2.4403126305699607
cumulative,72,39516,Dummy,42,const,0.38697864182662767,0.38697864182662767,0.7739572836532553,1.9348932091331383,3.8697864182662767
cumulative,72,39516,Logistic Regression,42,C=0.1,0.7689261809831004,0.16759375465951454,0.3909111018261361,0.8548430702681447,1.628063017671492
cumulative,72,39516,Random Forest,42,depth=20,0.7632735887258094,0.1801592938050424,0.6035834541745521,1.498119792562735,2.9890136898763733
cumulative,72,39516,XGBoost,42,depth=3,0.7902100012952943,0.16452983021736145,0.4871826381891022,1.1834492589770689,2.3438936269570134
cumulative,72,39516,LightGBM,42,leaves=15,0.7828334872468827,0.17176385702143168,0.490304028313712,1.184727308476909,2.3420994420822376
cumulative,72,39516,Dummy,7,const,0.38697864182662767,0.38697864182662767,0.7739572836532553,1.9348932091331383,3.8697864182662767
cumulative,72,39516,Logistic Regression,7,C=0.1,0.7689261809831004,0.16759375465951454,0.3909111018261361,0.8548430702681447,1.628063017671492
cumulative,72,39516,Random Forest,7,depth=20,0.7636687533649829,0.18058635446229857,0.6105635706736795,1.5177083589352864,3.029616339371298
cumulative,72,39516,XGBoost,7,depth=3,0.7902100012952943,0.16452983021736145,0.4871826381891022,1.1834492589770689,2.3438936269570134
cumulative,72,39516,LightGBM,7,leaves=15,0.7828334872468827,0.17176385702143168,0.490304028313712,1.184727308476909,2.3420994420822376
cumulative,72,39516,Dummy,123,const,0.38697864182662767,0.38697864182662767,0.7739572836532553,1.9348932091331383,3.8697864182662767
cumulative,72,39516,Logistic Regression,123,C=0.1,0.7689261809831004,0.16759375465951454,0.3909111018261361,0.8548430702681447,1.628063017671492
cumulative,72,39516,Random Forest,123,depth=20,0.7610187472131074,0.182028399475527,0.60903974242387,1.5122766485609653,3.017671492122791
cumulative,72,39516,XGBoost,123,depth=3,0.7902100012952943,0.16452983021736145,0.4871826381891022,1.1834492589770689,2.3438936269570134
cumulative,72,39516,LightGBM,123,leaves=15,0.7828334872468827,0.17176385702143168,0.490304028313712,1.184727308476909,2.3420994420822376
cumulative,73,40779,Dummy,42,const,0.38697864182662767,0.38697864182662767,0.7739572836532553,1.9348932091331383,3.8697864182662767
cumulative,73,40779,Logistic Regression,42,C=0.1,0.7692323756425379,0.16698251626956773,0.39255781945093027,0.8598815346425148,1.6387543932951556
cumulative,73,40779,Random Forest,42,depth=10,0.7838786040726671,0.1767098398428629,0.6106864600486642,1.5255732789343033,3.050384643743702
cumulative,73,40779,XGBoost,42,depth=3,0.7929541941031223,0.1675034463405609,0.48811659743898544,1.189175903851353,2.357608081205299
cumulative,73,40779,LightGBM,42,leaves=15,0.7778824881951507,0.17686217152893707,0.4950475581881191,1.199719812225035,2.3741735689532284
cumulative,73,40779,Dummy,7,const,0.38697864182662767,0.38697864182662767,0.7739572836532553,1.9348932091331383,3.8697864182662767
cumulative,73,40779,Logistic Regression,7,C=0.1,0.7692323756425379,0.16698251626956773,0.39255781945093027,0.8598815346425148,1.6387543932951556
cumulative,73,40779,Random Forest,7,depth=10,0.784965244148197,0.17761125587742313,0.6121119767984861,1.5285472018089317,3.0559392434930075
cumulative,73,40779,XGBoost,7,depth=3,0.7929541941031223,0.1675034463405609,0.48811659743898544,1.189175903851353,2.357608081205299
cumulative,73,40779,LightGBM,7,leaves=15,0.7778824881951507,0.17686217152893707,0.4950475581881191,1.199719812225035,2.3741735689532284
cumulative,73,40779,Dummy,123,const,0.38697864182662767,0.38697864182662767,0.7739572836532553,1.9348932091331383,3.8697864182662767
cumulative,73,40779,Logistic Regression,123,C=0.1,0.7692323756425379,0.16698251626956773,0.39255781945093027,0.8598815346425148,1.6387543932951556
cumulative,73,40779,Random Forest,123,depth=10,0.780463925591903,0.1791539512944554,0.6274485707965689,1.5677734903040283,3.1349816894831273
cumulative,73,40779,XGBoost,123,depth=3,0.7929541941031223,0.1675034463405609,0.48811659743898544,1.189175903851353,2.357608081205299
cumulative,73,40779,LightGBM,123,leaves=15,0.7778824881951507,0.17686217152893707,0.4950475581881191,1.199719812225035,2.3741735689532284
cumulative,74,42231,Dummy,42,const,0.38697864182662767,0.38697864182662767,0.7739572836532553,1.9348932091331383,3.8697864182662767
cumulative,74,42231,Logistic Regression,42,C=0.1,0.7708058862098167,0.16581301896007533,0.39032123282620984,0.8577186816427852,1.6367144296704106
cumulative,74,42231,Random Forest,42,depth=10,0.782833547116621,0.17671977356524768,0.6060412416742449,1.5137021653107872,3.0264703713716914
cumulative,74,42231,XGBoost,42,depth=3,0.7893864642646732,0.16898208856582642,0.4927863936884017,1.1994494556000688,2.3772212254528475
cumulative,74,42231,LightGBM,42,leaves=15,0.7761250802014101,0.17598839715020675,0.4867402364391575,1.172536682478433,2.3155307592105587
cumulative,74,42231,Dummy,7,const,0.38697864182662767,0.38697864182662767,0.7739572836532553,1.9348932091331383,3.8697864182662767
cumulative,74,42231,Logistic Regression,7,C=0.1,0.7708058862098167,0.16581301896007533,0.39032123282620984,0.8577186816427852,1.6367144296704106
cumulative,74,42231,Random Forest,7,depth=10,0.7874104982580489,0.1752464392255041,0.6081057831739868,1.5185685845601788,3.0360065868704993
cumulative,74,42231,XGBoost,7,depth=3,0.7893864642646732,0.16898208856582642,0.4927863936884017,1.1994494556000688,2.3772212254528475
cumulative,74,42231,LightGBM,7,leaves=15,0.7761250802014101,0.17598839715020675,0.4867402364391575,1.172536682478433,2.3155307592105587
cumulative,74,42231,Dummy,123,const,0.38697864182662767,0.38697864182662767,0.7739572836532553,1.9348932091331383,3.8697864182662767
cumulative,74,42231,Logistic Regression,123,C=0.1,0.7708058862098167,0.16581301896007533,0.39032123282620984,0.8577186816427852,1.6367144296704106
cumulative,74,42231,Random Forest,123,depth=10,0.77901252082946,0.17957644706391546,0.6136358050482955,1.5333153095583356,3.066114483741736
cumulative,74,42231,XGBoost,123,depth=3,0.7893864642646732,0.16898208856582642,0.4927863936884017,1.1994494556000688,2.3772212254528475
cumulative,74,42231,LightGBM,123,leaves=15,0.7761250802014101,0.17598839715020675,0.4867402364391575,1.172536682478433,2.3155307592105587
cumulative,75,43291,Dummy,42,const,0.38697864182662767,0.38697864182662767,0.7739572836532553,1.9348932091331383,3.8697864182662767
cumulative,75,43291,Logistic Regression,42,C=0.1,0.7709701679119287,0.16128043177493406,0.41025388944871827,0.9301496792587313,1.7966426622754197
cumulative,75,43291,Random Forest,42,depth=20,0.7615688843282776,0.18090181917754442,0.6095312999238086,1.5119571361860054,3.016000196623
cumulative,75,43291,XGBoost,42,depth=3,0.7875017938851332,0.16893242299556732,0.4913854548135768,1.1944355691006956,2.366185759579227
cumulative,75,43291,LightGBM,42,leaves=15,0.7851577068024224,0.17070442243863393,0.4827586206896552,1.1620665077297416,2.294246319463219
cumulative,75,43291,Dummy,7,const,0.38697864182662767,0.38697864182662767,0.7739572836532553,1.9348932091331383,3.8697864182662767
cumulative,75,43291,Logistic Regression,7,C=0.1,0.7709701679119287,0.16128043177493406,0.41025388944871827,0.9301496792587313,1.7966426622754197
cumulative,75,43291,Random Forest,7,depth=20,0.7655502672731326,0.17915138324485122,0.5938751935507656,1.4731486715658564,2.9386044682576746
cumulative,75,43291,XGBoost,7,depth=3,0.7875017938851332,0.16893242299556732,0.4913854548135768,1.1944355691006956,2.366185759579227
cumulative,75,43291,LightGBM,7,leaves=15,0.7851577068024224,0.17070442243863393,0.4827586206896552,1.1620665077297416,2.294246319463219
cumulative,75,43291,Dummy,123,const,0.38697864182662767,0.38697864182662767,0.7739572836532553,1.9348932091331383,3.8697864182662767
cumulative,75,43291,Logistic Regression,123,C=0.1,0.7709701679119287,0.16128043177493406,0.41025388944871827,0.9301496792587313,1.7966426622754197
cumulative,75,43291,Random Forest,123,depth=20,0.770642191603985,0.17738008624444518,0.6030427409246196,1.497800280187775,2.9890628456263673
cumulative,75,43291,XGBoost,123,depth=3,0.7875017938851332,0.16893242299556732,0.4913854548135768,1.1944355691006956,2.366185759579227
cumulative,75,43291,LightGBM,123,leaves=15,0.7851577068024224,0.17070442243863393,0.4827586206896552,1.1620665077297416,2.294246319463219
cumulative,76,44608,Dummy,42,const,0.38697864182662767,0.38697864182662767,0.7739572836532553,1.9348932091331383,3.8697864182662767
cumulative,76,44608,Logistic Regression,42,C=0.1,0.7732974427155961,0.16198806869554527,0.3989726448251284,0.8960847445129894,1.7246049106594243
cumulative,76,44608,Random Forest,42,depth=20,0.7678624404962389,0.1768342179211576,0.5867721876766535,1.4527736131934033,2.896109322387986
cumulative,76,44608,XGBoost,42,depth=3,0.7901422252537993,0.16833534836769104,0.4833976454395753,1.172512104603436,2.3210362032098706
cumulative,76,44608,LightGBM,42,leaves=15,0.7847379560677729,0.17156972782795568,0.4767861970654017,1.1434119006070735,2.2544547398431933
cumulative,76,44608,Dummy,7,const,0.38697864182662767,0.38697864182662767,0.7739572836532553,1.9348932091331383,3.8697864182662767
cumulative,76,44608,Logistic Regression,7,C=0.1,0.7732974427155961,0.16198806869554527,0.3989726448251284,0.8960847445129894,1.7246049106594243
cumulative,76,44608,Random Forest,7,depth=20,0.7703432324242263,0.17658736790361093,0.5813650551773294,1.4394769828200653,2.869663528891292
cumulative,76,44608,XGBoost,7,depth=3,0.7901422252537993,0.16833534836769104,0.4833976454395753,1.172512104603436,2.3210362032098706
cumulative,76,44608,LightGBM,7,leaves=15,0.7847379560677729,0.17156972782795568,0.4767861970654017,1.1434119006070735,2.2544547398431933
cumulative,76,44608,Dummy,123,const,0.38697864182662767,0.38697864182662767,0.7739572836532553,1.9348932091331383,3.8697864182662767
cumulative,76,44608,Logistic Regression,123,C=0.1,0.7732974427155961,0.16198806869554527,0.3989726448251284,0.8960847445129894,1.7246049106594243
cumulative,76,44608,Random Forest,123,depth=10,0.7872194510426418,0.1743972690188597,0.5969474279253816,1.4907464300636566,2.9804114336274488
cumulative,76,44608,XGBoost,123,depth=3,0.7901422252537993,0.16833534836769104,0.4833976454395753,1.172512104603436,2.3210362032098706
cumulative,76,44608,LightGBM,123,leaves=15,0.7847379560677729,0.17156972782795568,0.4767861970654017,1.1434119006070735,2.2544547398431933
cumulative,77,45811,Dummy,42,const,0.38697864182662767,0.38697864182662767,0.7739572836532553,1.9348932091331383,3.8697864182662767
cumulative,77,45811,Logistic Regression,42,C=0.1,0.7728176924178203,0.16465481967526144,0.391304347826087,0.8622410106422199,1.647135448669108
cumulative,77,45811,Random Forest,42,depth=20,0.7759690858760315,0.1725985070522966,0.558360164180205,1.3776144714527983,2.7430383169071204
cumulative,77,45811,XGBoost,42,depth=3,0.7990071099073404,0.16398082673549652,0.4680364735664954,1.1280261508589968,2.228008946346499
cumulative,77,45811,LightGBM,42,leaves=63,0.7844991936655953,0.17469685904720628,0.453560105193305,1.0746921621156635,2.109912256986261
cumulative,77,45811,Dummy,7,const,0.38697864182662767,0.38697864182662767,0.7739572836532553,1.9348932091331383,3.8697864182662767
cumulative,77,45811,Logistic Regression,7,C=0.1,0.7728176924178203,0.16465481967526144,0.391304347826087,0.8622410106422199,1.647135448669108
cumulative,77,45811,Random Forest,7,depth=10,0.7903580189338538,0.17321251449279945,0.5998230393000221,1.497751124437781,2.9942979330007127
cumulative,77,45811,XGBoost,7,depth=3,0.7990071099073404,0.16398082673549652,0.4680364735664954,1.1280261508589968,2.228008946346499
cumulative,77,45811,LightGBM,7,leaves=63,0.7844991936655953,0.17469685904720628,0.453560105193305,1.0746921621156635,2.109912256986261
cumulative,77,45811,Dummy,123,const,0.38697864182662767,0.38697864182662767,0.7739572836532553,1.9348932091331383,3.8697864182662767
cumulative,77,45811,Logistic Regression,123,C=0.1,0.7728176924178203,0.16465481967526144,0.391304347826087,0.8622410106422199,1.647135448669108
cumulative,77,45811,Random Forest,123,depth=20,0.7729584612587491,0.1742475545754075,0.5577211394302849,1.3766805122029149,2.7416128001572986
cumulative,77,45811,XGBoost,123,depth=3,0.7990071099073404,0.16398082673549652,0.4680364735664954,1.1280261508589968,2.228008946346499
cumulative,77,45811,LightGBM,123,leaves=63,0.7844991936655953,0.17469685904720628,0.453560105193305,1.0746921621156635,2.109912256986261
cumulative,78,47279,Dummy,42,const,0.38697864182662767,0.38697864182662767,0.7739572836532553,1.9348932091331383,3.8697864182662767
cumulative,78,47279,Logistic Regression,42,C=0.1,0.7739450695639514,0.16491867254196324,0.3871752648266031,0.8505910978936762,1.6229508196721312
cumulative,78,47279,Random Forest,42,depth=10,0.7918220748600657,0.1696918277451976,0.5833067073020867,1.4555754909430532,2.9093567970113305
cumulative,78,47279,XGBoost,42,depth=3,0.798986117700323,0.16182291507720947,0.45626367144296703,1.0916263179885468,2.1505640622311795
cumulative,78,47279,LightGBM,42,leaves=15,0.7966777354626347,0.16351230060700866,0.44948017794381495,1.0664094182416988,2.094624818738172
cumulative,78,47279,Dummy,7,const,0.38697864182662767,0.38697864182662767,0.7739572836532553,1.9348932091331383,3.8697864182662767
cumulative,78,47279,Logistic Regression,7,C=0.1,0.7739450695639514,0.16491867254196324,0.3871752648266031,0.8505910978936762,1.6229508196721312
cumulative,78,47279,Random Forest,7,depth=10,0.791400784531576,0.17143410065946996,0.5819303463022587,1.4523557893184555,2.903064861012117
cumulative,78,47279,XGBoost,7,depth=3,0.798986117700323,0.16182291507720947,0.45626367144296703,1.0916263179885468,2.1505640622311795
cumulative,78,47279,LightGBM,7,leaves=15,0.7966777354626347,0.16351230060700866,0.44948017794381495,1.0664094182416988,2.094624818738172
cumulative,78,47279,Dummy,123,const,0.38697864182662767,0.38697864182662767,0.7739572836532553,1.9348932091331383,3.8697864182662767
cumulative,78,47279,Logistic Regression,123,C=0.1,0.7739450695639514,0.16491867254196324,0.3871752648266031,0.8505910978936762,1.6229508196721312
cumulative,78,47279,Random Forest,123,depth=10,0.7865696597545313,0.17254720983136362,0.5899181556762603,1.472657114065918,2.943888711382014
cumulative,78,47279,XGBoost,123,depth=3,0.798986117700323,0.16182291507720947,0.45626367144296703,1.0916263179885468,2.1505640622311795
cumulative,78,47279,LightGBM,123,leaves=15,0.7966777354626347,0.16351230060700866,0.44948017794381495,1.0664094182416988,2.094624818738172
cumulative,79,48338,Dummy,42,const,0.38697864182662767,0.38697864182662767,0.7739572836532553,1.9348932091331383,3.8697864182662767
cumulative,79,48338,Logistic Regression,42,C=0.1,0.7762172725600145,0.16072634843116387,0.3986039767001745,0.8987391550126576,1.7322977855334627
cumulative,79,48338,Random Forest,42,depth=10,0.7903675763582959,0.16974042159161246,0.5867476098016565,1.4639565463170054,2.9259714405092536
cumulative,79,48338,XGBoost,42,depth=9,0.7752486133527376,0.18520000576972961,0.44390100031951235,1.0386364194951705,2.029862118121267
cumulative,79,48338,LightGBM,42,leaves=15,0.7937637235981745,0.16569036527528078,0.4479317718190085,1.062280335242215,2.0861946076142255
cumulative,79,48338,Dummy,7,const,0.38697864182662767,0.38697864182662767,0.7739572836532553,1.9348932091331383,3.8697864182662767
cumulative,79,48338,Logistic Regression,7,C=0.1,0.7762172725600145,0.16072634843116387,0.3986039767001745,0.8987391550126576,1.7322977855334627
cumulative,79,48338,Random Forest,7,depth=10,0.7916920780435124,0.17066698243093892,0.5892791309263401,1.4706908840661637,2.939710472632536
cumulative,79,48338,XGBoost,7,depth=9,0.7752486133527376,0.18520000576972961,0.44390100031951235,1.0386364194951705,2.029862118121267
cumulative,79,48338,LightGBM,7,leaves=15,0.7937637235981745,0.16569036527528078,0.4479317718190085,1.062280335242215,2.0861946076142255
cumulative,79,48338,Dummy,123,const,0.38697864182662767,0.38697864182662767,0.7739572836532553,1.9348932091331383,3.8697864182662767
cumulative,79,48338,Logistic Regression,123,C=0.1,0.7762172725600145,0.16072634843116387,0.3986039767001745,0.8987391550126576,1.7322977855334627
cumulative,79,48338,Random Forest,123,depth=10,0.7891194778317122,0.1707992117930982,0.5824219038021973,1.4531422813183572,2.904342910511957
cumulative,79,48338,XGBoost,123,depth=9,0.7752486133527376,0.18520000576972961,0.44390100031951235,1.0386364194951705,2.029862118121267
cumulative,79,48338,LightGBM,123,leaves=15,0.7937637235981745,0.16569036527528078,0.4479317718190085,1.062280335242215,2.0861946076142255
cumulative,80,49464,Dummy,42,const,0.38697864182662767,0.38697864182662767,0.7739572836532553,1.9348932091331383,3.8697864182662767
cumulative,80,49464,Logistic Regression,42,C=0.1,0.7775643665088134,0.1594626413974226,0.4027822154496522,0.9161894462604763,1.7718681642785166
cumulative,80,49464,Random Forest,42,depth=20,0.7779496164793129,0.16906929939121598,0.5468085629316489,1.3437215818320347,2.6719099466660112
cumulative,80,49464,XGBoost,42,depth=9,0.779431590161028,0.1827882081270218,0.4312433946960946,1.0099048836237619,1.9743406985032075
cumulative,80,49464,LightGBM,42,leaves=15,0.7934344522822803,0.16592608293553196,0.44886573106889177,1.0628456263671442,2.086145451864232
cumulative,80,49464,Dummy,7,const,0.38697864182662767,0.38697864182662767,0.7739572836532553,1.9348932091331383,3.8697864182662767
cumulative,80,49464,Logistic Regression,7,C=0.1,0.7775643665088134,0.1594626413974226,0.4027822154496522,0.9161894462604763,1.7718681642785166
cumulative,80,49464,Random Forest,7,depth=20,0.7786098840089971,0.16864431145014538,0.5407869835574016,1.3241330154594835,2.629709735296286
cumulative,80,49464,XGBoost,7,depth=9,0.779431590161028,0.1827882081270218,0.4312433946960946,1.0099048836237619,1.9743406985032075
cumulative,80,49464,LightGBM,7,leaves=15,0.7934344522822803,0.16592608293553196,0.44886573106889177,1.0628456263671442,2.086145451864232
cumulative,80,49464,Dummy,123,const,0.38697864182662767,0.38697864182662767,0.7739572836532553,1.9348932091331383,3.8697864182662767
cumulative,80,49464,Logistic Regression,123,C=0.1,0.7775643665088134,0.1594626413974226,0.4027822154496522,0.9161894462604763,1.7718681642785166
cumulative,80,49464,Random Forest,123,depth=10,0.790034412857307,0.16934233769786453,0.581487944552314,1.45088111681864,2.899869737262516
cumulative,80,49464,XGBoost,123,depth=9,0.779431590161028,0.1827882081270218,0.4312433946960946,1.0099048836237619,1.9743406985032075
cumulative,80,49464,LightGBM,123,leaves=15,0.7934344522822803,0.16592608293553196,0.44886573106889177,1.0628456263671442,2.086145451864232
cumulative,81,50478,Dummy,42,const,0.38697864182662767,0.38697864182662767,0.7739572836532553,1.9348932091331383,3.8697864182662767
cumulative,81,50478,Logistic Regression,42,C=0.1,0.7784683526719802,0.1584535227308704,0.4101310000737336,0.9402020301324747,1.8236537468970433
cumulative,81,50478,Random Forest,42,depth=10,0.7936673847038411,0.1670357398494214,0.586600142551675,1.4636616118170422,2.925430727259321
cumulative,81,50478,XGBoost,42,depth=3,0.8002863208889519,0.1609792411327362,0.4481775505689778,1.0696045419912994,2.1053161943618353
cumulative,81,50478,LightGBM,42,leaves=31,0.7928045175082898,0.16755410122542624,0.4364784820704402,1.0224395998721951,1.9990414628751199
cumulative,81,50478,Dummy,7,const,0.38697864182662767,0.38697864182662767,0.7739572836532553,1.9348932091331383,3.8697864182662767
cumulative,81,50478,Logistic Regression,7,C=0.1,0.7784683526719802,0.1584535227308704,0.4101310000737336,0.9402020301324747,1.8236537468970433
cumulative,81,50478,Random Forest,7,depth=20,0.7746119319421235,0.1697174233046317,0.5396809791825399,1.3204463342099442,2.6217219259222846
cumulative,81,50478,XGBoost,7,depth=3,0.8002863208889519,0.1609792411327362,0.4481775505689778,1.0696045419912994,2.1053161943618353
cumulative,81,50478,LightGBM,7,leaves=31,0.7928045175082898,0.16755410122542624,0.4364784820704402,1.0224395998721951,1.9990414628751199
cumulative,81,50478,Dummy,123,const,0.38697864182662767,0.38697864182662767,0.7739572836532553,1.9348932091331383,3.8697864182662767
cumulative,81,50478,Logistic Regression,123,C=0.1,0.7784683526719802,0.1584535227308704,0.4101310000737336,0.9402020301324747,1.8236537468970433
cumulative,81,50478,Random Forest,123,depth=10,0.7916718258970011,0.16825181361705704,0.5830117728021236,1.4546906874431638,2.907488878511564
cumulative,81,50478,XGBoost,123,depth=3,0.8002863208889519,0.1609792411327362,0.4481775505689778,1.0696045419912994,2.1053161943618353
cumulative,81,50478,LightGBM,123,leaves=31,0.7928045175082898,0.16755410122542624,0.4364784820704402,1.0224395998721951,1.9990414628751199
cumulative,82,51479,Dummy,42,const,0.38697864182662767,0.38697864182662767,0.7739572836532553,1.9348932091331383,3.8697864182662767
cumulative,82,51479,Logistic Regression,42,C=0.1,0.7794487820009908,0.15754825950173548,0.4150711529481161,0.9573819647553272,1.861233317767346
cumulative,82,51479,Random Forest,42,depth=20,0.7763787685559733,0.16857768260197858,0.5377393270577826,1.3128271929608966,2.60464030279942
cumulative,82,51479,XGBoost,42,depth=3,0.7981569760430751,0.16183491051197052,0.4395015606950623,1.0427163467446605,2.048074323493991
cumulative,82,51479,LightGBM,42,leaves=31,0.7934755094683789,0.16782157703005843,0.4323985548209502,1.0120185808734976,1.9780519576277436
cumulative,82,51479,Dummy,7,const,0.38697864182662767,0.38697864182662767,0.7739572836532553,1.9348932091331383,3.8697864182662767
cumulative,82,51479,Logistic Regression,7,C=0.1,0.7794487820009908,0.15754825950173548,0.4150711529481161,0.9573819647553272,1.861233317767346
cumulative,82,51479,Random Forest,7,depth=20,0.7794438561792001,0.16724891924855878,0.5302922309337135,1.2940988522132377,2.5671098876791114
cumulative,82,51479,XGBoost,7,depth=3,0.7981569760430751,0.16183491051197052,0.4395015606950623,1.0427163467446605,2.048074323493991
cumulative,82,51479,LightGBM,7,leaves=31,0.7934755094683789,0.16782157703005843,0.4323985548209502,1.0120185808734976,1.9780519576277436
cumulative,82,51479,Dummy,123,const,0.38697864182662767,0.38697864182662767,0.7739572836532553,1.9348932091331383,3.8697864182662767
cumulative,82,51479,Logistic Regression,123,C=0.1,0.7794487820009908,0.15754825950173548,0.4150711529481161,0.9573819647553272,1.861233317767346
cumulative,82,51479,Random Forest,123,depth=20,0.7695652029469916,0.16979265165526267,0.5485290141814338,1.336151596332981,2.648855899918893
cumulative,82,51479,XGBoost,123,depth=3,0.7981569760430751,0.16183491051197052,0.4395015606950623,1.0427163467446605,2.048074323493991
cumulative,82,51479,LightGBM,123,leaves=31,0.7934755094683789,0.16782157703005843,0.4323985548209502,1.0120185808734976,1.9780519576277436
cumulative,83,52585,Dummy,42,const,0.38697864182662767,0.38697864182662767,0.7739572836532553,1.9348932091331383,3.8697864182662767
cumulative,83,52585,Logistic Regression,42,C=0.1,0.7805185927462461,0.1568407507786663,0.4228869171971391,0.9822301963772212,1.9144689950106915
cumulative,83,52585,Random Forest,42,depth=20,0.7766810400196225,0.16706530511582768,0.5387470199326566,1.3122864797109641,2.60151891267481
cumulative,83,52585,XGBoost,42,depth=9,0.7888666377292135,0.1753503829240799,0.4402143190699732,1.0297146508712858,2.012215203873473
cumulative,83,52585,LightGBM,42,leaves=63,0.7906062120878612,0.17001007816764827,0.4417873030697766,1.036375254995453,2.027355174871581
cumulative,83,52585,Dummy,7,const,0.38697864182662767,0.38697864182662767,0.7739572836532553,1.9348932091331383,3.8697864182662767
cumulative,83,52585,Logistic Regression,7,C=0.1,0.7805185927462461,0.1568407507786663,0.4228869171971391,0.9822301963772212,1.9144689950106915
cumulative,83,52585,Random Forest,7,depth=20,0.7774192403938205,0.1669246879340381,0.5340772236832404,1.3013493253373314,2.580136161427483
cumulative,83,52585,XGBoost,7,depth=9,0.7888666377292135,0.1753503829240799,0.4402143190699732,1.0297146508712858,2.012215203873473
cumulative,83,52585,LightGBM,7,leaves=63,0.7906062120878612,0.17001007816764827,0.4417873030697766,1.036375254995453,2.027355174871581
cumulative,83,52585,Dummy,123,const,0.38697864182662767,0.38697864182662767,0.7739572836532553,1.9348932091331383,3.8697864182662767
cumulative,83,52585,Logistic Regression,123,C=0.1,0.7805185927462461,0.1568407507786663,0.4228869171971391,0.9822301963772212,1.9144689950106915
cumulative,83,52585,Random Forest,123,depth=None,0.7649232968442156,0.16979400240226497,0.5497824858062772,1.3422714872072161,2.6630864895421142
cumulative,83,52585,XGBoost,123,depth=9,0.7888666377292135,0.1753503829240799,0.4402143190699732,1.0297146508712858,2.012215203873473
cumulative,83,52585,LightGBM,123,leaves=63,0.7906062120878612,0.17001007816764827,0.4417873030697766,1.036375254995453,2.027355174871581
cumulative,84,53615,Dummy,42,const,0.38697864182662767,0.38697864182662767,0.7739572836532553,1.9348932091331383,3.8697864182662767
cumulative,84,53615,Logistic Regression,42,C=0.1,0.7810272547222707,0.15651071525889515,0.4254921719468135,0.9925774817509279,1.937719664757785
cumulative,84,53615,Random Forest,42,depth=10,0.7963803328498981,0.16578553624535627,0.5835770639270529,1.4568043846928995,2.912183252635977
cumulative,84,53615,XGBoost,42,depth=3,0.8087733342722639,0.15503083169460297,0.42748297982156463,1.0113795561235777,1.9845405166269325
cumulative,84,53615,LightGBM,42,leaves=31,0.7991862004527827,0.16330376791799173,0.4248531471968934,0.9913485880010814,1.9355076560080615
cumulative,84,53615,Dummy,7,const,0.38697864182662767,0.38697864182662767,0.7739572836532553,1.9348932091331383,3.8697864182662767
cumulative,84,53615,Logistic Regression,7,C=0.1,0.7810272547222707,0.15651071525889515,0.4254921719468135,0.9925774817509279,1.937719664757785
cumulative,84,53615,Random Forest,7,depth=10,0.7926754427401865,0.16731786898538287,0.5865018310516873,1.463415833067073,2.9249391697593827
cumulative,84,53615,XGBoost,7,depth=3,0.8087733342722639,0.15503083169460297,0.42748297982156463,1.0113795561235777,1.9845405166269325
cumulative,84,53615,LightGBM,7,leaves=31,0.7991862004527827,0.16330376791799173,0.4248531471968934,0.9913485880010814,1.9355076560080615
cumulative,84,53615,Dummy,123,const,0.38697864182662767,0.38697864182662767,0.7739572836532553,1.9348932091331383,3.8697864182662767
cumulative,84,53615,Logistic Regression,123,C=0.1,0.7810272547222707,0.15651071525889515,0.4254921719468135,0.9925774817509279,1.937719664757785
cumulative,84,53615,Random Forest,123,depth=20,0.7747261551831176,0.16844427459754885,0.541008184432374,1.3193403298350825,2.61656057217293
cumulative,84,53615,XGBoost,123,depth=3,0.8087733342722639,0.15503083169460297,0.42748297982156463,1.0113795561235777,1.9845405166269325
cumulative,84,53615,LightGBM,123,leaves=31,0.7991862004527827,0.16330376791799173,0.4248531471968934,0.9913485880010814,1.9355076560080615
cumulative,85,54714,Dummy,42,const,0.38697864182662767,0.38697864182662767,0.7739572836532553,1.9348932091331383,3.8697864182662767
cumulative,85,54714,Logistic Regression,42,C=0.1,0.7817957891918175,0.15627764270380698,0.4289822301963772,1.004030771499496,1.9624450070046944
cumulative,85,54714,Random Forest,42,depth=10,0.7972331387819092,0.16484058200084478,0.58111927642736,1.4502175141937228,2.898714577137661
cumulative,85,54714,XGBoost,42,depth=6,0.7902532744061689,0.16942396759986877,0.4301373903212328,1.0043011281244623,1.961240691129845
cumulative,85,54714,LightGBM,42,leaves=31,0.801013618443022,0.16233857696304943,0.4255167498218104,0.9935605967508049,1.9403003416324625
cumulative,85,54714,Dummy,7,const,0.38697864182662767,0.38697864182662767,0.7739572836532553,1.9348932091331383,3.8697864182662767
cumulative,85,54714,Logistic Regression,7,C=0.1,0.7817957891918175,0.15627764270380698,0.4289822301963772,1.004030771499496,1.9624450070046944
cumulative,85,54714,Random Forest,7,depth=10,0.7993816931951518,0.1650431174514066,0.5774817509278147,1.440681298694915,2.8793472116400816
cumulative,85,54714,XGBoost,7,depth=6,0.7902532744061689,0.16942396759986877,0.4301373903212328,1.0043011281244623,1.961240691129845
cumulative,85,54714,LightGBM,7,leaves=31,0.801013618443022,0.16233857696304943,0.4255167498218104,0.9935605967508049,1.9403003416324625
cumulative,85,54714,Dummy,123,const,0.38697864182662767,0.38697864182662767,0.7739572836532553,1.9348932091331383,3.8697864182662767
cumulative,85,54714,Logistic Regression,123,C=0.1,0.7817957891918175,0.15627764270380698,0.4289822301963772,1.004030771499496,1.9624450070046944
cumulative,85,54714,Random Forest,123,depth=10,0.7948522561253669,0.165442274689301,0.5880993929264876,1.4675940718165508,2.9334185366333227
cumulative,85,54714,XGBoost,123,depth=6,0.7902532744061689,0.16942396759986877,0.4301373903212328,1.0043011281244623,1.961240691129845
cumulative,85,54714,LightGBM,123,leaves=31,0.801013618443022,0.16233857696304943,0.4255167498218104,0.9935605967508049,1.9403003416324625
cumulative,86,55899,Dummy,42,const,0.38697864182662767,0.38697864182662767,0.7739572836532553,1.9348932091331383,3.8697864182662767
cumulative,86,55899,Logistic Regression,42,C=0.1,0.7821264195431342,0.1560658097208981,0.4281711603214786,1.0019662299997543,1.9582913461302136
cumulative,86,55899,Random Forest,42,depth=20,0.784976366315659,0.16333878803063018,0.5236807825595399,1.2722982770909628,2.519994101310001
cumulative,86,55899,XGBoost,42,depth=9,0.7884388998852971,0.17486761510372162,0.432791800820901,1.010568486248679,1.9735296286283088
cumulative,86,55899,LightGBM,42,leaves=31,0.8028159522535105,0.16099204182619434,0.422247892447219,0.9827709096271536,1.916975938260378
cumulative,86,55899,Dummy,7,const,0.38697864182662767,0.38697864182662767,0.7739572836532553,1.9348932091331383,3.8697864182662767
cumulative,86,55899,Logistic Regression,7,C=0.1,0.7821264195431342,0.1560658097208981,0.4281711603214786,1.0019662299997543,1.9582913461302136
cumulative,86,55899,Random Forest,7,depth=20,0.7822662410198452,0.16370000989581648,0.5290387593088701,1.2859881534642514,2.5475704770565537
cumulative,86,55899,XGBoost,7,depth=9,0.7884388998852971,0.17486761510372162,0.432791800820901,1.010568486248679,1.9735296286283088
cumulative,86,55899,LightGBM,7,leaves=31,0.8028159522535105,0.16099204182619434,0.422247892447219,0.9827709096271536,1.916975938260378
cumulative,86,55899,Dummy,123,const,0.38697864182662767,0.38697864182662767,0.7739572836532553,1.9348932091331383,3.8697864182662767
cumulative,86,55899,Logistic Regression,123,C=0.1,0.7821264195431342,0.1560658097208981,0.4281711603214786,1.0019662299997543,1.9582913461302136
cumulative,86,55899,Random Forest,123,depth=10,0.8027092036757503,0.16329797892554815,0.5838474205520191,1.4572222085678472,2.912846855260894
cumulative,86,55899,XGBoost,123,depth=9,0.7884388998852971,0.17486761510372162,0.432791800820901,1.010568486248679,1.9735296286283088
cumulative,86,55899,LightGBM,123,leaves=31,0.8028159522535105,0.16099204182619434,0.422247892447219,0.9827709096271536,1.916975938260378
cumulative,87,57114,Dummy,42,const,0.38697864182662767,0.38697864182662767,0.7739572836532553,1.9348932091331383,3.8697864182662767
cumulative,87,57114,Logistic Regression,42,C=0.1,0.7819084095939532,0.15594989298812348,0.4273355125715831,1.0000983114999877,1.954702976380662
cumulative,87,57114,Random Forest,42,depth=20,0.7858040708652223,0.1619997350910497,0.5112443778110944,1.2376680512202916,2.4483741735689533
cumulative,87,57114,XGBoost,42,depth=6,0.7927491665346489,0.1666659265756607,0.4337994936957751,1.0130508516233687,1.9784697815026913
cumulative,87,57114,LightGBM,42,leaves=31,0.8057801862804985,0.15960253355995738,0.4172585838228427,0.9719566446285054,1.8964534126379433
cumulative,87,57114,Dummy,7,const,0.38697864182662767,0.38697864182662767,0.7739572836532553,1.9348932091331383,3.8697864182662767
cumulative,87,57114,Logistic Regression,7,C=0.1,0.7819084095939532,0.15594989298812348,0.4273355125715831,1.0000983114999877,1.954702976380662
cumulative,87,57114,Random Forest,7,depth=20,0.7855627447548801,0.16264578448936687,0.5150539484356182,1.248703517093912,2.4714527981910686
cumulative,87,57114,XGBoost,7,depth=6,0.7927491665346489,0.1666659265756607,0.4337994936957751,1.0130508516233687,1.9784697815026913
cumulative,87,57114,LightGBM,7,leaves=31,0.8057801862804985,0.15960253355995738,0.4172585838228427,0.9719566446285054,1.8964534126379433
cumulative,87,57114,Dummy,123,const,0.38697864182662767,0.38697864182662767,0.7739572836532553,1.9348932091331383,3.8697864182662767
cumulative,87,57114,Logistic Regression,123,C=0.1,0.7819084095939532,0.15594989298812348,0.4273355125715831,1.0000983114999877,1.954702976380662
cumulative,87,57114,Random Forest,123,depth=20,0.7815640222053093,0.16277614650310712,0.5165777766854278,1.2505222798436848,2.47376311844078
cumulative,87,57114,XGBoost,123,depth=6,0.7927491665346489,0.1666659265756607,0.4337994936957751,1.0130508516233687,1.9784697815026913
cumulative,87,57114,LightGBM,123,leaves=31,0.8057801862804985,0.15960253355995738,0.4172585838228427,0.9719566446285054,1.8964534126379433
cumulative,88,58201,Dummy,42,const,0.38697864182662767,0.38697864182662767,0.7739572836532553,1.9348932091331383,3.8697864182662767
cumulative,88,58201,Logistic Regression,42,C=0.1,0.7820856758800264,0.15576503161269173,0.4268439550716445,0.9990168850001229,1.9526384348809203
cumulative,88,58201,Random Forest,42,depth=10,0.8027392216175271,0.16123504416943035,0.5734264015533217,1.4305060584461868,2.8589721532676284
cumulative,88,58201,XGBoost,42,depth=6,0.7955847726402088,0.16306157410144806,0.416128001572984,0.9641900361294763,1.8776267603902967
cumulative,88,58201,LightGBM,42,leaves=31,0.8057894500039366,0.15876795874573282,0.41720942807284883,0.9703590827537051,1.8922751738884656
cumulative,88,58201,Dummy,7,const,0.38697864182662767,0.38697864182662767,0.7739572836532553,1.9348932091331383,3.8697864182662767
cumulative,88,58201,Logistic Regression,7,C=0.1,0.7820856758800264,0.15576503161269173,0.4268439550716445,0.9990168850001229,1.9526384348809203
cumulative,88,58201,Random Forest,7,depth=10,0.8066130167987476,0.1603710990696265,0.5755400988030575,1.4355691006955538,2.8689507705163813
cumulative,88,58201,XGBoost,7,depth=6,0.7955847726402088,0.16306157410144806,0.416128001572984,0.9641900361294763,1.8776267603902967
cumulative,88,58201,LightGBM,7,leaves=31,0.8057894500039366,0.15876795874573282,0.41720942807284883,0.9703590827537051,1.8922751738884656
cumulative,88,58201,Dummy,123,const,0.38697864182662767,0.38697864182662767,0.7739572836532553,1.9348932091331383,3.8697864182662767
cumulative,88,58201,Logistic Regression,123,C=0.1,0.7820856758800264,0.15576503161269173,0.4268439550716445,0.9990168850001229,1.9526384348809203
cumulative,88,58201,Random Forest,123,depth=20,0.7887007584125546,0.16071633058237791,0.5040676383119915,1.2179565954727554,2.4077715240740285
cumulative,88,58201,XGBoost,123,depth=6,0.7955847726402088,0.16306157410144806,0.416128001572984,0.9641900361294763,1.8776267603902967
cumulative,88,58201,LightGBM,123,leaves=31,0.8057894500039366,0.15876795874573282,0.41720942807284883,0.9703590827537051,1.8922751738884656
cumulative,89,59337,Dummy,42,const,0.38697864182662767,0.38697864182662767,0.7739572836532553,1.9348932091331383,3.8697864182662767
cumulative,89,59337,Logistic Regression,42,C=0.1,0.7820606549611494,0.1556571777354547,0.42583626219677045,0.9949861135006267,1.9435691990070538
cumulative,89,59337,Random Forest,42,depth=10,0.8038705969519986,0.16146373172062292,0.5844618674269423,1.4585739916926783,2.9154275321355714
cumulative,89,59337,XGBoost,42,depth=3,0.8113263110758293,0.1530093252658844,0.41804507582274436,0.9793054292525868,1.9147393516356577
cumulative,89,59337,LightGBM,42,leaves=31,0.8058830290206126,0.15850958774186333,0.4172585838228427,0.971735443753533,1.8958635436380171
cumulative,89,59337,Dummy,7,const,0.38697864182662767,0.38697864182662767,0.7739572836532553,1.9348932091331383,3.8697864182662767
cumulative,89,59337,Logistic Regression,7,C=0.1,0.7820606549611494,0.1556571777354547,0.42583626219677045,0.9949861135006267,1.9435691990070538
cumulative,89,59337,Random Forest,7,depth=10,0.8066849296720533,0.16113503222443687,0.5813158994273355,1.4510777398186152,2.900680807137415
cumulative,89,59337,XGBoost,7,depth=3,0.8113263110758293,0.1530093252658844,0.41804507582274436,0.9793054292525868,1.9147393516356577
cumulative,89,59337,LightGBM,7,leaves=31,0.8058830290206126,0.15850958774186333,0.4172585838228427,0.971735443753533,1.8958635436380171
cumulative,89,59337,Dummy,123,const,0.38697864182662767,0.38697864182662767,0.7739572836532553,1.9348932091331383,3.8697864182662767
cumulative,89,59337,Logistic Regression,123,C=0.1,0.7820606549611494,0.1556571777354547,0.42583626219677045,0.9949861135006267,1.9435691990070538
cumulative,89,59337,Random Forest,123,depth=10,0.8024133753753623,0.1614132984448799,0.5788581119276427,1.4439747339445033,2.8858357706392703
cumulative,89,59337,XGBoost,123,depth=3,0.8113263110758293,0.1530093252658844,0.41804507582274436,0.9793054292525868,1.9147393516356577
cumulative,89,59337,LightGBM,123,leaves=31,0.8058830290206126,0.15850958774186333,0.4172585838228427,0.971735443753533,1.8958635436380171
cumulative,90,60434,Dummy,42,const,0.38697864182662767,0.38697864182662767,0.7739572836532553,1.9348932091331383,3.8697864182662767
cumulative,90,60434,Logistic Regression,42,C=0.1,0.7819501193517413,0.15579750705222242,0.42246909332219135,0.9838769140020154,1.9195566151350554
cumulative,90,60434,Random Forest,42,depth=None,0.7778897631160815,0.16233709341887725,0.5238282498095215,1.2714872072160641,2.5175854695603017
cumulative,90,60434,XGBoost,42,depth=3,0.8118194715348115,0.1527872383594513,0.4139405706982574,0.9692285005038465,1.8947083835131615
cumulative,90,60434,LightGBM,42,leaves=15,0.8103526075380488,0.15476768312689332,0.4139159928232605,0.9665495121291813,1.8876053776390493
cumulative,90,60434,Dummy,7,const,0.38697864182662767,0.38697864182662767,0.7739572836532553,1.9348932091331383,3.8697864182662767
cumulative,90,60434,Logistic Regression,7,C=0.1,0.7819501193517413,0.15579750705222242,0.42246909332219135,0.9838769140020154,1.9195566151350554
cumulative,90,60434,Random Forest,7,depth=None,0.7731826358548104,0.16390576296556056,0.5342984245582127,1.297072775087866,2.5683633593039548
cumulative,90,60434,XGBoost,7,depth=3,0.8118194715348115,0.1527872383594513,0.4139405706982574,0.9692285005038465,1.8947083835131615
cumulative,90,60434,LightGBM,7,leaves=15,0.8103526075380488,0.15476768312689332,0.4139159928232605,0.9665495121291813,1.8876053776390493
cumulative,90,60434,Dummy,123,const,0.38697864182662767,0.38697864182662767,0.7739572836532553,1.9348932091331383,3.8697864182662767
cumulative,90,60434,Logistic Regression,123,C=0.1,0.7819501193517413,0.15579750705222242,0.42246909332219135,0.9838769140020154,1.9195566151350554
cumulative,90,60434,Random Forest,123,depth=20,0.7819587806358931,0.16313077053387984,0.5094747708113156,1.2291149507213606,2.4285152505714356
cumulative,90,60434,XGBoost,123,depth=3,0.8118194715348115,0.1527872383594513,0.4139405706982574,0.9692285005038465,1.8947083835131615
cumulative,90,60434,LightGBM,123,leaves=15,0.8103526075380488,0.15476768312689332,0.4139159928232605,0.9665495121291813,1.8876053776390493
cumulative,91,61724,Dummy,42,const,0.38697864182662767,0.38697864182662767,0.7739572836532553,1.9348932091331383,3.8697864182662767
cumulative,91,61724,Logistic Regression,42,C=0.1,0.7822773723102675,0.15562032847552368,0.422591982697176,0.984663406001917,1.921449111509819
cumulative,91,61724,Random Forest,42,depth=20,0.7899254511838785,0.15989045082040973,0.5101137955612358,1.2366112025954237,2.44744021431907
cumulative,91,61724,XGBoost,42,depth=9,0.7878966681439489,0.17232611775398254,0.43448767419568907,1.0132228967483472,1.9777816010027773
cumulative,91,61724,LightGBM,42,leaves=31,0.8029997070389117,0.16019496510847955,0.42183006857227123,0.9835328237520584,1.919704082385037
cumulative,91,61724,Dummy,7,const,0.38697864182662767,0.38697864182662767,0.7739572836532553,1.9348932091331383,3.8697864182662767
cumulative,91,61724,Logistic Regression,7,C=0.1,0.7822773723102675,0.15562032847552368,0.422591982697176,0.984663406001917,1.921449111509819
cumulative,91,61724,Random Forest,7,depth=20,0.788349981139599,0.16043168882723155,0.5081475655614816,1.231326959471084,2.4366259493204216
cumulative,91,61724,XGBoost,7,depth=9,0.7878966681439489,0.17232611775398254,0.43448767419568907,1.0132228967483472,1.9777816010027773
cumulative,91,61724,LightGBM,7,leaves=31,0.8029997070389117,0.16019496510847955,0.42183006857227123,0.9835328237520584,1.919704082385037
cumulative,91,61724,Dummy,123,const,0.38697864182662767,0.38697864182662767,0.7739572836532553,1.9348932091331383,3.8697864182662767
cumulative,91,61724,Logistic Regression,123,C=0.1,0.7822773723102675,0.15562032847552368,0.422591982697176,0.984663406001917,1.921449111509819
cumulative,91,61724,Random Forest,123,depth=None,0.773015855785856,0.16355538110776272,0.5180032934352495,1.2546022070931748,2.482267063189717
cumulative,91,61724,XGBoost,123,depth=9,0.7878966681439489,0.17232611775398254,0.43448767419568907,1.0132228967483472,1.9777816010027773
cumulative,91,61724,LightGBM,123,leaves=31,0.8029997070389117,0.16019496510847955,0.42183006857227123,0.9835328237520584,1.919704082385037
cumulative,92,63001,Dummy,42,const,0.38697864182662767,0.38697864182662767,0.7739572836532553,1.9348932091331383,3.8697864182662767
cumulative,92,63001,Logistic Regression,42,C=0.1,0.7823890979192691,0.15543876705220197,0.42045370757244327,0.9778061788777742,1.9067269643866591
cumulative,92,63001,Random Forest,42,depth=20,0.7870149940746755,0.1606340104366726,0.5106299309361713,1.2343254602207092,2.440484675694939
cumulative,92,63001,XGBoost,42,depth=9,0.7855121527214557,0.17471443116664886,0.43502838744562145,1.0159018851230122,1.9840243812519969
cumulative,92,63001,LightGBM,42,leaves=31,0.8070198754314934,0.15737834571494638,0.4121463858234817,0.9585862806301767,1.869319438641335
cumulative,92,63001,Dummy,7,const,0.38697864182662767,0.38697864182662767,0.7739572836532553,1.9348932091331383,3.8697864182662767
cumulative,92,63001,Logistic Regression,7,C=0.1,0.7823890979192691,0.15543876705220197,0.42045370757244327,0.9778061788777742,1.9067269643866591
cumulative,92,63001,Random Forest,7,depth=None,0.7735500326427744,0.16271199135880351,0.5319881043085015,1.291223240838597,2.556615135055423
cumulative,92,63001,XGBoost,7,depth=9,0.7855121527214557,0.17471443116664886,0.43502838744562145,1.0159018851230122,1.9840243812519969
cumulative,92,63001,LightGBM,7,leaves=31,0.8070198754314934,0.15737834571494638,0.4121463858234817,0.9585862806301767,1.869319438641335
cumulative,92,63001,Dummy,123,const,0.38697864182662767,0.38697864182662767,0.7739572836532553,1.9348932091331383,3.8697864182662767
cumulative,92,63001,Logistic Regression,123,C=0.1,0.7823890979192691,0.15543876705220197,0.42045370757244327,0.9778061788777742,1.9067269643866591
cumulative,92,63001,Random Forest,123,depth=None,0.7725304301023688,0.16376326666933763,0.5331186865583601,1.2937547619632808,2.5614815543048146
cumulative,92,63001,XGBoost,123,depth=9,0.7855121527214557,0.17471443116664886,0.43502838744562145,1.0159018851230122,1.9840243812519969
cumulative,92,63001,LightGBM,123,leaves=31,0.8070198754314934,0.15737834571494638,0.4121463858234817,0.9585862806301767,1.869319438641335
cumulative,93,64370,Dummy,42,const,0.38697864182662767,0.38697864182662767,0.7739572836532553,1.9348932091331383,3.8697864182662767
cumulative,93,64370,Logistic Regression,42,C=1.0,0.7818667685150167,0.15647681975524427,0.4024627030746922,0.9182294098852213,1.7778405879027699
cumulative,93,64370,Random Forest,42,depth=20,0.7882215457929903,0.1600655612820603,0.5084916558114385,1.2294590409713175,2.4310713495711163
cumulative,93,64370,XGBoost,42,depth=3,0.817627561508615,0.14907877147197723,0.4154889768230639,0.9771179983778603,1.9131663676358541
cumulative,93,64370,LightGBM,42,leaves=31,0.8097367457619105,0.15615811496210938,0.4118514513235186,0.9603558876299555,1.8745299481406839
cumulative,93,64370,Dummy,7,const,0.38697864182662767,0.38697864182662767,0.7739572836532553,1.9348932091331383,3.8697864182662767
cumulative,93,64370,Logistic Regression,7,C=1.0,0.7818667685150167,0.15647681975524427,0.4024627030746922,0.9182294098852213,1.7778405879027699
cumulative,93,64370,Random Forest,7,depth=20,0.7870760421397857,0.1601210368168666,0.5116622016860423,1.2371273379703591,2.4462358984442205
cumulative,93,64370,XGBoost,7,depth=3,0.817627561508615,0.14907877147197723,0.4154889768230639,0.9771179983778603,1.9131663676358541
cumulative,93,64370,LightGBM,7,leaves=31,0.8097367457619105,0.15615811496210938,0.4118514513235186,0.9603558876299555,1.8745299481406839
cumulative,93,64370,Dummy,123,const,0.38697864182662767,0.38697864182662767,0.7739572836532553,1.9348932091331383,3.8697864182662767
cumulative,93,64370,Logistic Regression,123,C=1.0,0.7818667685150167,0.15647681975524427,0.4024627030746922,0.9182294098852213,1.7778405879027699
cumulative,93,64370,Random Forest,123,depth=20,0.7871759104800186,0.1604960935588154,0.5122029149359746,1.2392164573450979,2.450905694693637
cumulative,93,64370,XGBoost,123,depth=3,0.817627561508615,0.14907877147197723,0.4154889768230639,0.9771179983778603,1.9131663676358541
cumulative,93,64370,LightGBM,123,leaves=31,0.8097367457619105,0.15615811496210938,0.4118514513235186,0.9603558876299555,1.8745299481406839
cumulative,94,65668,Dummy,42,const,0.38697864182662767,0.38697864182662767,0.7739572836532553,1.9348932091331383,3.8697864182662767
cumulative,94,65668,Logistic Regression,42,C=0.1,0.7823907019551546,0.15550276002735136,0.4126625211984172,0.9525401233809325,1.852336127018458
cumulative,94,65668,Random Forest,42,depth=20,0.7900543363543726,0.15934176032159042,0.5089832133113771,1.2310566028461178,2.434512252070686
cumulative,94,65668,XGBoost,42,depth=6,0.8006770841865413,0.16128955781459808,0.41219554157347554,0.9587091700051613,1.8695652173913044
cumulative,94,65668,LightGBM,42,leaves=31,0.809887233141565,0.1559438270570242,0.4146533290731683,0.9664757785041905,1.8861798608892275
cumulative,94,65668,Dummy,7,const,0.38697864182662767,0.38697864182662767,0.7739572836532553,1.9348932091331383,3.8697864182662767
cumulative,94,65668,Logistic Regression,7,C=0.1,0.7823907019551546,0.15550276002735136,0.4126625211984172,0.9525401233809325,1.852336127018458
cumulative,94,65668,Random Forest,7,depth=20,0.7902649241529366,0.15912214770242997,0.5024700764371912,1.211935016098508,2.394376582200703
cumulative,94,65668,XGBoost,7,depth=6,0.8006770841865413,0.16128955781459808,0.41219554157347554,0.9587091700051613,1.8695652173913044
cumulative,94,65668,LightGBM,7,leaves=31,0.809887233141565,0.1559438270570242,0.4146533290731683,0.9664757785041905,1.8861798608892275
cumulative,94,65668,Dummy,123,const,0.38697864182662767,0.38697864182662767,0.7739572836532553,1.9348932091331383,3.8697864182662767
cumulative,94,65668,Logistic Regression,123,C=0.1,0.7823907019551546,0.15550276002735136,0.4126625211984172,0.9525401233809325,1.852336127018458
cumulative,94,65668,Random Forest,123,depth=20,0.7906005201460247,0.15922210770950584,0.4978985916877627,1.2014648413498168,2.3740752574532404
cumulative,94,65668,XGBoost,123,depth=6,0.8006770841865413,0.16128955781459808,0.41219554157347554,0.9587091700051613,1.8695652173913044
cumulative,94,65668,LightGBM,123,leaves=31,0.809887233141565,0.1559438270570242,0.4146533290731683,0.9664757785041905,1.8861798608892275
cumulative,95,67202,Dummy,42,const,0.38697864182662767,0.38697864182662767,0.7739572836532553,1.9348932091331383,3.8697864182662767
cumulative,95,67202,Logistic Regression,42,C=0.1,0.7807835023024572,0.15680061744303767,0.4038144861995232,0.9211295991348588,1.7833214540270848
cumulative,95,67202,Random Forest,42,depth=20,0.7942600433667022,0.15771653257100662,0.4985376164376828,1.204832010224396,2.3819893332022515
cumulative,95,67202,XGBoost,42,depth=6,0.802048348416864,0.16034656763076782,0.4202325066974709,0.9779536461277558,1.9074888785115638
cumulative,95,67202,LightGBM,42,leaves=31,0.8116569555067624,0.1544763490067671,0.4107208690736599,0.9563496940054563,1.8657310688917836
cumulative,95,67202,Dummy,7,const,0.38697864182662767,0.38697864182662767,0.7739572836532553,1.9348932091331383,3.8697864182662767
cumulative,95,67202,Logistic Regression,7,C=0.1,0.7807835023024572,0.15680061744303767,0.4038144861995232,0.9211295991348588,1.7833214540270848
cumulative,95,67202,Random Forest,7,depth=20,0.7922021304650114,0.15846806990834575,0.5006267358124217,1.2101654090987293,2.3927298645759087
cumulative,95,67202,XGBoost,7,depth=6,0.802048348416864,0.16034656763076782,0.4202325066974709,0.9779536461277558,1.9074888785115638
cumulative,95,67202,LightGBM,7,leaves=31,0.8116569555067624,0.1544763490067671,0.4107208690736599,0.9563496940054563,1.8657310688917836
cumulative,95,67202,Dummy,123,const,0.38697864182662767,0.38697864182662767,0.7739572836532553,1.9348932091331383,3.8697864182662767
cumulative,95,67202,Logistic Regression,123,C=0.1,0.7807835023024572,0.15680061744303767,0.4038144861995232,0.9211295991348588,1.7833214540270848
cumulative,95,67202,Random Forest,123,depth=10,0.8099694345726668,0.15800128148353423,0.5725661759284292,1.4270651559466168,2.8512301226435963
cumulative,95,67202,XGBoost,123,depth=6,0.802048348416864,0.16034656763076782,0.4202325066974709,0.9779536461277558,1.9074888785115638
cumulative,95,67202,LightGBM,123,leaves=31,0.8116569555067624,0.1544763490067671,0.4107208690736599,0.9563496940054563,1.8657310688917836
cumulative,96,68622,Dummy,42,const,0.38697864182662767,0.38697864182662767,0.7739572836532553,1.9348932091331383,3.8697864182662767
cumulative,96,68622,Logistic Regression,42,C=1.0,0.7793387675911942,0.16019132915670414,0.38088332882738957,0.8425295548946838,1.6119399316735075
cumulative,96,68622,Random Forest,42,depth=10,0.8086139787825645,0.15856731256237036,0.5696414088037948,1.4204537075724433,2.838474205520191
cumulative,96,68622,XGBoost,42,depth=3,0.8133163958369313,0.15116660296916962,0.41861036694767373,0.9817877946272765,1.9204168407599478
cumulative,96,68622,LightGBM,42,leaves=15,0.8151304486105571,0.1515298614222951,0.40809103644898864,0.9524663897559417,1.85975864526753
cumulative,96,68622,Dummy,7,const,0.38697864182662767,0.38697864182662767,0.7739572836532553,1.9348932091331383,3.8697864182662767
cumulative,96,68622,Logistic Regression,7,C=1.0,0.7793387675911942,0.16019132915670414,0.38088332882738957,0.8425295548946838,1.6119399316735075
cumulative,96,68622,Random Forest,7,depth=10,0.8086853208113824,0.1575208017921079,0.5638410303045198,1.4043306215744586,2.8051466070243567
cumulative,96,68622,XGBoost,7,depth=3,0.8133163958369313,0.15116660296916962,0.41861036694767373,0.9817877946272765,1.9204168407599478
cumulative,96,68622,LightGBM,7,leaves=15,0.8151304486105571,0.1515298614222951,0.40809103644898864,0.9524663897559417,1.85975864526753
cumulative,96,68622,Dummy,123,const,0.38697864182662767,0.38697864182662767,0.7739572836532553,1.9348932091331383,3.8697864182662767
cumulative,96,68622,Logistic Regression,123,C=1.0,0.7793387675911942,0.16019132915670414,0.38088332882738957,0.8425295548946838,1.6119399316735075
cumulative,96,68622,Random Forest,123,depth=10,0.8091236298981022,0.15855402989437734,0.5700100769287487,1.4214859783223142,2.8406124806449236
cumulative,96,68622,XGBoost,123,depth=3,0.8133163958369313,0.15116660296916962,0.41861036694767373,0.9817877946272765,1.9204168407599478
cumulative,96,68622,LightGBM,123,leaves=15,0.8151304486105571,0.1515298614222951,0.40809103644898864,0.9524663897559417,1.85975864526753
cumulative,97,70028,Dummy,42,const,0.38697864182662767,0.38697864182662767,0.7739572836532553,1.9348932091331383,3.8697864182662767
cumulative,97,70028,Logistic Regression,42,C=0.1,0.7795536706561007,0.15778700262791218,0.3950647627006169,0.8910708580136162,1.7177476835352816
cumulative,97,70028,Random Forest,42,depth=10,0.8125906944710978,0.1566562635309754,0.5724432865534446,1.427384668321577,2.852286971268464
cumulative,97,70028,XGBoost,42,depth=3,0.8179651514158962,0.14910326898097992,0.408312237323961,0.954752132130656,1.8654852901418144
cumulative,97,70028,LightGBM,42,leaves=15,0.8173687545755424,0.15054355369251568,0.40359328532455085,0.9422174158822229,1.8399243001450094
cumulative,97,70028,Dummy,7,const,0.38697864182662767,0.38697864182662767,0.7739572836532553,1.9348932091331383,3.8697864182662767
cumulative,97,70028,Logistic Regression,7,C=0.1,0.7795536706561007,0.15778700262791218,0.3950647627006169,0.8910708580136162,1.7177476835352816
cumulative,97,70028,Random Forest,7,depth=10,0.812387433201408,0.15686916113087618,0.5675768673040529,1.4148499520731437,2.8269717600216286
cumulative,97,70028,XGBoost,7,depth=3,0.8179651514158962,0.14910326898097992,0.408312237323961,0.954752132130656,1.8654852901418144
cumulative,97,70028,LightGBM,7,leaves=15,0.8173687545755424,0.15054355369251568,0.40359328532455085,0.9422174158822229,1.8399243001450094
cumulative,97,70028,Dummy,123,const,0.38697864182662767,0.38697864182662767,0.7739572836532553,1.9348932091331383,3.8697864182662767
cumulative,97,70028,Logistic Regression,123,C=0.1,0.7795536706561007,0.15778700262791218,0.3950647627006169,0.8910708580136162,1.7177476835352816
cumulative,97,70028,Random Forest,123,depth=10,0.810372836851132,0.15755366532400933,0.5728119546783985,1.4274584019465677,2.8518691473935163
cumulative,97,70028,XGBoost,123,depth=3,0.8179651514158962,0.14910326898097992,0.408312237323961,0.954752132130656,1.8654852901418144
cumulative,97,70028,LightGBM,123,leaves=15,0.8173687545755424,0.15054355369251568,0.40359328532455085,0.9422174158822229,1.8399243001450094
cumulative,98,71424,Dummy,42,const,0.38697864182662767,0.38697864182662767,0.7739572836532553,1.9348932091331383,3.8697864182662767
cumulative,98,71424,Logistic Regression,42,C=1.0,0.779457395395943,0.1614884135540505,0.3741735689532283,0.8183449258977069,1.5586305208051712
cumulative,98,71424,Random Forest,42,depth=10,0.8127352557092566,0.1566401062857639,0.5639393418045076,1.4046501339494186,2.8058347875242706
cumulative,98,71424,XGBoost,42,depth=6,0.8038273323380534,0.15846379101276398,0.4067392533241576,0.9431513751321061,1.8371715781453535
cumulative,98,71424,LightGBM,42,leaves=15,0.81728957232752,0.15082371425253688,0.403544129574557,0.9396613168825423,1.8331899623958512
cumulative,98,71424,Dummy,7,const,0.38697864182662767,0.38697864182662767,0.7739572836532553,1.9348932091331383,3.8697864182662767
cumulative,98,71424,Logistic Regression,7,C=1.0,0.779457395395943,0.1614884135540505,0.3741735689532283,0.8183449258977069,1.5586305208051712
cumulative,98,71424,Random Forest,7,depth=10,0.8105540547465088,0.15778433265669864,0.575392631553076,1.4340206945707474,2.8650674662668667
cumulative,98,71424,XGBoost,7,depth=6,0.8038273323380534,0.15846379101276398,0.4067392533241576,0.9431513751321061,1.8371715781453535
cumulative,98,71424,LightGBM,7,leaves=15,0.81728957232752,0.15082371425253688,0.403544129574557,0.9396613168825423,1.8331899623958512
cumulative,98,71424,Dummy,123,const,0.38697864182662767,0.38697864182662767,0.7739572836532553,1.9348932091331383,3.8697864182662767
cumulative,98,71424,Logistic Regression,123,C=1.0,0.779457395395943,0.1614884135540505,0.3741735689532283,0.8183449258977069,1.5586305208051712
cumulative,98,71424,Random Forest,123,depth=20,0.7923237472566398,0.15804966675053578,0.4914346105635707,1.1846781527269152,2.3400840563324894
cumulative,98,71424,XGBoost,123,depth=6,0.8038273323380534,0.15846379101276398,0.4067392533241576,0.9431513751321061,1.8371715781453535
cumulative,98,71424,LightGBM,123,leaves=15,0.81728957232752,0.15082371425253688,0.403544129574557,0.9396613168825423,1.8331899623958512
cumulative,99,72577,Dummy,42,const,0.38697864182662767,0.38697864182662767,0.7739572836532553,1.9348932091331383,3.8697864182662767
cumulative,99,72577,Logistic Regression,42,C=0.1,0.7803230529481688,0.15819531693624733,0.3920171062009979,0.8803549045149557,1.6942512350382186
cumulative,99,72577,Random Forest,42,depth=10,0.811883409102677,0.15645890257727416,0.5666183301791727,1.4123430088234572,2.8218841398972643
cumulative,99,72577,XGBoost,42,depth=3,0.8199560284539242,0.14774145185947418,0.4080664585739917,0.955096222380613,1.8668124953916485
cumulative,99,72577,LightGBM,42,leaves=15,0.8188543349787094,0.14955325585946944,0.40777152407402856,0.9525155455059355,1.8604222478924473
cumulative,99,72577,Dummy,7,const,0.38697864182662767,0.38697864182662767,0.7739572836532553,1.9348932091331383,3.8697864182662767
cumulative,99,72577,Logistic Regression,7,C=0.1,0.7803230529481688,0.15819531693624733,0.3920171062009979,0.8803549045149557,1.6942512350382186
cumulative,99,72577,Random Forest,7,depth=10,0.810190513835198,0.1567033483142055,0.5710177698036227,1.4239683436970039,2.845552633519306
cumulative,99,72577,XGBoost,7,depth=3,0.8199560284539242,0.14774145185947418,0.4080664585739917,0.955096222380613,1.8668124953916485
cumulative,99,72577,LightGBM,7,leaves=15,0.8188543349787094,0.14955325585946944,0.40777152407402856,0.9525155455059355,1.8604222478924473
cumulative,99,72577,Dummy,123,const,0.38697864182662767,0.38697864182662767,0.7739572836532553,1.9348932091331383,3.8697864182662767
cumulative,99,72577,Logistic Regression,123,C=0.1,0.7803230529481688,0.15819531693624733,0.3920171062009979,0.8803549045149557,1.6942512350382186
cumulative,99,72577,Random Forest,123,depth=10,0.8102298418179359,0.15739265896676824,0.567183621304102,1.413719369823285,2.8246122840219234
cumulative,99,72577,XGBoost,123,depth=3,0.8199560284539242,0.14774145185947418,0.4080664585739917,0.955096222380613,1.8668124953916485
cumulative,99,72577,LightGBM,123,leaves=15,0.8188543349787094,0.14955325585946944,0.40777152407402856,0.9525155455059355,1.8604222478924473
cumulative,100,73578,Dummy,42,const,0.38697864182662767,0.38697864182662767,0.7739572836532553,1.9348932091331383,3.8697864182662767
cumulative,100,73578,Logistic Regression,42,C=10.0,0.7798578741896158,0.16394924230028832,0.36375254995453093,0.7806424656524197,1.4754589918155676
cumulative,100,73578,Random Forest,42,depth=10,0.8107904492865365,0.15659494134256588,0.5635952515545506,1.4046747118244156,2.8064738122741906
cumulative,100,73578,XGBoost,42,depth=3,0.8181504997707835,0.14877037703990936,0.4066409418241699,0.9530071030058741,1.8636173716420479
cumulative,100,73578,LightGBM,42,leaves=15,0.8175421937678938,0.1495740523797539,0.41512030869810995,0.9728414481283948,1.9023766805122029
cumulative,100,73578,Dummy,7,const,0.38697864182662767,0.38697864182662767,0.7739572836532553,1.9348932091331383,3.8697864182662767
cumulative,100,73578,Logistic Regression,7,C=10.0,0.7798578741896158,0.16394924230028832,0.36375254995453093,0.7806424656524197,1.4754589918155676
cumulative,100,73578,Random Forest,7,depth=10,0.8107966225300666,0.15752186757992295,0.5816354118022956,1.4510285840686215,2.9000172045124977
cumulative,100,73578,XGBoost,7,depth=3,0.8181504997707835,0.14877037703990936,0.4066409418241699,0.9530071030058741,1.8636173716420479
cumulative,100,73578,LightGBM,7,leaves=15,0.8175421937678938,0.1495740523797539,0.41512030869810995,0.9728414481283948,1.9023766805122029
cumulative,100,73578,Dummy,123,const,0.38697864182662767,0.38697864182662767,0.7739572836532553,1.9348932091331383,3.8697864182662767
cumulative,100,73578,Logistic Regression,123,C=10.0,0.7798578741896158,0.16394924230028832,0.36375254995453093,0.7806424656524197,1.4754589918155676
cumulative,100,73578,Random Forest,123,depth=10,0.8103379631127337,0.15749776830227752,0.5644063214294492,1.4064443188241944,2.8098409811487697
cumulative,100,73578,XGBoost,123,depth=3,0.8181504997707835,0.14877037703990936,0.4066409418241699,0.9530071030058741,1.8636173716420479
cumulative,100,73578,LightGBM,123,leaves=15,0.8175421937678938,0.1495740523797539,0.41512030869810995,0.9728414481283948,1.9023766805122029
cumulative,101,74468,Dummy,42,const,0.38697864182662767,0.38697864182662767,0.7739572836532553,1.9348932091331383,3.8697864182662767
cumulative,101,74468,Logistic Regression,42,C=10.0,0.7801445350871281,0.16184747560219598,0.37119964607860007,0.8082188413989726,1.536584166932927
cumulative,101,74468,Random Forest,42,depth=10,0.8145434241166104,0.15625553156148184,0.5667657974291542,1.4126379433234202,2.8224248531471967
cumulative,101,74468,XGBoost,42,depth=3,0.8209146962202231,0.147846981883049,0.4057561383242805,0.9488042863813995,1.8538845331432645
cumulative,101,74468,LightGBM,42,leaves=15,0.8179108853929277,0.14963182006075448,0.41121242657359847,0.9624450070046944,1.8811659743898543
cumulative,101,74468,Dummy,7,const,0.38697864182662767,0.38697864182662767,0.7739572836532553,1.9348932091331383,3.8697864182662767
cumulative,101,74468,Logistic Regression,7,C=10.0,0.7801445350871281,0.16184747560219598,0.37119964607860007,0.8082188413989726,1.536584166932927
cumulative,101,74468,Random Forest,7,depth=10,0.8110511869503035,0.1576722246274627,0.5798658048025168,1.4455722958193034,2.888416447513948
cumulative,101,74468,XGBoost,7,depth=3,0.8209146962202231,0.147846981883049,0.4057561383242805,0.9488042863813995,1.8538845331432645
cumulative,101,74468,LightGBM,7,leaves=15,0.8179108853929277,0.14963182006075448,0.41121242657359847,0.9624450070046944,1.8811659743898543
cumulative,101,74468,Dummy,123,const,0.38697864182662767,0.38697864182662767,0.7739572836532553,1.9348932091331383,3.8697864182662767
cumulative,101,74468,Logistic Regression,123,C=10.0,0.7801445350871281,0.16184747560219598,0.37119964607860007,0.8082188413989726,1.536584166932927
cumulative,101,74468,Random Forest,123,depth=10,0.8111430413618682,0.1570055796532495,0.5789318455526336,1.44367979944454,2.8849263892643844
cumulative,101,74468,XGBoost,123,depth=3,0.8209146962202231,0.147846981883049,0.4057561383242805,0.9488042863813995,1.8538845331432645
cumulative,101,74468,LightGBM,123,leaves=15,0.8179108853929277,0.14963182006075448,0.41121242657359847,0.9624450070046944,1.8811659743898543
cumulative,102,75405,Dummy,42,const,0.38697864182662767,0.38697864182662767,0.7739572836532553,1.9348932091331383,3.8697864182662767
cumulative,102,75405,Logistic Regression,42,C=10.0,0.780309516172182,0.16183391721055748,0.3708309779536461,0.8071865706491017,1.5344458918081942
cumulative,102,75405,Random Forest,42,depth=10,0.808487269975291,0.1576687983466193,0.5765969474279253,1.4377319536952835,2.8729569641408803
cumulative,102,75405,XGBoost,42,depth=6,0.8036996373293884,0.15866614878177643,0.4101064221987367,0.9498365571312705,1.8493867820188266
cumulative,102,75405,LightGBM,42,leaves=15,0.8184927312043906,0.1496062194040095,0.4102784673237152,0.9592990390050876,1.8743333251407084
cumulative,102,75405,Dummy,7,const,0.38697864182662767,0.38697864182662767,0.7739572836532553,1.9348932091331383,3.8697864182662767
cumulative,102,75405,Logistic Regression,7,C=10.0,0.780309516172182,0.16183391721055748,0.3708309779536461,0.8071865706491017,1.5344458918081942
cumulative,102,75405,Random Forest,7,depth=10,0.8126157348008324,0.15638723190269627,0.5654140143043233,1.4088529505738934,2.814584511023177
cumulative,102,75405,XGBoost,7,depth=6,0.8036996373293884,0.15866614878177643,0.4101064221987367,0.9498365571312705,1.8493867820188266
cumulative,102,75405,LightGBM,7,leaves=15,0.8184927312043906,0.1496062194040095,0.4102784673237152,0.9592990390050876,1.8743333251407084
cumulative,102,75405,Dummy,123,const,0.38697864182662767,0.38697864182662767,0.7739572836532553,1.9348932091331383,3.8697864182662767
cumulative,102,75405,Logistic Regression,123,C=10.0,0.780309516172182,0.16183391721055748,0.3708309779536461,0.8071865706491017,1.5344458918081942
cumulative,102,75405,Random Forest,123,depth=10,0.8129333750284371,0.1565503147456014,0.5656843709292895,1.4095657089488043,2.8160346056479955
cumulative,102,75405,XGBoost,123,depth=6,0.8036996373293884,0.15866614878177643,0.4101064221987367,0.9498365571312705,1.8493867820188266
cumulative,102,75405,LightGBM,123,leaves=15,0.8184927312043906,0.1496062194040095,0.4102784673237152,0.9592990390050876,1.8743333251407084
cumulative,103,76303,Dummy,42,const,0.38697864182662767,0.38697864182662767,0.7739572836532553,1.9348932091331383,3.8697864182662767
cumulative,103,76303,Logistic Regression,42,C=10.0,0.7808602463957671,0.16120621127965934,0.3723548062034556,0.8136505517732937,1.549143461056357
cumulative,103,76303,Random Forest,42,depth=10,0.81330178585482,0.1568798771544234,0.5698626096787672,1.4209698429473787,2.8394818983950647
cumulative,103,76303,XGBoost,42,depth=3,0.8219522969618401,0.14647777378559113,0.4019465676997567,0.9394646938825669,1.835328237520584
cumulative,103,76303,LightGBM,42,leaves=15,0.8182926223313904,0.14962554117427967,0.4128591441983926,0.9663774670042028,1.8889080050138864
cumulative,103,76303,Dummy,7,const,0.38697864182662767,0.38697864182662767,0.7739572836532553,1.9348932091331383,3.8697864182662767
cumulative,103,76303,Logistic Regression,7,C=10.0,0.7808602463957671,0.16120621127965934,0.3723548062034556,0.8136505517732937,1.549143461056357
cumulative,103,76303,Random Forest,7,depth=10,0.8115721511367191,0.15765710026796,0.5751714306781036,1.4346105635706736,2.867009118391624
cumulative,103,76303,XGBoost,7,depth=3,0.8219522969618401,0.14647777378559113,0.4019465676997567,0.9394646938825669,1.835328237520584
cumulative,103,76303,LightGBM,7,leaves=15,0.8182926223313904,0.14962554117427967,0.4128591441983926,0.9663774670042028,1.8889080050138864
cumulative,103,76303,Dummy,123,const,0.38697864182662767,0.38697864182662767,0.7739572836532553,1.9348932091331383,3.8697864182662767
cumulative,103,76303,Logistic Regression,123,C=10.0,0.7808602463957671,0.16120621127965934,0.3723548062034556,0.8136505517732937,1.549143461056357
cumulative,103,76303,Random Forest,123,depth=10,0.81101396302361,0.1567284104618126,0.5666920638041635,1.4128591441983926,2.8231376115221076
cumulative,103,76303,XGBoost,123,depth=3,0.8219522969618401,0.14647777378559113,0.4019465676997567,0.9394646938825669,1.835328237520584
cumulative,103,76303,LightGBM,123,leaves=15,0.8182926223313904,0.14962554117427967,0.4128591441983926,0.9663774670042028,1.8889080050138864
cumulative,104,76921,Dummy,42,const,0.38697864182662767,0.38697864182662767,0.7739572836532553,1.9348932091331383,3.8697864182662767
cumulative,104,76921,Logistic Regression,42,C=10.0,0.7808945948259803,0.1610162403791331,0.37326418757834195,0.8166982082729127,1.5557549094305307
cumulative,104,76921,Random Forest,42,depth=10,0.813576582512186,0.1557790884903897,0.5666920638041635,1.4122692751984662,2.8215646275223043
cumulative,104,76921,XGBoost,42,depth=6,0.8081194467493394,0.15578781068325043,0.4008897190748888,0.9267579325091553,1.8032049548995994
cumulative,104,76921,LightGBM,42,leaves=15,0.8195419324793481,0.14887324087081097,0.41239216457345096,0.9675326271290584,1.8927667313884042
cumulative,104,76921,Dummy,7,const,0.38697864182662767,0.38697864182662767,0.7739572836532553,1.9348932091331383,3.8697864182662767
cumulative,104,76921,Logistic Regression,7,C=10.0,0.7808945948259803,0.1610162403791331,0.37326418757834195,0.8166982082729127,1.5557549094305307
cumulative,104,76921,Random Forest,7,depth=10,0.8124985128576034,0.15645424275099787,0.5652173913043478,1.4075503231990563,2.81143854302357
cumulative,104,76921,XGBoost,7,depth=6,0.8081194467493394,0.15578781068325043,0.4008897190748888,0.9267579325091553,1.8032049548995994
cumulative,104,76921,LightGBM,7,leaves=15,0.8195419324793481,0.14887324087081097,0.41239216457345096,0.9675326271290584,1.8927667313884042
cumulative,104,76921,Dummy,123,const,0.38697864182662767,0.38697864182662767,0.7739572836532553,1.9348932091331383,3.8697864182662767
cumulative,104,76921,Logistic Regression,123,C=10.0,0.7808945948259803,0.1610162403791331,0.37326418757834195,0.8166982082729127,1.5557549094305307
cumulative,104,76921,Random Forest,123,depth=10,0.813521435275076,0.15647284235573883,0.5705262123036843,1.4220021136972498,2.841128616019859
cumulative,104,76921,XGBoost,123,depth=6,0.8081194467493394,0.15578781068325043,0.4008897190748888,0.9267579325091553,1.8032049548995994
cumulative,104,76921,LightGBM,123,leaves=15,0.8195419324793481,0.14887324087081097,0.41239216457345096,0.9675326271290584,1.8927667313884042
cumulative,105,77626,Dummy,42,const,0.38697864182662767,0.38697864182662767,0.7739572836532553,1.9348932091331383,3.8697864182662767
cumulative,105,77626,Logistic Regression,42,C=0.1,0.7815697986482706,0.15654950048222782,0.3995625138250547,0.9075134563865608,1.7540983606557377
cumulative,105,77626,Random Forest,42,depth=None,0.7790762586715287,0.15995350173907974,0.5109002875611375,1.236144222970482,2.4448841153193897
cumulative,105,77626,XGBoost,42,depth=3,0.8205662151393901,0.14764900505542755,0.42042912969744634,0.9948140683756482,1.9521222995059848
cumulative,105,77626,LightGBM,42,leaves=15,0.819485992296373,0.1490315558696083,0.41104038144861993,0.9630840317546145,1.8831567822646054
cumulative,105,77626,Dummy,7,const,0.38697864182662767,0.38697864182662767,0.7739572836532553,1.9348932091331383,3.8697864182662767
cumulative,105,77626,Logistic Regression,7,C=0.1,0.7815697986482706,0.15654950048222782,0.3995625138250547,0.9075134563865608,1.7540983606557377
cumulative,105,77626,Random Forest,7,depth=10,0.810021054990498,0.1570752267375332,0.5714601715535674,1.424631946321921,2.846584904269177
cumulative,105,77626,XGBoost,7,depth=3,0.8205662151393901,0.14764900505542755,0.42042912969744634,0.9948140683756482,1.9521222995059848
cumulative,105,77626,LightGBM,7,leaves=15,0.819485992296373,0.1490315558696083,0.41104038144861993,0.9630840317546145,1.8831567822646054
cumulative,105,77626,Dummy,123,const,0.38697864182662767,0.38697864182662767,0.7739572836532553,1.9348932091331383,3.8697864182662767
cumulative,105,77626,Logistic Regression,123,C=0.1,0.7815697986482706,0.15654950048222782,0.3995625138250547,0.9075134563865608,1.7540983606557377
cumulative,105,77626,Random Forest,123,depth=10,0.8114332083236229,0.1557510741989881,0.5696168309287979,1.420207928822474,2.8378597586452674
cumulative,105,77626,XGBoost,123,depth=3,0.8205662151393901,0.14764900505542755,0.42042912969744634,0.9948140683756482,1.9521222995059848
cumulative,105,77626,LightGBM,123,leaves=15,0.819485992296373,0.1490315558696083,0.41104038144861993,0.9630840317546145,1.8831567822646054
cumulative,106,78703,Dummy,42,const,0.38697864182662767,0.38697864182662767,0.7739572836532553,1.9348932091331383,3.8697864182662767
cumulative,106,78703,Logistic Regression,42,C=0.1,0.7815705631187042,0.15636583457112632,0.3997345589500332,0.9090864403863642,1.7580062427802492
cumulative,106,78703,Random Forest,42,depth=10,0.8143119247916671,0.15587017175838438,0.5625138250546857,1.4017499446997812,2.8004768107749403
cumulative,106,78703,XGBoost,42,depth=3,0.819155444137627,0.14837881922721863,0.40858259394892715,0.9574556983803181,1.8722442057659694
cumulative,106,78703,LightGBM,42,leaves=15,0.8200360404522179,0.14903476021611797,0.4136947919482882,0.9723744685034532,1.9035072627620615
cumulative,106,78703,Dummy,7,const,0.38697864182662767,0.38697864182662767,0.7739572836532553,1.9348932091331383,3.8697864182662767
cumulative,106,78703,Logistic Regression,7,C=0.1,0.7815705631187042,0.15636583457112632,0.3997345589500332,0.9090864403863642,1.7580062427802492
cumulative,106,78703,Random Forest,7,depth=10,0.8148028121637927,0.15580840846499042,0.572983999803377,1.4285889841964263,2.8545972915181754
cumulative,106,78703,XGBoost,7,depth=3,0.819155444137627,0.14837881922721863,0.40858259394892715,0.9574556983803181,1.8722442057659694
cumulative,106,78703,LightGBM,7,leaves=15,0.8200360404522179,0.14903476021611797,0.4136947919482882,0.9723744685034532,1.9035072627620615
cumulative,106,78703,Dummy,123,const,0.38697864182662767,0.38697864182662767,0.7739572836532553,1.9348932091331383,3.8697864182662767
cumulative,106,78703,Logistic Regression,123,C=0.1,0.7815705631187042,0.15636583457112632,0.3997345589500332,0.9090864403863642,1.7580062427802492
cumulative,106,78703,Random Forest,123,depth=10,0.8114398611503997,0.15667748226086461,0.5690269619288716,1.4185857890726767,2.8345171676456853
cumulative,106,78703,XGBoost,123,depth=3,0.819155444137627,0.14837881922721863,0.40858259394892715,0.9574556983803181,1.8722442057659694
cumulative,106,78703,LightGBM,123,leaves=15,0.8200360404522179,0.14903476021611797,0.4136947919482882,0.9723744685034532,1.9035072627620615
sliding,28,844,Dummy,42,const,0.38697864182662767,0.38697864182662767,0.7739572836532553,1.9348932091331383,3.8697864182662767
sliding,28,844,Logistic Regression,42,C=1.0,0.4776131796142207,0.3256905215521974,0.6799469117900067,1.5776537960527932,3.073831936490771
sliding,28,844,Random Forest,42,depth=20,0.4214093246905043,0.24194095509748823,0.7709587829036302,1.904687000761914,3.794234030525721
sliding,28,844,XGBoost,42,depth=9,0.4116933204391013,0.3262099325656891,0.7229336151596333,1.6499127485437608,3.1948779708506403
sliding,28,844,LightGBM,42,leaves=31,0.3590818240132173,0.4574033799306214,0.7676899255290388,1.439550716445056,2.5593187013050853
sliding,28,844,Dummy,7,const,0.38697864182662767,0.38697864182662767,0.7739572836532553,1.9348932091331383,3.8697864182662767
sliding,28,844,Logistic Regression,7,C=1.0,0.4776131796142207,0.3256905215521974,0.6799469117900067,1.5776537960527932,3.073831936490771
sliding,28,844,Random Forest,7,depth=10,0.41757760389848053,0.24371001721580207,0.7709833607786271,1.885983237889252,3.7443163664069603
sliding,28,844,XGBoost,7,depth=9,0.4116933204391013,0.3262099325656891,0.7229336151596333,1.6499127485437608,3.1948779708506403
sliding,28,844,LightGBM,7,leaves=31,0.3590818240132173,0.4574033799306214,0.7676899255290388,1.439550716445056,2.5593187013050853
sliding,28,844,Dummy,123,const,0.38697864182662767,0.38697864182662767,0.7739572836532553,1.9348932091331383,3.8697864182662767
sliding,28,844,Logistic Regression,123,C=1.0,0.4776131796142207,0.3256905215521974,0.6799469117900067,1.5776537960527932,3.073831936490771
sliding,28,844,Random Forest,123,depth=None,0.4366123257263457,0.23782560044974183,0.7695824219038022,1.9038267751370217,3.794234030525721
sliding,28,844,XGBoost,123,depth=9,0.4116933204391013,0.3262099325656891,0.7229336151596333,1.6499127485437608,3.1948779708506403
sliding,28,844,LightGBM,123,leaves=31,0.3590818240132173,0.4574033799306214,0.7676899255290388,1.439550716445056,2.5593187013050853
sliding,29,1537,Dummy,42,const,0.38697864182662767,0.38697864182662767,0.7739572836532553,1.9348932091331383,3.8697864182662767
sliding,29,1537,Logistic Regression,42,C=10.0,0.5038671465002533,0.3696648366501065,0.7542704057807162,1.853343819893332,3.685132843414358
sliding,29,1537,Random Forest,42,depth=None,0.4414538105620421,0.23998604659410094,0.7613242559048344,1.848895224518888,3.661513505542311
sliding,29,1537,XGBoost,42,depth=9,0.4536128760513799,0.3092007637023926,0.6911052670386119,1.5806277189274216,3.063165138742104
sliding,29,1537,LightGBM,42,leaves=31,0.3826934270696332,0.40240792839439055,0.7269889645341264,1.5044363064369455,2.8001818762749773
sliding,29,1537,Dummy,7,const,0.38697864182662767,0.38697864182662767,0.7739572836532553,1.9348932091331383,3.8697864182662767
sliding,29,1537,Logistic Regression,7,C=10.0,0.5038671465002533,0.3696648366501065,0.7542704057807162,1.853343819893332,3.685132843414358
sliding,29,1537,Random Forest,7,depth=10,0.4368233120224879,0.23824628275001378,0.7668542777791432,1.8746282596406714,3.720918229409885
sliding,29,1537,XGBoost,7,depth=9,0.4536128760513799,0.3092007637023926,0.6911052670386119,1.5806277189274216,3.063165138742104
sliding,29,1537,LightGBM,7,leaves=31,0.3826934270696332,0.40240792839439055,0.7269889645341264,1.5044363064369455,2.8001818762749773
sliding,29,1537,Dummy,123,const,0.38697864182662767,0.38697864182662767,0.7739572836532553,1.9348932091331383,3.8697864182662767
sliding,29,1537,Logistic Regression,123,C=10.0,0.5038671465002533,0.3696648366501065,0.7542704057807162,1.853343819893332,3.685132843414358
sliding,29,1537,Random Forest,123,depth=None,0.43448977367829245,0.23970349233884344,0.7658465849042692,1.8804777938899402,3.7381964755327255
sliding,29,1537,XGBoost,123,depth=9,0.4536128760513799,0.3092007637023926,0.6911052670386119,1.5806277189274216,3.063165138742104
sliding,29,1537,LightGBM,123,leaves=31,0.3826934270696332,0.40240792839439055,0.7269889645341264,1.5044363064369455,2.8001818762749773
sliding,30,2307,Dummy,42,const,0.38697864182662767,0.38697864182662767,0.7739572836532553,1.9348932091331383,3.8697864182662767
sliding,30,2307,Logistic Regression,42,C=10.0,0.46675984710314417,0.3757185207026784,0.75368053678079,1.857104234767862,3.696143731412982
sliding,30,2307,Random Forest,42,depth=10,0.514741247686994,0.222692208825604,0.7716469634035441,1.9190896355101137,3.831494089021063
sliding,30,2307,XGBoost,42,depth=3,0.5001055569870809,0.2830337584018707,0.7209182294098853,1.7481013591564873,3.460073242067491
sliding,30,2307,LightGBM,42,leaves=15,0.507599611490011,0.29127866667870306,0.7166416791604198,1.7582028657802247,3.494138176813233
sliding,30,2307,Dummy,7,const,0.38697864182662767,0.38697864182662767,0.7739572836532553,1.9348932091331383,3.8697864182662767
sliding,30,2307,Logistic Regression,7,C=10.0,0.46675984710314417,0.3757185207026784,0.75368053678079,1.857104234767862,3.696143731412982
sliding,30,2307,Random Forest,7,depth=10,0.4807599639741216,0.22428568163363263,0.7701722909037285,1.9114213385110723,3.813503084523312
sliding,30,2307,XGBoost,7,depth=3,0.5001055569870809,0.2830337584018707,0.7209182294098853,1.7481013591564873,3.460073242067491
sliding,30,2307,LightGBM,7,leaves=15,0.507599611490011,0.29127866667870306,0.7166416791604198,1.7582028657802247,3.494138176813233
sliding,30,2307,Dummy,123,const,0.38697864182662767,0.38697864182662767,0.7739572836532553,1.9348932091331383,3.8697864182662767
sliding,30,2307,Logistic Regression,123,C=10.0,0.46675984710314417,0.3757185207026784,0.75368053678079,1.857104234767862,3.696143731412982
sliding,30,2307,Random Forest,123,depth=10,0.5116202405529399,0.22248461637544578,0.7700248236537469,1.91496055251063,3.8231867672721016
sliding,30,2307,XGBoost,123,depth=3,0.5001055569870809,0.2830337584018707,0.7209182294098853,1.7481013591564873,3.460073242067491
sliding,30,2307,LightGBM,123,leaves=15,0.507599611490011,0.29127866667870306,0.7166416791604198,1.7582028657802247,3.494138176813233
sliding,31,2886,Dummy,42,const,0.38697864182662767,0.38697864182662767,0.7739572836532553,1.9348932091331383,3.8697864182662767
sliding,31,2886,Logistic Regression,42,C=1.0,0.533040989845512,0.3398590838652599,0.7566298817804212,1.8603485142674565,3.699879568412515
sliding,31,2886,Random Forest,42,depth=20,0.5457319943644254,0.22191409418670308,0.7685993069039251,1.9096271536362965,3.8113402315235825
sliding,31,2886,XGBoost,42,depth=9,0.5844057636108538,0.3155527114868164,0.6925553616634306,1.7045493646619314,3.3912060363260994
sliding,31,2886,LightGBM,42,leaves=63,0.5344967536318672,0.30481162668616135,0.6917934475385258,1.6883771229139528,3.3493499152063313
sliding,31,2886,Dummy,7,const,0.38697864182662767,0.38697864182662767,0.7739572836532553,1.9348932091331383,3.8697864182662767
sliding,31,2886,Logistic Regression,7,C=1.0,0.533040989845512,0.3398590838652599,0.7566298817804212,1.8603485142674565,3.699879568412515
sliding,31,2886,Random Forest,7,depth=20,0.5809792951102606,0.22170246342641253,0.7713028731535871,1.9201464841349818,3.8348858357706392
sliding,31,2886,XGBoost,7,depth=9,0.5844057636108538,0.3155527114868164,0.6925553616634306,1.7045493646619314,3.3912060363260994
sliding,31,2886,LightGBM,7,leaves=63,0.5344967536318672,0.30481162668616135,0.6917934475385258,1.6883771229139528,3.3493499152063313
sliding,31,2886,Dummy,123,const,0.38697864182662767,0.38697864182662767,0.7739572836532553,1.9348932091331383,3.8697864182662767
sliding,31,2886,Logistic Regression,123,C=1.0,0.533040989845512,0.3398590838652599,0.7566298817804212,1.8603485142674565,3.699879568412515
sliding,31,2886,Random Forest,123,depth=None,0.5851585268222417,0.2230819504992411,0.7675670361540541,1.908521149261435,3.810111337773736
sliding,31,2886,XGBoost,123,depth=9,0.5844057636108538,0.3155527114868164,0.6925553616634306,1.7045493646619314,3.3912060363260994
sliding,31,2886,LightGBM,123,leaves=63,0.5344967536318672,0.30481162668616135,0.6917934475385258,1.6883771229139528,3.3493499152063313
sliding,32,3738,Dummy,42,const,0.38697864182662767,0.38697864182662767,0.7739572836532553,1.9348932091331383,3.8697864182662767
sliding,32,3738,Logistic Regression,42,C=10.0,0.5255829503298332,0.31818435648694,0.7185341755351832,1.75368053678079,3.4789244721901342
sliding,32,3738,Random Forest,42,depth=None,0.5737324089381228,0.239746082646127,0.7721139430284858,1.9228746282596407,3.840809103644899
sliding,32,3738,XGBoost,42,depth=3,0.5525265110983164,0.30546852946281433,0.7252439354093445,1.7902524147762184,3.5652665470543417
sliding,32,3738,LightGBM,42,leaves=15,0.5474798620046701,0.30225465561410414,0.6984294737876963,1.7242853982844644,3.4340452724457444
sliding,32,3738,Dummy,7,const,0.38697864182662767,0.38697864182662767,0.7739572836532553,1.9348932091331383,3.8697864182662767
sliding,32,3738,Logistic Regression,7,C=10.0,0.5255829503298332,0.31818435648694,0.7185341755351832,1.75368053678079,3.4789244721901342
sliding,32,3738,Random Forest,7,depth=20,0.5931663373631973,0.2298528030246536,0.771007938653624,1.9210312876348712,3.837736869270283
sliding,32,3738,XGBoost,7,depth=3,0.5525265110983164,0.30546852946281433,0.7252439354093445,1.7902524147762184,3.5652665470543417
sliding,32,3738,LightGBM,7,leaves=15,0.5474798620046701,0.30225465561410414,0.6984294737876963,1.7242853982844644,3.4340452724457444
sliding,32,3738,Dummy,123,const,0.38697864182662767,0.38697864182662767,0.7739572836532553,1.9348932091331383,3.8697864182662767
sliding,32,3738,Logistic Regression,123,C=10.0,0.5255829503298332,0.31818435648694,0.7185341755351832,1.75368053678079,3.4789244721901342
sliding,32,3738,Random Forest,123,depth=None,0.5880468565680749,0.23854789639283405,0.7734657261533168,1.925848551134269,3.8464865927691894
sliding,32,3738,XGBoost,123,depth=3,0.5525265110983164,0.30546852946281433,0.7252439354093445,1.7902524147762184,3.5652665470543417
sliding,32,3738,LightGBM,123,leaves=15,0.5474798620046701,0.30225465561410414,0.6984294737876963,1.7242853982844644,3.4340452724457444
sliding,33,4906,Dummy,42,const,0.38697864182662767,0.38697864182662767,0.7739572836532553,1.9348932091331383,3.8697864182662767
sliding,33,4906,Logistic Regression,42,C=10.0,0.5259290883256587,0.31633114450710276,0.7266694521591663,1.776046403027994,3.525007987809374
sliding,33,4906,Random Forest,42,depth=10,0.5991195747758329,0.230988760046473,0.7752107552780987,1.9321650650084794,3.8604222478924473
sliding,33,4906,XGBoost,42,depth=9,0.5575463154742824,0.3179640769958496,0.7062698159117162,1.7420060461572493,3.468233096566471
sliding,33,4906,LightGBM,42,leaves=63,0.555207510264235,0.3106235886440265,0.6995109002875611,1.721385209034827,3.4245090569469365
sliding,33,4906,Dummy,7,const,0.38697864182662767,0.38697864182662767,0.7739572836532553,1.9348932091331383,3.8697864182662767
sliding,33,4906,Logistic Regression,7,C=10.0,0.5259290883256587,0.31633114450710276,0.7266694521591663,1.776046403027994,3.525007987809374
sliding,33,4906,Random Forest,7,depth=None,0.5938026547137316,0.23558543000871957,0.7720156315284981,1.9238823211345146,3.8436601371445427
sliding,33,4906,XGBoost,7,depth=9,0.5575463154742824,0.3179640769958496,0.7062698159117162,1.7420060461572493,3.468233096566471
sliding,33,4906,LightGBM,7,leaves=63,0.555207510264235,0.3106235886440265,0.6995109002875611,1.721385209034827,3.4245090569469365
sliding,33,4906,Dummy,123,const,0.38697864182662767,0.38697864182662767,0.7739572836532553,1.9348932091331383,3.8697864182662767
sliding,33,4906,Logistic Regression,123,C=10.0,0.5259290883256587,0.31633114450710276,0.7266694521591663,1.776046403027994,3.525007987809374
sliding,33,4906,Random Forest,123,depth=None,0.5914971447641302,0.23420113526400654,0.7691154422788605,1.91559957726055,3.826406468896699
sliding,33,4906,XGBoost,123,depth=9,0.5575463154742824,0.3179640769958496,0.7062698159117162,1.7420060461572493,3.468233096566471
sliding,33,4906,LightGBM,123,leaves=63,0.555207510264235,0.3106235886440265,0.6995109002875611,1.721385209034827,3.4245090569469365
sliding,34,5676,Dummy,42,const,0.38697864182662767,0.38697864182662767,0.7739572836532553,1.9348932091331383,3.8697864182662767
sliding,34,5676,Logistic Regression,42,C=10.0,0.5415213605439019,0.31042725960830975,0.7278983459090127,1.7881878732764764,3.555337085555583
sliding,34,5676,Random Forest,42,depth=10,0.6083820520968125,0.2344670802102716,0.7725317669034335,1.9296335438837957,3.858136505517733
sliding,34,5676,XGBoost,42,depth=6,0.5837897108608776,0.31486719846725464,0.7232285496595964,1.7888268980263966,3.564824145304397
sliding,34,5676,LightGBM,42,leaves=63,0.549988301221087,0.3076750163916713,0.6957750632880281,1.7135202890358099,3.4097623319487798
sliding,34,5676,Dummy,7,const,0.38697864182662767,0.38697864182662767,0.7739572836532553,1.9348932091331383,3.8697864182662767
sliding,34,5676,Logistic Regression,7,C=10.0,0.5415213605439019,0.31042725960830975,0.7278983459090127,1.7881878732764764,3.555337085555583
sliding,34,5676,Random Forest,7,depth=10,0.5985199507171675,0.23323927017730536,0.7735640376533045,1.9325091552584364,3.8640843512669893
sliding,34,5676,XGBoost,7,depth=6,0.5837897108608776,0.31486719846725464,0.7232285496595964,1.7888268980263966,3.564824145304397
sliding,34,5676,LightGBM,7,leaves=63,0.549988301221087,0.3076750163916713,0.6957750632880281,1.7135202890358099,3.4097623319487798
sliding,34,5676,Dummy,123,const,0.38697864182662767,0.38697864182662767,0.7739572836532553,1.9348932091331383,3.8697864182662767
sliding,34,5676,Logistic Regression,123,C=10.0,0.5415213605439019,0.31042725960830975,0.7278983459090127,1.7881878732764764,3.555337085555583
sliding,34,5676,Random Forest,123,depth=10,0.6431092221439657,0.22440893540962956,0.7685255732789343,1.9195811930100524,3.838007225895249
sliding,34,5676,XGBoost,123,depth=6,0.5837897108608776,0.31486719846725464,0.7232285496595964,1.7888268980263966,3.564824145304397
sliding,34,5676,LightGBM,123,leaves=63,0.549988301221087,0.3076750163916713,0.6957750632880281,1.7135202890358099,3.4097623319487798
sliding,35,6449,Dummy,42,const,0.38697864182662767,0.38697864182662767,0.7739572836532553,1.9348932091331383,3.8697864182662767
sliding,35,6449,Logistic Regression,42,C=0.1,0.6152889140912765,0.2884477127437649,0.7284390591589451,1.8096689360237914,3.6117187307985352
sliding,35,6449,Random Forest,42,depth=10,0.6222474448667419,0.23359434847519647,0.7737115049032861,1.9331727578833533,3.865608179516799
sliding,35,6449,XGBoost,42,depth=9,0.5899849043491459,0.3079043924808502,0.6873940079140758,1.6955538624130557,3.3758202865780222
sliding,35,6449,LightGBM,42,leaves=31,0.5618763712574223,0.29188578859614067,0.690687443163664,1.701206773662349,3.385405657826824
sliding,35,6449,Dummy,7,const,0.38697864182662767,0.38697864182662767,0.7739572836532553,1.9348932091331383,3.8697864182662767
sliding,35,6449,Logistic Regression,7,C=0.1,0.6152889140912765,0.2884477127437649,0.7284390591589451,1.8096689360237914,3.6117187307985352
sliding,35,6449,Random Forest,7,depth=10,0.6197494932550034,0.22852925931374027,0.7736131934032984,1.932926979133384,3.8651166220168602
sliding,35,6449,XGBoost,7,depth=9,0.5899849043491459,0.3079043924808502,0.6873940079140758,1.6955538624130557,3.3758202865780222
sliding,35,6449,LightGBM,7,leaves=31,0.5618763712574223,0.29188578859614067,0.690687443163664,1.701206773662349,3.385405657826824
sliding,35,6449,Dummy,123,const,0.38697864182662767,0.38697864182662767,0.7739572836532553,1.9348932091331383,3.8697864182662767
sliding,35,6449,Logistic Regression,123,C=0.1,0.6152889140912765,0.2884477127437649,0.7284390591589451,1.8096689360237914,3.6117187307985352
sliding,35,6449,Random Forest,123,depth=20,0.5949257706776749,0.24235380142237176,0.7701231351537347,1.9222110256347236,3.8423575097697054
sliding,35,6449,XGBoost,123,depth=9,0.5899849043491459,0.3079043924808502,0.6873940079140758,1.6955538624130557,3.3758202865780222
sliding,35,6449,LightGBM,123,leaves=31,0.5618763712574223,0.29188578859614067,0.690687443163664,1.701206773662349,3.385405657826824
sliding,36,7480,Dummy,42,const,0.38697864182662767,0.38697864182662767,0.7739572836532553,1.9348932091331383,3.8697864182662767
sliding,36,7480,Logistic Regression,42,C=0.1,0.649245433976654,0.2752743633740197,0.6927765625384029,1.7208444957848945,3.4342910511957134
sliding,36,7480,Random Forest,42,depth=10,0.653539009469367,0.23099804125645299,0.7653550274043306,1.9128714331358911,3.8253987760218253
sliding,36,7480,XGBoost,42,depth=6,0.6033636633963719,0.29103222489356995,0.6716887457910389,1.6588345171676457,3.30407746946199
sliding,36,7480,LightGBM,42,leaves=15,0.6042892607278394,0.28217249659089577,0.6742202669157225,1.6666011256666748,3.3205692235849287
sliding,36,7480,Dummy,7,const,0.38697864182662767,0.38697864182662767,0.7739572836532553,1.9348932091331383,3.8697864182662767
sliding,36,7480,Logistic Regression,7,C=0.1,0.649245433976654,0.2752743633740197,0.6927765625384029,1.7208444957848945,3.4342910511957134
sliding,36,7480,Random Forest,7,depth=None,0.6160715451485516,0.24660516558544412,0.7600216285299973,1.8970678595128665,3.7921449111509817
sliding,36,7480,XGBoost,7,depth=6,0.6033636633963719,0.29103222489356995,0.6716887457910389,1.6588345171676457,3.30407746946199
sliding,36,7480,LightGBM,7,leaves=15,0.6042892607278394,0.28217249659089577,0.6742202669157225,1.6666011256666748,3.3205692235849287
sliding,36,7480,Dummy,123,const,0.38697864182662767,0.38697864182662767,0.7739572836532553,1.9348932091331383,3.8697864182662767
sliding,36,7480,Logistic Regression,123,C=0.1,0.649245433976654,0.2752743633740197,0.6927765625384029,1.7208444957848945,3.4342910511957134
sliding,36,7480,Random Forest,123,depth=20,0.6359742627419456,0.2327313856585507,0.7575638410303045,1.8907021898886622,3.7792661046525917
sliding,36,7480,XGBoost,123,depth=6,0.6033636633963719,0.29103222489356995,0.6716887457910389,1.6588345171676457,3.30407746946199
sliding,36,7480,LightGBM,123,leaves=15,0.6042892607278394,0.28217249659089577,0.6742202669157225,1.6666011256666748,3.3205692235849287
sliding,37,8612,Dummy,42,const,0.38697864182662767,0.38697864182662767,0.7739572836532553,1.9348932091331383,3.8697864182662767
sliding,37,8612,Logistic Regression,42,C=0.1,0.6483592150751861,0.2562671410629422,0.6378204340452724,1.5751960085531005,3.137488632732814
sliding,37,8612,Random Forest,42,depth=10,0.6305879296719017,0.23157543048980825,0.77408017302824,1.9340575613832427,3.867353208641581
sliding,37,8612,XGBoost,42,depth=3,0.6444900568174239,0.27266979217529297,0.6532061837933493,1.6173470641728316,3.224248531471969
sliding,37,8612,LightGBM,42,leaves=31,0.6034590487258993,0.2839236311046964,0.6395163074200605,1.5726890653034138,3.127976995109003
sliding,37,8612,Dummy,7,const,0.38697864182662767,0.38697864182662767,0.7739572836532553,1.9348932091331383,3.8697864182662767
sliding,37,8612,Logistic Regression,7,C=0.1,0.6483592150751861,0.2562671410629422,0.6378204340452724,1.5751960085531005,3.137488632732814
sliding,37,8612,Random Forest,7,depth=10,0.6443184824214852,0.23055262176709876,0.7647160026544105,1.9106102686361737,3.820434045272446
sliding,37,8612,XGBoost,7,depth=3,0.6444900568174239,0.27266979217529297,0.6532061837933493,1.6173470641728316,3.224248531471969
sliding,37,8612,LightGBM,7,leaves=31,0.6034590487258993,0.2839236311046964,0.6395163074200605,1.5726890653034138,3.127976995109003
sliding,37,8612,Dummy,123,const,0.38697864182662767,0.38697864182662767,0.7739572836532553,1.9348932091331383,3.8697864182662767
sliding,37,8612,Logistic Regression,123,C=0.1,0.6483592150751861,0.2562671410629422,0.6378204340452724,1.5751960085531005,3.137488632732814
sliding,37,8612,Random Forest,123,depth=10,0.6233598273490374,0.23380346270012373,0.7737606606532799,1.9335905817583012,3.86664045026667
sliding,37,8612,XGBoost,123,depth=3,0.6444900568174239,0.27266979217529297,0.6532061837933493,1.6173470641728316,3.224248531471969
sliding,37,8612,LightGBM,123,leaves=31,0.6034590487258993,0.2839236311046964,0.6395163074200605,1.5726890653034138,3.127976995109003
sliding,38,9983,Dummy,42,const,0.38697864182662767,0.38697864182662767,0.7739572836532553,1.9348932091331383,3.8697864182662767
sliding,38,9983,Logistic Regression,42,C=10.0,0.5816162560020183,0.27106558463027924,0.7013788187873277,1.7155848305355519,3.405928183449259
sliding,38,9983,Random Forest,42,depth=None,0.6263543085191134,0.23939230053507096,0.7534347580308206,1.8794209452650723,3.756064590655492
sliding,38,9983,XGBoost,42,depth=6,0.6252751564365114,0.2840527296066284,0.6522230687934721,1.6112025954235998,3.209501806473812
sliding,38,9983,LightGBM,42,leaves=63,0.5867549212041121,0.3016988345516989,0.6942758129132155,1.7171823924103522,3.422026691572247
sliding,38,9983,Dummy,7,const,0.38697864182662767,0.38697864182662767,0.7739572836532553,1.9348932091331383,3.8697864182662767
sliding,38,9983,Logistic Regression,7,C=10.0,0.5816162560020183,0.27106558463027924,0.7013788187873277,1.7155848305355519,3.405928183449259
sliding,38,9983,Random Forest,7,depth=None,0.6252965986885958,0.24368267563438067,0.7659940521542508,1.9113721827610786,3.820335733772458
sliding,38,9983,XGBoost,7,depth=6,0.6252751564365114,0.2840527296066284,0.6522230687934721,1.6112025954235998,3.209501806473812
sliding,38,9983,LightGBM,7,leaves=63,0.5867549212041121,0.3016988345516989,0.6942758129132155,1.7171823924103522,3.422026691572247
sliding,38,9983,Dummy,123,const,0.38697864182662767,0.38697864182662767,0.7739572836532553,1.9348932091331383,3.8697864182662767
sliding,38,9983,Logistic Regression,123,C=10.0,0.5816162560020183,0.27106558463027924,0.7013788187873277,1.7155848305355519,3.405928183449259
sliding,38,9983,Random Forest,123,depth=None,0.6166177990412782,0.24346277120735177,0.76184039127977,1.900582495637427,3.7984860029001895
sliding,38,9983,XGBoost,123,depth=6,0.6252751564365114,0.2840527296066284,0.6522230687934721,1.6112025954235998,3.209501806473812
sliding,38,9983,LightGBM,123,leaves=63,0.5867549212041121,0.3016988345516989,0.6942758129132155,1.7171823924103522,3.422026691572247
sliding,39,11287,Dummy,42,const,0.38697864182662767,0.38697864182662767,0.7739572836532553,1.9348932091331383,3.8697864182662767
sliding,39,11287,Logistic Regression,42,C=1.0,0.5870330602328304,0.2632969727153208,0.6573844225428269,1.5993314818000837,3.1692432472288448
sliding,39,11287,Random Forest,42,depth=20,0.6184866536556017,0.24614467438434498,0.7606852311549144,1.8974365276378204,3.7920220217759972
sliding,39,11287,XGBoost,42,depth=9,0.6491700398069713,0.2792011499404907,0.608032049548996,1.4962272961879717,2.9765527072529308
sliding,39,11287,LightGBM,42,leaves=31,0.600109295179521,0.28808978148761694,0.6656917442917886,1.6445793496694276,3.276058691965493
sliding,39,11287,Dummy,7,const,0.38697864182662767,0.38697864182662767,0.7739572836532553,1.9348932091331383,3.8697864182662767
sliding,39,11287,Logistic Regression,7,C=1.0,0.5870330602328304,0.2632969727153208,0.6573844225428269,1.5993314818000837,3.1692432472288448
sliding,39,11287,Random Forest,7,depth=None,0.6153078226569779,0.24667654629490351,0.7457173052817854,1.85880010814265,3.713938112910758
sliding,39,11287,XGBoost,7,depth=9,0.6491700398069713,0.2792011499404907,0.608032049548996,1.4962272961879717,2.9765527072529308
sliding,39,11287,LightGBM,7,leaves=31,0.600109295179521,0.28808978148761694,0.6656917442917886,1.6445793496694276,3.276058691965493
sliding,39,11287,Dummy,123,const,0.38697864182662767,0.38697864182662767,0.7739572836532553,1.9348932091331383,3.8697864182662767
sliding,39,11287,Logistic Regression,123,C=1.0,0.5870330602328304,0.2632969727153208,0.6573844225428269,1.5993314818000837,3.1692432472288448
sliding,39,11287,Random Forest,123,depth=None,0.632115988203581,0.24099511353427405,0.7245803327844275,1.8071374148991077,3.6113992184235753
sliding,39,11287,XGBoost,123,depth=9,0.6491700398069713,0.2792011499404907,0.608032049548996,1.4962272961879717,2.9765527072529308
sliding,39,11287,LightGBM,123,leaves=31,0.600109295179521,0.28808978148761694,0.6656917442917886,1.6445793496694276,3.276058691965493
sliding,40,12315,Dummy,42,const,0.38697864182662767,0.38697864182662767,0.7739572836532553,1.9348932091331383,3.8697864182662767
sliding,40,12315,Logistic Regression,42,C=1.0,0.5965676289646882,0.26220910875123454,0.6377712782952786,1.5525843635559269,3.077272838990341
sliding,40,12315,Random Forest,42,depth=None,0.6357881840453039,0.24223084415813315,0.73799985253275,1.8402438125199696,3.6773170791653356
sliding,40,12315,XGBoost,42,depth=3,0.6513681018041644,0.269741415977478,0.638311991545211,1.5795217145525597,3.1482045862314743
sliding,40,12315,LightGBM,42,leaves=15,0.617255251213191,0.2777779828696893,0.6757686730405289,1.6731634182908546,3.335487993708064
sliding,40,12315,Dummy,7,const,0.38697864182662767,0.38697864182662767,0.7739572836532553,1.9348932091331383,3.8697864182662767
sliding,40,12315,Logistic Regression,7,C=1.0,0.5965676289646882,0.26220910875123454,0.6377712782952786,1.5525843635559269,3.077272838990341
sliding,40,12315,Random Forest,7,depth=20,0.6200684400975838,0.24492553093385735,0.7372870941578391,1.8385725170201785,3.674048221790744
sliding,40,12315,XGBoost,7,depth=3,0.6513681018041644,0.269741415977478,0.638311991545211,1.5795217145525597,3.1482045862314743
sliding,40,12315,LightGBM,7,leaves=15,0.617255251213191,0.2777779828696893,0.6757686730405289,1.6731634182908546,3.335487993708064
sliding,40,12315,Dummy,123,const,0.38697864182662767,0.38697864182662767,0.7739572836532553,1.9348932091331383,3.8697864182662767
sliding,40,12315,Logistic Regression,123,C=1.0,0.5965676289646882,0.26220910875123454,0.6377712782952786,1.5525843635559269,3.077272838990341
sliding,40,12315,Random Forest,123,depth=None,0.6355594335412128,0.23610773145723285,0.7296679529087915,1.817607589647799,3.630840317546145
sliding,40,12315,XGBoost,123,depth=3,0.6513681018041644,0.269741415977478,0.638311991545211,1.5795217145525597,3.1482045862314743
sliding,40,12315,LightGBM,123,leaves=15,0.617255251213191,0.2777779828696893,0.6757686730405289,1.6731634182908546,3.335487993708064
sliding,41,13716,Dummy,42,const,0.38697864182662767,0.38697864182662767,0.7739572836532553,1.9348932091331383,3.8697864182662767
sliding,41,13716,Logistic Regression,42,C=10.0,0.6391845286402075,0.2548110902368093,0.6415071152948116,1.5805785631774276,3.145697642981788
sliding,41,13716,Random Forest,42,depth=20,0.6241730588131148,0.2398151285397088,0.7258338044092708,1.8083171528989603,3.612456067048443
sliding,41,13716,XGBoost,42,depth=3,0.6432126118908041,0.2633066773414612,0.6443335709194583,1.590704647676162,3.1679897756040014
sliding,41,13716,LightGBM,42,leaves=15,0.6423022372906104,0.2667443903200575,0.6611694152923538,1.638656081795168,3.267800525966525
sliding,41,13716,Dummy,7,const,0.38697864182662767,0.38697864182662767,0.7739572836532553,1.9348932091331383,3.8697864182662767
sliding,41,13716,Logistic Regression,7,C=10.0,0.6391845286402075,0.2548110902368093,0.6415071152948116,1.5805785631774276,3.145697642981788
sliding,41,13716,Random Forest,7,depth=None,0.6170431520343392,0.24779596427906736,0.753975471280753,1.8803303266399587,3.7575884189053013
sliding,41,13716,XGBoost,7,depth=3,0.6432126118908041,0.2633066773414612,0.6443335709194583,1.590704647676162,3.1679897756040014
sliding,41,13716,LightGBM,7,leaves=15,0.6423022372906104,0.2667443903200575,0.6611694152923538,1.638656081795168,3.267800525966525
sliding,41,13716,Dummy,123,const,0.38697864182662767,0.38697864182662767,0.7739572836532553,1.9348932091331383,3.8697864182662767
sliding,41,13716,Logistic Regression,123,C=10.0,0.6391845286402075,0.2548110902368093,0.6415071152948116,1.5805785631774276,3.145697642981788
sliding,41,13716,Random Forest,123,depth=10,0.6497101462930124,0.23184549683801248,0.7552780986555903,1.8864256396391967,3.771671541278541
sliding,41,13716,XGBoost,123,depth=3,0.6432126118908041,0.2633066773414612,0.6443335709194583,1.590704647676162,3.1679897756040014
sliding,41,13716,LightGBM,123,leaves=15,0.6423022372906104,0.2667443903200575,0.6611694152923538,1.638656081795168,3.267800525966525
sliding,42,14938,Dummy,42,const,0.38697864182662767,0.38697864182662767,0.7739572836532553,1.9348932091331383,3.8697864182662767
sliding,42,14938,Logistic Regression,42,C=10.0,0.66564464220303,0.23884957875016297,0.5873620566765797,1.4417135694447858,2.865632757391796
sliding,42,14938,Random Forest,42,depth=20,0.62997228468935,0.24216932895521293,0.746847887531644,1.8635436380170571,3.724703222159412
sliding,42,14938,XGBoost,42,depth=3,0.6895910989174265,0.2488711029291153,0.6044191019244476,1.4955636935630545,2.9808046796273993
sliding,42,14938,LightGBM,42,leaves=15,0.656803423283127,0.2617799021073765,0.6511170644186104,1.6148155430481481,3.2209796740973777
sliding,42,14938,Dummy,7,const,0.38697864182662767,0.38697864182662767,0.7739572836532553,1.9348932091331383,3.8697864182662767
sliding,42,14938,Logistic Regression,7,C=10.0,0.66564464220303,0.23884957875016297,0.5873620566765797,1.4417135694447858,2.865632757391796
sliding,42,14938,Random Forest,7,depth=10,0.6565449652716111,0.2345911915339363,0.7620615921547423,1.9039742423870032,3.807161992774105
sliding,42,14938,XGBoost,7,depth=3,0.6895910989174265,0.2488711029291153,0.6044191019244476,1.4955636935630545,2.9808046796273993
sliding,42,14938,LightGBM,7,leaves=15,0.656803423283127,0.2617799021073765,0.6511170644186104,1.6148155430481481,3.2209796740973777
sliding,42,14938,Dummy,123,const,0.38697864182662767,0.38697864182662767,0.7739572836532553,1.9348932091331383,3.8697864182662767
sliding,42,14938,Logistic Regression,123,C=10.0,0.66564464220303,0.23884957875016297,0.5873620566765797,1.4417135694447858,2.865632757391796
sliding,42,14938,Random Forest,123,depth=20,0.6281364738345694,0.23974724858025487,0.7579325091552584,1.890775923513653,3.778848280777644
sliding,42,14938,XGBoost,123,depth=3,0.6895910989174265,0.2488711029291153,0.6044191019244476,1.4955636935630545,2.9808046796273993
sliding,42,14938,LightGBM,123,leaves=15,0.656803423283127,0.2617799021073765,0.6511170644186104,1.6148155430481481,3.2209796740973777
sliding,43,15870,Dummy,42,const,0.38697864182662767,0.38697864182662767,0.7739572836532553,1.9348932091331383,3.8697864182662767
sliding,43,15870,Logistic Regression,42,C=0.1,0.7005081311830478,0.23165031901936547,0.5694693636788163,1.4036915968245385,2.7940619854007425
sliding,43,15870,Random Forest,42,depth=20,0.640900071710705,0.23892228233885088,0.7402855949074643,1.8480595767689925,3.694349546538206
sliding,43,15870,XGBoost,42,depth=3,0.6692857436186994,0.2579054534435272,0.6323149900459606,1.567552289429056,3.126281121734215
sliding,43,15870,LightGBM,42,leaves=31,0.6479186406236861,0.2630795913489024,0.6269815911716273,1.5527072529309116,3.095583355863052
sliding,43,15870,Dummy,7,const,0.38697864182662767,0.38697864182662767,0.7739572836532553,1.9348932091331383,3.8697864182662767
sliding,43,15870,Logistic Regression,7,C=0.1,0.7005081311830478,0.23165031901936547,0.5694693636788163,1.4036915968245385,2.7940619854007425
sliding,43,15870,Random Forest,7,depth=10,0.665272093767239,0.23330028158737995,0.7410966647823629,1.851967458893504,3.7034187824120726
sliding,43,15870,XGBoost,7,depth=3,0.6692857436186994,0.2579054534435272,0.6323149900459606,1.567552289429056,3.126281121734215
sliding,43,15870,LightGBM,7,leaves=31,0.6479186406236861,0.2630795913489024,0.6269815911716273,1.5527072529309116,3.095583355863052
sliding,43,15870,Dummy,123,const,0.38697864182662767,0.38697864182662767,0.7739572836532553,1.9348932091331383,3.8697864182662767
sliding,43,15870,Logistic Regression,123,C=0.1,0.7005081311830478,0.23165031901936547,0.5694693636788163,1.4036915968245385,2.7940619854007425
sliding,43,15870,Random Forest,123,depth=None,0.6322976836863621,0.24263069348322291,0.7569248162803844,1.888441025388945,3.7743013739032123
sliding,43,15870,XGBoost,123,depth=3,0.6692857436186994,0.2579054534435272,0.6323149900459606,1.567552289429056,3.126281121734215
sliding,43,15870,LightGBM,123,leaves=31,0.6479186406236861,0.2630795913489024,0.6269815911716273,1.5527072529309116,3.095583355863052
sliding,44,16736,Dummy,42,const,0.38697864182662767,0.38697864182662767,0.7739572836532553,1.9348932091331383,3.8697864182662767
sliding,44,16736,Logistic Regression,42,C=0.1,0.7033234882683557,0.23998829506946381,0.6061395531742325,1.5015606950623048,2.9939292648757587
sliding,44,16736,Random Forest,42,depth=10,0.6801792619665445,0.2281971528898408,0.7255388699093076,1.8133310393983335,3.62631798854671
sliding,44,16736,XGBoost,42,depth=3,0.6697365807902306,0.2700870931148529,0.645783665544277,1.6062378646742204,3.206994863224126
sliding,44,16736,LightGBM,42,leaves=31,0.642889819231331,0.2706508713906383,0.6791849976651019,1.6843955071644505,3.3597463563300316
sliding,44,16736,Dummy,7,const,0.38697864182662767,0.38697864182662767,0.7739572836532553,1.9348932091331383,3.8697864182662767
sliding,44,16736,Logistic Regression,7,C=0.1,0.7033234882683557,0.23998829506946381,0.6061395531742325,1.5015606950623048,2.9939292648757587
sliding,44,16736,Random Forest,7,depth=20,0.6384917732858363,0.2467009560196527,0.752967778405879,1.8793226337650846,3.7565807260304274
sliding,44,16736,XGBoost,7,depth=3,0.6697365807902306,0.2700870931148529,0.645783665544277,1.6062378646742204,3.206994863224126
sliding,44,16736,LightGBM,7,leaves=31,0.642889819231331,0.2706508713906383,0.6791849976651019,1.6843955071644505,3.3597463563300316
sliding,44,16736,Dummy,123,const,0.38697864182662767,0.38697864182662767,0.7739572836532553,1.9348932091331383,3.8697864182662767
sliding,44,16736,Logistic Regression,123,C=0.1,0.7033234882683557,0.23998829506946381,0.6061395531742325,1.5015606950623048,2.9939292648757587
sliding,44,16736,Random Forest,123,depth=10,0.6768989697846561,0.23161650780069384,0.7463317521567085,1.864944576891882,3.7292992847838375
sliding,44,16736,XGBoost,123,depth=3,0.6697365807902306,0.2700870931148529,0.645783665544277,1.6062378646742204,3.206994863224126
sliding,44,16736,LightGBM,123,leaves=31,0.642889819231331,0.2706508713906383,0.6791849976651019,1.6843955071644505,3.3597463563300316
sliding,45,17281,Dummy,42,const,0.38697864182662767,0.38697864182662767,0.7739572836532553,1.9348932091331383,3.8697864182662767
sliding,45,17281,Logistic Regression,42,C=0.1,0.7018666428063056,0.24212576223380872,0.615872391673016,1.5264826603091897,3.0441664413694793
sliding,45,17281,Random Forest,42,depth=None,0.6548712438098692,0.23856372424213873,0.7229336151596333,1.8045321601494335,3.6071964017991003
sliding,45,17281,XGBoost,42,depth=6,0.6391454835208248,0.28748926520347595,0.6832895027895888,1.693071497038366,3.3760414874529947
sliding,45,17281,LightGBM,42,leaves=63,0.6436182153221336,0.2845326870149902,0.6605303905424337,1.6391230614201096,3.270110846216236
sliding,45,17281,Dummy,7,const,0.38697864182662767,0.38697864182662767,0.7739572836532553,1.9348932091331383,3.8697864182662767
sliding,45,17281,Logistic Regression,7,C=0.1,0.7018666428063056,0.24212576223380872,0.615872391673016,1.5264826603091897,3.0441664413694793
sliding,45,17281,Random Forest,7,depth=20,0.6491692599109331,0.2381263762034958,0.7528940447808883,1.879912502765011,3.7582765994052156
sliding,45,17281,XGBoost,7,depth=6,0.6391454835208248,0.28748926520347595,0.6832895027895888,1.693071497038366,3.3760414874529947
sliding,45,17281,LightGBM,7,leaves=63,0.6436182153221336,0.2845326870149902,0.6605303905424337,1.6391230614201096,3.270110846216236
sliding,45,17281,Dummy,123,const,0.38697864182662767,0.38697864182662767,0.7739572836532553,1.9348932091331383,3.8697864182662767
sliding,45,17281,Logistic Regression,123,C=0.1,0.7018666428063056,0.24212576223380872,0.615872391673016,1.5264826603091897,3.0441664413694793
sliding,45,17281,Random Forest,123,depth=None,0.6644554834895827,0.2330406319012831,0.7285619485339297,1.8178287905227715,3.6332735271708407
sliding,45,17281,XGBoost,123,depth=6,0.6391454835208248,0.28748926520347595,0.6832895027895888,1.693071497038366,3.3760414874529947
sliding,45,17281,LightGBM,123,leaves=63,0.6436182153221336,0.2845326870149902,0.6605303905424337,1.6391230614201096,3.270110846216236
sliding,46,17702,Dummy,42,const,0.38697864182662767,0.38697864182662767,0.7739572836532553,1.9348932091331383,3.8697864182662767
sliding,46,17702,Logistic Regression,42,C=0.1,0.6990389771361449,0.24453404060905423,0.6213778356723277,1.5412785410573402,3.0744463833656943
sliding,46,17702,Random Forest,42,depth=None,0.654687549845432,0.238982230245343,0.7276771450340404,1.8155430481480572,3.6286528866714183
sliding,46,17702,XGBoost,42,depth=3,0.676079186250658,0.2642228603363037,0.6431538329196058,1.5986678791751665,3.191191289601101
sliding,46,17702,LightGBM,42,leaves=15,0.6489188521257189,0.2691001975736002,0.6790866861651141,1.688278811413965,3.370265686828717
sliding,46,17702,Dummy,7,const,0.38697864182662767,0.38697864182662767,0.7739572836532553,1.9348932091331383,3.8697864182662767
sliding,46,17702,Logistic Regression,7,C=0.1,0.6990389771361449,0.24453404060905423,0.6213778356723277,1.5412785410573402,3.0744463833656943
sliding,46,17702,Random Forest,7,depth=None,0.6421534410305976,0.24586329739985652,0.7285373706589329,1.8186152825226731,3.6354118022955735
sliding,46,17702,XGBoost,7,depth=3,0.676079186250658,0.2642228603363037,0.6431538329196058,1.5986678791751665,3.191191289601101
sliding,46,17702,LightGBM,7,leaves=15,0.6489188521257189,0.2691001975736002,0.6790866861651141,1.688278811413965,3.370265686828717
sliding,46,17702,Dummy,123,const,0.38697864182662767,0.38697864182662767,0.7739572836532553,1.9348932091331383,3.8697864182662767
sliding,46,17702,Logistic Regression,123,C=0.1,0.6990389771361449,0.24453404060905423,0.6213778356723277,1.5412785410573402,3.0744463833656943
sliding,46,17702,Random Forest,123,depth=20,0.6512437123286315,0.2404516448842684,0.734952196033131,1.8343942782707008,3.6667977486666503
sliding,46,17702,XGBoost,123,depth=3,0.676079186250658,0.2642228603363037,0.6431538329196058,1.5986678791751665,3.191191289601101
sliding,46,17702,LightGBM,123,leaves=15,0.6489188521257189,0.2691001975736002,0.6790866861651141,1.688278811413965,3.370265686828717
sliding,47,18386,Dummy,42,const,0.38697864182662767,0.38697864182662767,0.7739572836532553,1.9348932091331383,3.8697864182662767
sliding,47,18386,Logistic Regression,42,C=0.1,0.6996311066879064,0.2407862589860189,0.6102194804237225,1.5116130459360484,3.013935655123258
sliding,47,18386,Random Forest,42,depth=10,0.6810223819562726,0.22865887500457852,0.7379261189077593,1.8441516946444811,3.6878609875390174
sliding,47,18386,XGBoost,42,depth=3,0.6737641981449543,0.2659241855144501,0.6564996190429375,1.6306682724211665,3.254282694718215
sliding,47,18386,LightGBM,42,leaves=15,0.6474131185757026,0.27471466871817046,0.7083097795364612,1.7612259444048468,3.5160862191854894
sliding,47,18386,Dummy,7,const,0.38697864182662767,0.38697864182662767,0.7739572836532553,1.9348932091331383,3.8697864182662767
sliding,47,18386,Logistic Regression,7,C=0.1,0.6996311066879064,0.2407862589860189,0.6102194804237225,1.5116130459360484,3.013935655123258
sliding,47,18386,Random Forest,7,depth=20,0.6442158093151782,0.24471051492035217,0.740408484282449,1.8478137980190232,3.6934893209133137
sliding,47,18386,XGBoost,7,depth=3,0.6737641981449543,0.2659241855144501,0.6564996190429375,1.6306682724211665,3.254282694718215
sliding,47,18386,LightGBM,7,leaves=15,0.6474131185757026,0.27471466871817046,0.7083097795364612,1.7612259444048468,3.5160862191854894
sliding,47,18386,Dummy,123,const,0.38697864182662767,0.38697864182662767,0.7739572836532553,1.9348932091331383,3.8697864182662767
sliding,47,18386,Logistic Regression,123,C=0.1,0.6996311066879064,0.2407862589860189,0.6102194804237225,1.5116130459360484,3.013935655123258
sliding,47,18386,Random Forest,123,depth=10,0.672436255963,0.23613862619281967,0.7454223707818222,1.8627817238921522,3.725047312409369
sliding,47,18386,XGBoost,123,depth=3,0.6737641981449543,0.2659241855144501,0.6564996190429375,1.6306682724211665,3.254282694718215
sliding,47,18386,LightGBM,123,leaves=15,0.6474131185757026,0.27471466871817046,0.7083097795364612,1.7612259444048468,3.5160862191854894
sliding,48,19000,Dummy,42,const,0.38697864182662767,0.38697864182662767,0.7739572836532553,1.9348932091331383,3.8697864182662767
sliding,48,19000,Logistic Regression,42,C=0.1,0.7016672266206281,0.23936111865474344,0.6127510015484061,1.5176837810602894,3.025905080246762
sliding,48,19000,Random Forest,42,depth=None,0.6362272188286084,0.24646841647887036,0.7562120579054735,1.8864747953891907,3.7702460245287193
sliding,48,19000,XGBoost,42,depth=6,0.6422331465130596,0.28244972229003906,0.6785705507901787,1.6814215842898224,3.352839973455895
sliding,48,19000,LightGBM,42,leaves=15,0.6557949842529963,0.2634536229557499,0.6624966205421879,1.6462506451692187,3.2858406862142697
sliding,48,19000,Dummy,7,const,0.38697864182662767,0.38697864182662767,0.7739572836532553,1.9348932091331383,3.8697864182662767
sliding,48,19000,Logistic Regression,7,C=0.1,0.7016672266206281,0.23936111865474344,0.6127510015484061,1.5176837810602894,3.025905080246762
sliding,48,19000,Random Forest,7,depth=10,0.6854902449302247,0.2280509958956411,0.7303315555337085,1.8252758866468406,3.6501831051687272
sliding,48,19000,XGBoost,7,depth=6,0.6422331465130596,0.28244972229003906,0.6785705507901787,1.6814215842898224,3.352839973455895
sliding,48,19000,LightGBM,7,leaves=15,0.6557949842529963,0.2634536229557499,0.6624966205421879,1.6462506451692187,3.2858406862142697
sliding,48,19000,Dummy,123,const,0.38697864182662767,0.38697864182662767,0.7739572836532553,1.9348932091331383,3.8697864182662767
sliding,48,19000,Logistic Regression,123,C=0.1,0.7016672266206281,0.23936111865474344,0.6127510015484061,1.5176837810602894,3.025905080246762
sliding,48,19000,Random Forest,123,depth=None,0.6420584423360551,0.24064649804179394,0.750583724531177,1.8726620296409173,3.742792538157151
sliding,48,19000,XGBoost,123,depth=6,0.6422331465130596,0.28244972229003906,0.6785705507901787,1.6814215842898224,3.352839973455895
sliding,48,19000,LightGBM,123,leaves=15,0.6557949842529963,0.2634536229557499,0.6624966205421879,1.6462506451692187,3.2858406862142697
sliding,49,19845,Dummy,42,const,0.38697864182662767,0.38697864182662767,0.7739572836532553,1.9348932091331383,3.8697864182662767
sliding,49,19845,Logistic Regression,42,C=0.1,0.7057710127501293,0.24221407990219584,0.6190429375476196,1.5353306953080836,3.0624769582421902
sliding,49,19845,Random Forest,42,depth=20,0.6481122606176875,0.24478298155096453,0.7460122397817485,1.8620443876422446,3.722097967409738
sliding,49,19845,XGBoost,42,depth=9,0.6249716620129419,0.3077436089515686,0.7160026544104997,1.7766608499029173,3.544424509056947
sliding,49,19845,LightGBM,42,leaves=63,0.6402357342364429,0.27845548422112637,0.6615380834173077,1.6404256887949469,3.271905031091012
sliding,49,19845,Dummy,7,const,0.38697864182662767,0.38697864182662767,0.7739572836532553,1.9348932091331383,3.8697864182662767
sliding,49,19845,Logistic Regression,7,C=0.1,0.7057710127501293,0.24221407990219584,0.6190429375476196,1.5353306953080836,3.0624769582421902
sliding,49,19845,Random Forest,7,depth=20,0.6495182547972018,0.24197350360143,0.7262024725342247,1.8121513013984811,3.6220660161722416
sliding,49,19845,XGBoost,7,depth=9,0.6249716620129419,0.3077436089515686,0.7160026544104997,1.7766608499029173,3.544424509056947
sliding,49,19845,LightGBM,7,leaves=63,0.6402357342364429,0.27845548422112637,0.6615380834173077,1.6404256887949469,3.271905031091012
sliding,49,19845,Dummy,123,const,0.38697864182662767,0.38697864182662767,0.7739572836532553,1.9348932091331383,3.8697864182662767
sliding,49,19845,Logistic Regression,123,C=0.1,0.7057710127501293,0.24221407990219584,0.6190429375476196,1.5353306953080836,3.0624769582421902
sliding,49,19845,Random Forest,123,depth=None,0.6516749168070852,0.23889356034631987,0.7159289207855088,1.7869098237766363,3.5718779954285154
sliding,49,19845,XGBoost,123,depth=9,0.6249716620129419,0.3077436089515686,0.7160026544104997,1.7766608499029173,3.544424509056947
sliding,49,19845,LightGBM,123,leaves=63,0.6402357342364429,0.27845548422112637,0.6615380834173077,1.6404256887949469,3.271905031091012
sliding,50,20452,Dummy,42,const,0.38697864182662767,0.38697864182662767,0.7739572836532553,1.9348932091331383,3.8697864182662767
sliding,50,20452,Logistic Regression,42,C=0.1,0.707095327773064,0.24032343713576343,0.6139798952982525,1.5220832206847397,3.0355887629955514
sliding,50,20452,Random Forest,42,depth=10,0.6902645008609242,0.22572301387533789,0.7475852237815519,1.8684100572664488,3.7364514464079437
sliding,50,20452,XGBoost,42,depth=3,0.6706169399300375,0.26208990812301636,0.6439403249195075,1.5977584978002801,3.187455452601568
sliding,50,20452,LightGBM,42,leaves=63,0.6420291078758431,0.273154091363668,0.6606041241674245,1.6370585199203678,3.2644825128419397
sliding,50,20452,Dummy,7,const,0.38697864182662767,0.38697864182662767,0.7739572836532553,1.9348932091331383,3.8697864182662767
sliding,50,20452,Logistic Regression,7,C=0.1,0.707095327773064,0.24032343713576343,0.6139798952982525,1.5220832206847397,3.0355887629955514
sliding,50,20452,Random Forest,7,depth=10,0.6806409623437291,0.229690786342637,0.7295204856588099,1.8232850787720893,3.6462260672942217
sliding,50,20452,XGBoost,7,depth=3,0.6706169399300375,0.26208990812301636,0.6439403249195075,1.5977584978002801,3.187455452601568
sliding,50,20452,LightGBM,7,leaves=63,0.6420291078758431,0.273154091363668,0.6606041241674245,1.6370585199203678,3.2644825128419397
sliding,50,20452,Dummy,123,const,0.38697864182662767,0.38697864182662767,0.7739572836532553,1.9348932091331383,3.8697864182662767
sliding,50,20452,Logistic Regression,123,C=0.1,0.707095327773064,0.24032343713576343,0.6139798952982525,1.5220832206847397,3.0355887629955514
sliding,50,20452,Random Forest,123,depth=10,0.6831684801791944,0.2288514404052596,0.709071693661366,1.7717944306535256,3.5429989923071252
sliding,50,20452,XGBoost,123,depth=3,0.6706169399300375,0.26208990812301636,0.6439403249195075,1.5977584978002801,3.187455452601568
sliding,50,20452,LightGBM,123,leaves=63,0.6420291078758431,0.273154091363668,0.6606041241674245,1.6370585199203678,3.2644825128419397
sliding,51,20767,Dummy,42,const,0.38697864182662767,0.38697864182662767,0.7739572836532553,1.9348932091331383,3.8697864182662767
sliding,51,20767,Logistic Regression,42,C=0.1,0.7114753310189309,0.2334199749581675,0.581143854302357,1.4376336421952958,2.8651166220168602
sliding,51,20767,Random Forest,42,depth=None,0.6590542556352811,0.23720713651797484,0.7160272322854966,1.7870818689016148,3.5721729299284783
sliding,51,20767,XGBoost,42,depth=9,0.641259811956238,0.29360634088516235,0.6893356600388331,1.708039422911495,3.405879027699265
sliding,51,20767,LightGBM,42,leaves=63,0.6300229064169227,0.2852304811728879,0.677464546415317,1.6810529161648684,3.3537001990807873
sliding,51,20767,Dummy,7,const,0.38697864182662767,0.38697864182662767,0.7739572836532553,1.9348932091331383,3.8697864182662767
sliding,51,20767,Logistic Regression,7,C=0.1,0.7114753310189309,0.2334199749581675,0.581143854302357,1.4376336421952958,2.8651166220168602
sliding,51,20767,Random Forest,7,depth=10,0.6844191407462134,0.2308599256766002,0.716936613660383,1.7918253987760218,3.5833067073020866
sliding,51,20767,XGBoost,7,depth=9,0.641259811956238,0.29360634088516235,0.6893356600388331,1.708039422911495,3.405879027699265
sliding,51,20767,LightGBM,7,leaves=63,0.6300229064169227,0.2852304811728879,0.677464546415317,1.6810529161648684,3.3537001990807873
sliding,51,20767,Dummy,123,const,0.38697864182662767,0.38697864182662767,0.7739572836532553,1.9348932091331383,3.8697864182662767
sliding,51,20767,Logistic Regression,123,C=0.1,0.7114753310189309,0.2334199749581675,0.581143854302357,1.4376336421952958,2.8651166220168602
sliding,51,20767,Random Forest,123,depth=None,0.6420372704564246,0.24234409970087883,0.7378769631577654,1.8415955956448005,3.681126649789859
sliding,51,20767,XGBoost,123,depth=9,0.641259811956238,0.29360634088516235,0.6893356600388331,1.708039422911495,3.405879027699265
sliding,51,20767,LightGBM,123,leaves=63,0.6300229064169227,0.2852304811728879,0.677464546415317,1.6810529161648684,3.3537001990807873
sliding,52,21257,Dummy,42,const,0.38697864182662767,0.38697864182662767,0.7739572836532553,1.9348932091331383,3.8697864182662767
sliding,52,21257,Logistic Regression,42,C=0.1,0.7115927770743793,0.23500798667238199,0.5916140290510482,1.4642514808169687,2.918647233760169
sliding,52,21257,Random Forest,42,depth=10,0.6811527275489729,0.2284828059799582,0.7480030476564996,1.8691965492663505,3.7378523852827685
sliding,52,21257,XGBoost,42,depth=9,0.6286591335106699,0.29996269941329956,0.6873448521640819,1.7030992700371126,3.396023299825497
sliding,52,21257,LightGBM,42,leaves=63,0.6396987628688088,0.2852587528673761,0.6860422247892447,1.7035662496620543,3.39943962445007
sliding,52,21257,Dummy,7,const,0.38697864182662767,0.38697864182662767,0.7739572836532553,1.9348932091331383,3.8697864182662767
sliding,52,21257,Logistic Regression,7,C=0.1,0.7115927770743793,0.23500798667238199,0.5916140290510482,1.4642514808169687,2.918647233760169
sliding,52,21257,Random Forest,7,depth=None,0.6510714513124165,0.2392250169382754,0.7365989136579252,1.8384004718951998,3.674736402290658
sliding,52,21257,XGBoost,7,depth=9,0.6286591335106699,0.29996269941329956,0.6873448521640819,1.7030992700371126,3.396023299825497
sliding,52,21257,LightGBM,7,leaves=63,0.6396987628688088,0.2852587528673761,0.6860422247892447,1.7035662496620543,3.39943962445007
sliding,52,21257,Dummy,123,const,0.38697864182662767,0.38697864182662767,0.7739572836532553,1.9348932091331383,3.8697864182662767
sliding,52,21257,Logistic Regression,123,C=0.1,0.7115927770743793,0.23500798667238199,0.5916140290510482,1.4642514808169687,2.918647233760169
sliding,52,21257,Random Forest,123,depth=10,0.6852368716400694,0.2270083977842144,0.7452257477818468,1.8623639000172045,3.7242608204094676
sliding,52,21257,XGBoost,123,depth=9,0.6286591335106699,0.29996269941329956,0.6873448521640819,1.7030992700371126,3.396023299825497
sliding,52,21257,LightGBM,123,leaves=63,0.6396987628688088,0.2852587528673761,0.6860422247892447,1.7035662496620543,3.39943962445007
sliding,53,21637,Dummy,42,const,0.38697864182662767,0.38697864182662767,0.7739572836532553,1.9348932091331383,3.8697864182662767
sliding,53,21637,Logistic Regression,42,C=0.1,0.710774074146193,0.21734733110394355,0.5223289994347089,1.2678496817165188,2.510384152186202
sliding,53,21637,Random Forest,42,depth=None,0.6681900893496735,0.23407487977357935,0.7000516135374936,1.7465529530316808,3.49072185218866
sliding,53,21637,XGBoost,42,depth=3,0.6928217713979157,0.25329020619392395,0.6231474426721065,1.5477671000565292,3.0887998623639
sliding,53,21637,LightGBM,42,leaves=15,0.6778337758785238,0.2510939586574912,0.6159952810480006,1.5269742178091281,3.0452724457443408
sliding,53,21637,Dummy,7,const,0.38697864182662767,0.38697864182662767,0.7739572836532553,1.9348932091331383,3.8697864182662767
sliding,53,21637,Logistic Regression,7,C=0.1,0.710774074146193,0.21734733110394355,0.5223289994347089,1.2678496817165188,2.510384152186202
sliding,53,21637,Random Forest,7,depth=10,0.6907361525772735,0.2265621276491653,0.6985032074126871,1.7454469486568192,3.490353184063706
sliding,53,21637,XGBoost,7,depth=3,0.6928217713979157,0.25329020619392395,0.6231474426721065,1.5477671000565292,3.0887998623639
sliding,53,21637,LightGBM,7,leaves=15,0.6778337758785238,0.2510939586574912,0.6159952810480006,1.5269742178091281,3.0452724457443408
sliding,53,21637,Dummy,123,const,0.38697864182662767,0.38697864182662767,0.7739572836532553,1.9348932091331383,3.8697864182662767
sliding,53,21637,Logistic Regression,123,C=0.1,0.710774074146193,0.21734733110394355,0.5223289994347089,1.2678496817165188,2.510384152186202
sliding,53,21637,Random Forest,123,depth=10,0.6907525723934751,0.22504422563434814,0.7275050999090619,1.8180254135227467,3.635559269545555
sliding,53,21637,XGBoost,123,depth=3,0.6928217713979157,0.25329020619392395,0.6231474426721065,1.5477671000565292,3.0887998623639
sliding,53,21637,LightGBM,123,leaves=15,0.6778337758785238,0.2510939586574912,0.6159952810480006,1.5269742178091281,3.0452724457443408
sliding,54,21379,Dummy,42,const,0.38697864182662767,0.38697864182662767,0.7739572836532553,1.9348932091331383,3.8697864182662767
sliding,54,21379,Logistic Regression,42,C=0.1,0.7100848193445117,0.3520846149705433,0.7634379531545703,1.906751542261656,3.812274190773466
sliding,54,21379,Random Forest,42,depth=10,0.7079168523395047,0.22080444502054497,0.6751788040406026,1.6871728070391034,3.3738294787032714
sliding,54,21379,XGBoost,42,depth=9,0.6713783408809764,0.28244417905807495,0.64104013566987,1.5854941381768133,3.159584142355052
sliding,54,21379,LightGBM,42,leaves=63,0.6589313273661902,0.27406306044105244,0.6474795389190651,1.6075650699240545,3.2077076215990363
sliding,54,21379,Dummy,7,const,0.38697864182662767,0.38697864182662767,0.7739572836532553,1.9348932091331383,3.8697864182662767
sliding,54,21379,Logistic Regression,7,C=0.1,0.7100848193445117,0.3520846149705433,0.7634379531545703,1.906751542261656,3.812274190773466
sliding,54,21379,Random Forest,7,depth=10,0.6992393112650275,0.2227015281614099,0.6824292771646964,1.7055570575368053,3.4107700248236537
sliding,54,21379,XGBoost,7,depth=9,0.6713783408809764,0.28244417905807495,0.64104013566987,1.5854941381768133,3.159584142355052
sliding,54,21379,LightGBM,7,leaves=63,0.6589313273661902,0.27406306044105244,0.6474795389190651,1.6075650699240545,3.2077076215990363
sliding,54,21379,Dummy,123,const,0.38697864182662767,0.38697864182662767,0.7739572836532553,1.9348932091331383,3.8697864182662767
sliding,54,21379,Logistic Regression,123,C=0.1,0.7100848193445117,0.3520846149705433,0.7634379531545703,1.906751542261656,3.812274190773466
sliding,54,21379,Random Forest,123,depth=10,0.6946386459711621,0.22533770361583408,0.6827733674146533,1.7062698159117162,3.412097230073488
sliding,54,21379,XGBoost,123,depth=9,0.6713783408809764,0.28244417905807495,0.64104013566987,1.5854941381768133,3.159584142355052
sliding,54,21379,LightGBM,123,leaves=63,0.6589313273661902,0.27406306044105244,0.6474795389190651,1.6075650699240545,3.2077076215990363
sliding,55,21083,Dummy,42,const,0.38697864182662767,0.38697864182662767,0.7739572836532553,1.9348932091331383,3.8697864182662767
sliding,55,21083,Logistic Regression,42,C=1.0,0.716825604585825,0.3078092886832927,0.7427188045321601,1.8543269348932092,3.707007152161624
sliding,55,21083,Random Forest,42,depth=10,0.6997933355607169,0.22485744886854783,0.7009855727873768,1.7519109297810112,3.5034531914370683
sliding,55,21083,XGBoost,42,depth=3,0.7066761946021602,0.24555659294128418,0.6013222896748347,1.4918770123135154,2.9761348833779833
sliding,55,21083,LightGBM,42,leaves=15,0.6975380693283773,0.24403855231223787,0.589991889301251,1.462408140192199,2.9164352250104457
sliding,55,21083,Dummy,7,const,0.38697864182662767,0.38697864182662767,0.7739572836532553,1.9348932091331383,3.8697864182662767
sliding,55,21083,Logistic Regression,7,C=1.0,0.716825604585825,0.3078092886832927,0.7427188045321601,1.8543269348932092,3.707007152161624
sliding,55,21083,Random Forest,7,depth=10,0.7041726060191766,0.22361196235871408,0.7075478654115566,1.7684272617789465,3.53655958905793
sliding,55,21083,XGBoost,7,depth=3,0.7066761946021602,0.24555659294128418,0.6013222896748347,1.4918770123135154,2.9761348833779833
sliding,55,21083,LightGBM,7,leaves=15,0.6975380693283773,0.24403855231223787,0.589991889301251,1.462408140192199,2.9164352250104457
sliding,55,21083,Dummy,123,const,0.38697864182662767,0.38697864182662767,0.7739572836532553,1.9348932091331383,3.8697864182662767
sliding,55,21083,Logistic Regression,123,C=1.0,0.716825604585825,0.3078092886832927,0.7427188045321601,1.8543269348932092,3.707007152161624
sliding,55,21083,Random Forest,123,depth=10,0.7102320031662244,0.22151872647834123,0.6957750632880281,1.7391795905326026,3.4781871359402268
sliding,55,21083,XGBoost,123,depth=3,0.7066761946021602,0.24555659294128418,0.6013222896748347,1.4918770123135154,2.9761348833779833
sliding,55,21083,LightGBM,123,leaves=15,0.6975380693283773,0.24403855231223787,0.589991889301251,1.462408140192199,2.9164352250104457
sliding,56,20762,Dummy,42,const,0.38697864182662767,0.38697864182662767,0.7739572836532553,1.9348932091331383,3.8697864182662767
sliding,56,20762,Logistic Regression,42,C=1.0,0.7221751730598749,0.30951249143367,0.7430383169071202,1.8556049843930493,3.709882763536265
sliding,56,20762,Random Forest,42,depth=20,0.6962609881512314,0.22700128934757324,0.7227369921596579,1.805072873399366,3.608966008798879
sliding,56,20762,XGBoost,42,depth=3,0.7144496848431876,0.22850626707077026,0.5894265981763217,1.4549856219431268,2.897583994887802
sliding,56,20762,LightGBM,42,leaves=63,0.6898474865270129,0.25204968822761653,0.6098262344237717,1.510040061936245,3.0103964411237003
sliding,56,20762,Dummy,7,const,0.38697864182662767,0.38697864182662767,0.7739572836532553,1.9348932091331383,3.8697864182662767
sliding,56,20762,Logistic Regression,7,C=1.0,0.7221751730598749,0.30951249143367,0.7430383169071202,1.8556049843930493,3.709882763536265
sliding,56,20762,Random Forest,7,depth=10,0.7200771500363754,0.2152848007698189,0.7022144665372232,1.755351832280581,3.5105807751861775
sliding,56,20762,XGBoost,7,depth=3,0.7144496848431876,0.22850626707077026,0.5894265981763217,1.4549856219431268,2.897583994887802
sliding,56,20762,LightGBM,7,leaves=63,0.6898474865270129,0.25204968822761653,0.6098262344237717,1.510040061936245,3.0103964411237003
sliding,56,20762,Dummy,123,const,0.38697864182662767,0.38697864182662767,0.7739572836532553,1.9348932091331383,3.8697864182662767
sliding,56,20762,Logistic Regression,123,C=1.0,0.7221751730598749,0.30951249143367,0.7430383169071202,1.8556049843930493,3.709882763536265
sliding,56,20762,Random Forest,123,depth=10,0.7142870181431171,0.21844562419362024,0.6992896994125888,1.7479293140315089,3.4956620050630423
sliding,56,20762,XGBoost,123,depth=3,0.7144496848431876,0.22850626707077026,0.5894265981763217,1.4549856219431268,2.897583994887802
sliding,56,20762,LightGBM,123,leaves=63,0.6898474865270129,0.25204968822761653,0.6098262344237717,1.510040061936245,3.0103964411237003
sliding,57,20756,Dummy,42,const,0.38697864182662767,0.38697864182662767,0.7739572836532553,1.9348932091331383,3.8697864182662767
sliding,57,20756,Logistic Regression,42,C=1.0,0.7290357500175048,0.2865789238204606,0.7198859586600143,1.7972816870253399,3.5929412343008824
sliding,57,20756,Random Forest,42,depth=10,0.7233215060051761,0.2141795850354956,0.6732125740408484,1.6827733674146532,3.365374689704328
sliding,57,20756,XGBoost,42,depth=3,0.7205043282233057,0.22129711508750916,0.5613586649298302,1.384815788826898,2.7572443286553443
sliding,57,20756,LightGBM,42,leaves=31,0.7058846309187978,0.2267484927057822,0.5924742546759407,1.4607614225674048,2.9079067023865117
sliding,57,20756,Dummy,7,const,0.38697864182662767,0.38697864182662767,0.7739572836532553,1.9348932091331383,3.8697864182662767
sliding,57,20756,Logistic Regression,7,C=1.0,0.7290357500175048,0.2865789238204606,0.7198859586600143,1.7972816870253399,3.5929412343008824
sliding,57,20756,Random Forest,7,depth=10,0.7144656185614582,0.21758109588581134,0.6958242190380219,1.7393024799075871,3.4784329146901958
sliding,57,20756,XGBoost,7,depth=3,0.7205043282233057,0.22129711508750916,0.5613586649298302,1.384815788826898,2.7572443286553443
sliding,57,20756,LightGBM,7,leaves=31,0.7058846309187978,0.2267484927057822,0.5924742546759407,1.4607614225674048,2.9079067023865117
sliding,57,20756,Dummy,123,const,0.38697864182662767,0.38697864182662767,0.7739572836532553,1.9348932091331383,3.8697864182662767
sliding,57,20756,Logistic Regression,123,C=1.0,0.7290357500175048,0.2865789238204606,0.7198859586600143,1.7972816870253399,3.5929412343008824
sliding,57,20756,Random Forest,123,depth=10,0.7283007376590045,0.21212416268823478,0.6890653034138668,1.7225157912846856,3.444933271069383
sliding,57,20756,XGBoost,123,depth=3,0.7205043282233057,0.22129711508750916,0.5613586649298302,1.384815788826898,2.7572443286553443
sliding,57,20756,LightGBM,123,leaves=31,0.7058846309187978,0.2267484927057822,0.5924742546759407,1.4607614225674048,2.9079067023865117
sliding,58,20473,Dummy,42,const,0.38697864182662767,0.38697864182662767,0.7739572836532553,1.9348932091331383,3.8697864182662767
sliding,58,20473,Logistic Regression,42,C=1.0,0.7327019470781779,0.27226623419739776,0.7016983311622877,1.7508540811561433,3.4994469978125693
sliding,58,20473,Random Forest,42,depth=20,0.7104205985087093,0.2155312519084291,0.6528620935433922,1.629537690171308,3.2573303512178335
sliding,58,20473,XGBoost,42,depth=3,0.7296394458619246,0.21122407913208008,0.561407820679824,1.383832673827021,2.7545407624056826
sliding,58,20473,LightGBM,42,leaves=31,0.7190511159286157,0.22558803246306106,0.6076388035490452,1.5015852729373018,2.991496055251063
sliding,58,20473,Dummy,7,const,0.38697864182662767,0.38697864182662767,0.7739572836532553,1.9348932091331383,3.8697864182662767
sliding,58,20473,Logistic Regression,7,C=1.0,0.7327019470781779,0.27226623419739776,0.7016983311622877,1.7508540811561433,3.4994469978125693
sliding,58,20473,Random Forest,7,depth=10,0.7301052279992742,0.209545512260718,0.6666502814166687,1.6662570354167179,3.3322682920834663
sliding,58,20473,XGBoost,7,depth=3,0.7296394458619246,0.21122407913208008,0.561407820679824,1.383832673827021,2.7545407624056826
sliding,58,20473,LightGBM,7,leaves=31,0.7190511159286157,0.22558803246306106,0.6076388035490452,1.5015852729373018,2.991496055251063
sliding,58,20473,Dummy,123,const,0.38697864182662767,0.38697864182662767,0.7739572836532553,1.9348932091331383,3.8697864182662767
sliding,58,20473,Logistic Regression,123,C=1.0,0.7327019470781779,0.27226623419739776,0.7016983311622877,1.7508540811561433,3.4994469978125693
sliding,58,20473,Random Forest,123,depth=10,0.7240687450008655,0.2127364199034925,0.6837073266645366,1.7086784476614152,3.4169636493228794
sliding,58,20473,XGBoost,123,depth=3,0.7296394458619246,0.21122407913208008,0.561407820679824,1.383832673827021,2.7545407624056826
sliding,58,20473,LightGBM,123,leaves=31,0.7190511159286157,0.22558803246306106,0.6076388035490452,1.5015852729373018,2.991496055251063
sliding,59,20001,Dummy,42,const,0.38697864182662767,0.38697864182662767,0.7739572836532553,1.9348932091331383,3.8697864182662767
sliding,59,20001,Logistic Regression,42,C=0.1,0.7460812701206674,0.18068479348067015,0.46820851869147395,1.1105021259861871,2.180991471477376
sliding,59,20001,Random Forest,42,depth=10,0.7361868593417521,0.2051186144499447,0.6511907980436011,1.6269815911716272,3.2532995797183375
sliding,59,20001,XGBoost,42,depth=9,0.7044828522676099,0.24803324043750763,0.6008061542998993,1.4686509204414187,2.9150588640106174
sliding,59,20001,LightGBM,42,leaves=15,0.7426236665827696,0.20198206970405694,0.5458254479317718,1.3417799297072774,2.6683707326664536
sliding,59,20001,Dummy,7,const,0.38697864182662767,0.38697864182662767,0.7739572836532553,1.9348932091331383,3.8697864182662767
sliding,59,20001,Logistic Regression,7,C=0.1,0.7460812701206674,0.18068479348067015,0.46820851869147395,1.1105021259861871,2.180991471477376
sliding,59,20001,Random Forest,7,depth=None,0.710424609489358,0.21306477098916596,0.6517806670435274,1.6260967876717378,3.2499569887187554
sliding,59,20001,XGBoost,7,depth=9,0.7044828522676099,0.24803324043750763,0.6008061542998993,1.4686509204414187,2.9150588640106174
sliding,59,20001,LightGBM,7,leaves=15,0.7426236665827696,0.20198206970405694,0.5458254479317718,1.3417799297072774,2.6683707326664536
sliding,59,20001,Dummy,123,const,0.38697864182662767,0.38697864182662767,0.7739572836532553,1.9348932091331383,3.8697864182662767
sliding,59,20001,Logistic Regression,123,C=0.1,0.7460812701206674,0.18068479348067015,0.46820851869147395,1.1105021259861871,2.180991471477376
sliding,59,20001,Random Forest,123,depth=20,0.7195334334725731,0.21207647753766104,0.6683953105414506,1.6678545972915182,3.3336200752082976
sliding,59,20001,XGBoost,123,depth=9,0.7044828522676099,0.24803324043750763,0.6008061542998993,1.4686509204414187,2.9150588640106174
sliding,59,20001,LightGBM,123,leaves=15,0.7426236665827696,0.20198206970405694,0.5458254479317718,1.3417799297072774,2.6683707326664536
sliding,60,20180,Dummy,42,const,0.38697864182662767,0.38697864182662767,0.7739572836532553,1.9348932091331383,3.8697864182662767
sliding,60,20180,Logistic Regression,42,C=0.1,0.7473883088955495,0.18035982885652554,0.42362425344704696,0.935335610883083,1.7881878732764764
sliding,60,20180,Random Forest,42,depth=10,0.746921340480129,0.20045660654405575,0.6496178140437978,1.623344065672082,3.2462211517192223
sliding,60,20180,XGBoost,42,depth=6,0.7290568573976348,0.21944989264011383,0.5572541598053432,1.3608769385798904,2.700248236537469
sliding,60,20180,LightGBM,42,leaves=63,0.7266122931818014,0.2307529976084511,0.5897461105512818,1.4527981910684002,2.8912183252635977
sliding,60,20180,Dummy,7,const,0.38697864182662767,0.38697864182662767,0.7739572836532553,1.9348932091331383,3.8697864182662767
sliding,60,20180,Logistic Regression,7,C=0.1,0.7473883088955495,0.18035982885652554,0.42362425344704696,0.935335610883083,1.7881878732764764
sliding,60,20180,Random Forest,7,depth=10,0.7406407951801858,0.2004586073597809,0.6125052227984369,1.528792980558901,3.0559392434930075
sliding,60,20180,XGBoost,7,depth=6,0.7290568573976348,0.21944989264011383,0.5572541598053432,1.3608769385798904,2.700248236537469
sliding,60,20180,LightGBM,7,leaves=63,0.7266122931818014,0.2307529976084511,0.5897461105512818,1.4527981910684002,2.8912183252635977
sliding,60,20180,Dummy,123,const,0.38697864182662767,0.38697864182662767,0.7739572836532553,1.9348932091331383,3.8697864182662767
sliding,60,20180,Logistic Regression,123,C=0.1,0.7473883088955495,0.18035982885652554,0.42362425344704696,0.935335610883083,1.7881878732764764
sliding,60,20180,Random Forest,123,depth=20,0.7278874044530268,0.2062763570314503,0.6568928650428884,1.6380662127952417,3.2733551257158306
sliding,60,20180,XGBoost,123,depth=6,0.7290568573976348,0.21944989264011383,0.5572541598053432,1.3608769385798904,2.700248236537469
sliding,60,20180,LightGBM,123,leaves=63,0.7266122931818014,0.2307529976084511,0.5897461105512818,1.4527981910684002,2.8912183252635977
sliding,61,20400,Dummy,42,const,0.38697864182662767,0.38697864182662767,0.7739572836532553,1.9348932091331383,3.8697864182662767
sliding,61,20400,Logistic Regression,42,C=10.0,0.7466036548121211,0.18923288621764753,0.3964657015754418,0.8158625605230172,1.5148573254356428
sliding,61,20400,Random Forest,42,depth=None,0.7220468560258073,0.2097063446256643,0.6550003686681249,1.6329294369208838,3.2628112173421484
sliding,61,20400,XGBoost,42,depth=6,0.7131267039454747,0.2066057026386261,0.54816034605648,1.3163172512104604,2.5965787598004275
sliding,61,20400,LightGBM,42,leaves=15,0.7488350127794814,0.19756977173710136,0.5318406370585199,1.3080345073364956,2.6016909577997884
sliding,61,20400,Dummy,7,const,0.38697864182662767,0.38697864182662767,0.7739572836532553,1.9348932091331383,3.8697864182662767
sliding,61,20400,Logistic Regression,7,C=10.0,0.7466036548121211,0.18923288621764753,0.3964657015754418,0.8158625605230172,1.5148573254356428
sliding,61,20400,Random Forest,7,depth=20,0.7348663153952824,0.2038800735222059,0.6442106815444737,1.606655688549168,3.2107307002236585
sliding,61,20400,XGBoost,7,depth=6,0.7131267039454747,0.2066057026386261,0.54816034605648,1.3163172512104604,2.5965787598004275
sliding,61,20400,LightGBM,7,leaves=15,0.7488350127794814,0.19756977173710136,0.5318406370585199,1.3080345073364956,2.6016909577997884
sliding,61,20400,Dummy,123,const,0.38697864182662767,0.38697864182662767,0.7739572836532553,1.9348932091331383,3.8697864182662767
sliding,61,20400,Logistic Regression,123,C=10.0,0.7466036548121211,0.18923288621764753,0.3964657015754418,0.8158625605230172,1.5148573254356428
sliding,61,20400,Random Forest,123,depth=20,0.7244434115541719,0.2079750208819127,0.6314056086710743,1.5745324059281836,3.146410401356699
sliding,61,20400,XGBoost,123,depth=6,0.7131267039454747,0.2066057026386261,0.54816034605648,1.3163172512104604,2.5965787598004275
sliding,61,20400,LightGBM,123,leaves=15,0.7488350127794814,0.19756977173710136,0.5318406370585199,1.3080345073364956,2.6016909577997884
sliding,62,20365,Dummy,42,const,0.38697864182662767,0.38697864182662767,0.7739572836532553,1.9348932091331383,3.8697864182662767
sliding,62,20365,Logistic Regression,42,C=10.0,0.7475500512512654,0.1906669512778526,0.3909111018261361,0.7898100130262737,1.4546415316931698
sliding,62,20365,Random Forest,42,depth=10,0.7576997192698615,0.1955766483354196,0.6285545751714307,1.5700592326787426,3.139233661857596
sliding,62,20365,XGBoost,42,depth=3,0.7392092152501141,0.21065886318683624,0.5489959938063755,1.344655541081918,2.670754786541156
sliding,62,20365,LightGBM,42,leaves=31,0.7333521390805491,0.21606608341091563,0.553247966180844,1.3591564873301054,2.7023373559122077
sliding,62,20365,Dummy,7,const,0.38697864182662767,0.38697864182662767,0.7739572836532553,1.9348932091331383,3.8697864182662767
sliding,62,20365,Logistic Regression,7,C=10.0,0.7475500512512654,0.1906669512778526,0.3909111018261361,0.7898100130262737,1.4546415316931698
sliding,62,20365,Random Forest,7,depth=None,0.7231603942860257,0.20447730439125691,0.6599896772925012,1.64448103816944,3.2852999729643373
sliding,62,20365,XGBoost,7,depth=3,0.7392092152501141,0.21065886318683624,0.5489959938063755,1.344655541081918,2.670754786541156
sliding,62,20365,LightGBM,7,leaves=31,0.7333521390805491,0.21606608341091563,0.553247966180844,1.3591564873301054,2.7023373559122077
sliding,62,20365,Dummy,123,const,0.38697864182662767,0.38697864182662767,0.7739572836532553,1.9348932091331383,3.8697864182662767
sliding,62,20365,Logistic Regression,123,C=10.0,0.7475500512512654,0.1906669512778526,0.3909111018261361,0.7898100130262737,1.4546415316931698
sliding,62,20365,Random Forest,123,depth=20,0.718102840901945,0.20765524265466054,0.634895666920638,1.58111927642736,3.15815862560523
sliding,62,20365,XGBoost,123,depth=3,0.7392092152501141,0.21065886318683624,0.5489959938063755,1.344655541081918,2.670754786541156
sliding,62,20365,LightGBM,123,leaves=31,0.7333521390805491,0.21606608341091563,0.553247966180844,1.3591564873301054,2.7023373559122077
sliding,63,20260,Dummy,42,const,0.38697864182662767,0.38697864182662767,0.7739572836532553,1.9348932091331383,3.8697864182662767
sliding,63,20260,Logistic Regression,42,C=10.0,0.7402417602985643,0.21376462899222998,0.37847469707769066,0.6847641752894045,1.1952466389755942
sliding,63,20260,Random Forest,42,depth=10,0.7561074798482523,0.19738914021284285,0.632192100670976,1.5791530464276058,3.157421289355322
sliding,63,20260,XGBoost,42,depth=3,0.735785045983752,0.2172253131866455,0.562464669304692,1.384815788826898,2.755400988030575
sliding,63,20260,LightGBM,42,leaves=31,0.7500674026624106,0.20669624743384651,0.5284488903089439,1.2941725858382285,2.5703787450537026
sliding,63,20260,Dummy,7,const,0.38697864182662767,0.38697864182662767,0.7739572836532553,1.9348932091331383,3.8697864182662767
sliding,63,20260,Logistic Regression,7,C=10.0,0.7402417602985643,0.21376462899222998,0.37847469707769066,0.6847641752894045,1.1952466389755942
sliding,63,20260,Random Forest,7,depth=10,0.7537827795034451,0.19544070143562028,0.6324378794209453,1.579103890677612,3.1568805761053897
sliding,63,20260,XGBoost,7,depth=3,0.735785045983752,0.2172253131866455,0.562464669304692,1.384815788826898,2.755400988030575
sliding,63,20260,LightGBM,7,leaves=31,0.7500674026624106,0.20669624743384651,0.5284488903089439,1.2941725858382285,2.5703787450537026
sliding,63,20260,Dummy,123,const,0.38697864182662767,0.38697864182662767,0.7739572836532553,1.9348932091331383,3.8697864182662767
sliding,63,20260,Logistic Regression,123,C=10.0,0.7402417602985643,0.21376462899222998,0.37847469707769066,0.6847641752894045,1.1952466389755942
sliding,63,20260,Random Forest,123,depth=None,0.7232983540349239,0.20323445383162606,0.6615872391673016,1.648216875168973,3.292599601838425
sliding,63,20260,XGBoost,123,depth=3,0.735785045983752,0.2172253131866455,0.562464669304692,1.384815788826898,2.755400988030575
sliding,63,20260,LightGBM,123,leaves=31,0.7500674026624106,0.20669624743384651,0.5284488903089439,1.2941725858382285,2.5703787450537026
sliding,64,19788,Dummy,42,const,0.38697864182662767,0.38697864182662767,0.7739572836532553,1.9348932091331383,3.8697864182662767
sliding,64,19788,Logistic Regression,42,C=1.0,0.7360585327037488,0.2459619920153482,0.3765330449529334,0.5916140290510482,0.9500823358812397
sliding,64,19788,Random Forest,42,depth=10,0.747701478186886,0.20055221059310593,0.6735320864158085,1.6835352815395581,3.3668739400791408
sliding,64,19788,XGBoost,42,depth=9,0.710452090925072,0.24916449189186096,0.6026494949246688,1.480448300439944,2.943446309632069
sliding,64,19788,LightGBM,42,leaves=15,0.7790996949940946,0.18419598177307403,0.5126698945609163,1.2523656204684543,2.485191830314351
sliding,64,19788,Dummy,7,const,0.38697864182662767,0.38697864182662767,0.7739572836532553,1.9348932091331383,3.8697864182662767
sliding,64,19788,Logistic Regression,7,C=1.0,0.7360585327037488,0.2459619920153482,0.3765330449529334,0.5916140290510482,0.9500823358812397
sliding,64,19788,Random Forest,7,depth=10,0.7547252457241961,0.1948389307748346,0.6428343205446457,1.6057954629242757,3.2107307002236585
sliding,64,19788,XGBoost,7,depth=9,0.710452090925072,0.24916449189186096,0.6026494949246688,1.480448300439944,2.943446309632069
sliding,64,19788,LightGBM,7,leaves=15,0.7790996949940946,0.18419598177307403,0.5126698945609163,1.2523656204684543,2.485191830314351
sliding,64,19788,Dummy,123,const,0.38697864182662767,0.38697864182662767,0.7739572836532553,1.9348932091331383,3.8697864182662767
sliding,64,19788,Logistic Regression,123,C=1.0,0.7360585327037488,0.2459619920153482,0.3765330449529334,0.5916140290510482,0.9500823358812397
sliding,64,19788,Random Forest,123,depth=10,0.7553324734103379,0.1939264588863886,0.6247450045469068,1.5598348366800205,3.11831789023521
sliding,64,19788,XGBoost,123,depth=9,0.710452090925072,0.24916449189186096,0.6026494949246688,1.480448300439944,2.943446309632069
sliding,64,19788,LightGBM,123,leaves=15,0.7790996949940946,0.18419598177307403,0.5126698945609163,1.2523656204684543,2.485191830314351
sliding,65,19534,Dummy,42,const,0.38697864182662767,0.38697864182662767,0.7739572836532553,1.9348932091331383,3.8697864182662767
sliding,65,19534,Logistic Regression,42,C=0.1,0.7517015616452092,0.17731179435458305,0.39838277582520215,0.8537616437682798,1.6127264236734091
sliding,65,19534,Random Forest,42,depth=20,0.7322543501089425,0.20045519319124538,0.6571386437928577,1.636911052670386,3.269865067466267
sliding,65,19534,XGBoost,42,depth=3,0.7616409714809971,0.18501406908035278,0.5095976601863003,1.244648167719419,2.4697323469412833
sliding,65,19534,LightGBM,42,leaves=15,0.7757558802501983,0.187874937182984,0.5051490648118564,1.2314252709710718,2.4418856145697645
sliding,65,19534,Dummy,7,const,0.38697864182662767,0.38697864182662767,0.7739572836532553,1.9348932091331383,3.8697864182662767
sliding,65,19534,Logistic Regression,7,C=0.1,0.7517015616452092,0.17731179435458305,0.39838277582520215,0.8537616437682798,1.6127264236734091
sliding,65,19534,Random Forest,7,depth=None,0.7207553577797177,0.20257614578046165,0.6576056234177993,1.6374517659203185,3.270528670091184
sliding,65,19534,XGBoost,7,depth=3,0.7616409714809971,0.18501406908035278,0.5095976601863003,1.244648167719419,2.4697323469412833
sliding,65,19534,LightGBM,7,leaves=15,0.7757558802501983,0.187874937182984,0.5051490648118564,1.2314252709710718,2.4418856145697645
sliding,65,19534,Dummy,123,const,0.38697864182662767,0.38697864182662767,0.7739572836532553,1.9348932091331383,3.8697864182662767
sliding,65,19534,Logistic Regression,123,C=0.1,0.7517015616452092,0.17731179435458305,0.39838277582520215,0.8537616437682798,1.6127264236734091
sliding,65,19534,Random Forest,123,depth=None,0.7250332164662121,0.2012504947824488,0.6554181925430728,1.6323887236709513,3.260672942217416
sliding,65,19534,XGBoost,123,depth=3,0.7616409714809971,0.18501406908035278,0.5095976601863003,1.244648167719419,2.4697323469412833
sliding,65,19534,LightGBM,123,leaves=15,0.7757558802501983,0.187874937182984,0.5051490648118564,1.2314252709710718,2.4418856145697645
sliding,66,19847,Dummy,42,const,0.38697864182662767,0.38697864182662767,0.7739572836532553,1.9348932091331383,3.8697864182662767
sliding,66,19847,Logistic Regression,42,C=10.0,0.7326118969712939,0.25443528313936026,0.37500921670312387,0.5625875586796766,0.8752181286405978
sliding,66,19847,Random Forest,42,depth=10,0.7636714774675327,0.18970965875018822,0.6405977339199252,1.5996509941750436,3.198073094600241
sliding,66,19847,XGBoost,42,depth=3,0.7813070761220838,0.18231342732906342,0.5223289994347089,1.2814904023398137,2.5467594071816553
sliding,66,19847,LightGBM,42,leaves=15,0.7868196713001536,0.18159126759284616,0.5102121070612234,1.248728094968909,2.4795880748150516
sliding,66,19847,Dummy,7,const,0.38697864182662767,0.38697864182662767,0.7739572836532553,1.9348932091331383,3.8697864182662767
sliding,66,19847,Logistic Regression,7,C=10.0,0.7326118969712939,0.25443528313936026,0.37500921670312387,0.5625875586796766,0.8752181286405978
sliding,66,19847,Random Forest,7,depth=10,0.7717910600914373,0.18657788116690746,0.625752697421781,1.5625384029296827,3.123847912109519
sliding,66,19847,XGBoost,7,depth=3,0.7813070761220838,0.18231342732906342,0.5223289994347089,1.2814904023398137,2.5467594071816553
sliding,66,19847,LightGBM,7,leaves=15,0.7868196713001536,0.18159126759284616,0.5102121070612234,1.248728094968909,2.4795880748150516
sliding,66,19847,Dummy,123,const,0.38697864182662767,0.38697864182662767,0.7739572836532553,1.9348932091331383,3.8697864182662767
sliding,66,19847,Logistic Regression,123,C=10.0,0.7326118969712939,0.25443528313936026,0.37500921670312387,0.5625875586796766,0.8752181286405978
sliding,66,19847,Random Forest,123,depth=10,0.7697734468617156,0.1849153583447523,0.6173716420478286,1.5407378278074078,3.0796814707400397
sliding,66,19847,XGBoost,123,depth=3,0.7813070761220838,0.18231342732906342,0.5223289994347089,1.2814904023398137,2.5467594071816553
sliding,66,19847,LightGBM,123,leaves=15,0.7868196713001536,0.18159126759284616,0.5102121070612234,1.248728094968909,2.4795880748150516
sliding,67,19449,Dummy,42,const,0.38697864182662767,0.38697864182662767,0.7739572836532553,1.9348932091331383,3.8697864182662767
sliding,67,19449,Logistic Regression,42,C=0.1,0.7507273124818186,0.17707336880817706,0.3915009708260624,0.8296261705212967,1.5598348366800205
sliding,67,19449,Random Forest,42,depth=10,0.7782464671249572,0.18252578227462748,0.6199768967975029,1.5475458991815567,3.093494236488313
sliding,67,19449,XGBoost,42,depth=3,0.775364804234941,0.19665785133838654,0.525007987809374,1.2945658318381792,2.5771622385528548
sliding,67,19449,LightGBM,42,leaves=15,0.781384526299313,0.18674957310990217,0.5043134170619609,1.235824710595522,2.4550101998181235
sliding,67,19449,Dummy,7,const,0.38697864182662767,0.38697864182662767,0.7739572836532553,1.9348932091331383,3.8697864182662767
sliding,67,19449,Logistic Regression,7,C=0.1,0.7507273124818186,0.17707336880817706,0.3915009708260624,0.8296261705212967,1.5598348366800205
sliding,67,19449,Random Forest,7,depth=10,0.7744564861253289,0.1837522011446374,0.6108093494236488,1.5248113648093986,3.0481480571189814
sliding,67,19449,XGBoost,7,depth=3,0.775364804234941,0.19665785133838654,0.525007987809374,1.2945658318381792,2.5771622385528548
sliding,67,19449,LightGBM,7,leaves=15,0.781384526299313,0.18674957310990217,0.5043134170619609,1.235824710595522,2.4550101998181235
sliding,67,19449,Dummy,123,const,0.38697864182662767,0.38697864182662767,0.7739572836532553,1.9348932091331383,3.8697864182662767
sliding,67,19449,Logistic Regression,123,C=0.1,0.7507273124818186,0.17707336880817706,0.3915009708260624,0.8296261705212967,1.5598348366800205
sliding,67,19449,Random Forest,123,depth=10,0.7782966704218177,0.18077736040229875,0.6118661980485167,1.5272691523090913,3.0529407427433823
sliding,67,19449,XGBoost,123,depth=3,0.775364804234941,0.19665785133838654,0.525007987809374,1.2945658318381792,2.5771622385528548
sliding,67,19449,LightGBM,123,leaves=15,0.781384526299313,0.18674957310990217,0.5043134170619609,1.235824710595522,2.4550101998181235
sliding,68,19497,Dummy,42,const,0.38697864182662767,0.38697864182662767,0.7739572836532553,1.9348932091331383,3.8697864182662767
sliding,68,19497,Logistic Regression,42,C=0.1,0.7620283996290197,0.16620134313283222,0.4409024995698872,1.0191953203726005,1.983016688377123
sliding,68,19497,Random Forest,42,depth=10,0.777924787917942,0.18256524754537978,0.6292919114213386,1.5717551060535306,3.142527097107184
sliding,68,19497,XGBoost,42,depth=3,0.7940122021564595,0.16976450383663177,0.4876496178140438,1.1940914788507386,2.371494580578563
sliding,68,19497,LightGBM,42,leaves=15,0.7930504891110841,0.17864400998651414,0.5033057241870867,1.2351856858456018,2.454985621943127
sliding,68,19497,Dummy,7,const,0.38697864182662767,0.38697864182662767,0.7739572836532553,1.9348932091331383,3.8697864182662767
sliding,68,19497,Logistic Regression,7,C=0.1,0.7620283996290197,0.16620134313283222,0.4409024995698872,1.0191953203726005,1.983016688377123
sliding,68,19497,Random Forest,7,depth=10,0.7826869937470688,0.17922143157606954,0.6056234177992971,1.5113672671860792,3.0209403494973825
sliding,68,19497,XGBoost,7,depth=3,0.7940122021564595,0.16976450383663177,0.4876496178140438,1.1940914788507386,2.371494580578563
sliding,68,19497,LightGBM,7,leaves=15,0.7930504891110841,0.17864400998651414,0.5033057241870867,1.2351856858456018,2.454985621943127
sliding,68,19497,Dummy,123,const,0.38697864182662767,0.38697864182662767,0.7739572836532553,1.9348932091331383,3.8697864182662767
sliding,68,19497,Logistic Regression,123,C=0.1,0.7620283996290197,0.16620134313283222,0.4409024995698872,1.0191953203726005,1.983016688377123
sliding,68,19497,Random Forest,123,depth=10,0.7824205497880921,0.17802214976599792,0.6070489345491189,1.5152997271855875,3.0290510482463686
sliding,68,19497,XGBoost,123,depth=3,0.7940122021564595,0.16976450383663177,0.4876496178140438,1.1940914788507386,2.371494580578563
sliding,68,19497,LightGBM,123,leaves=15,0.7930504891110841,0.17864400998651414,0.5033057241870867,1.2351856858456018,2.454985621943127
sliding,69,19741,Dummy,42,const,0.38697864182662767,0.38697864182662767,0.7739572836532553,1.9348932091331383,3.8697864182662767
sliding,69,19741,Logistic Regression,42,C=0.1,0.7661060040215792,0.16457691206664388,0.44751394794406074,1.0460835156192396,2.0436994617445374
sliding,69,19741,Random Forest,42,depth=20,0.7606205044592784,0.17974148808068285,0.656671664167916,1.6371076756703615,3.271167694841104
sliding,69,19741,XGBoost,42,depth=3,0.7909456444442879,0.1649700403213501,0.4886573106889178,1.1836704598520411,2.3420257084572467
sliding,69,19741,LightGBM,42,leaves=63,0.7732522846517936,0.1810636446302655,0.497775702312778,1.2029640917246296,2.3782780740777154
sliding,69,19741,Dummy,7,const,0.38697864182662767,0.38697864182662767,0.7739572836532553,1.9348932091331383,3.8697864182662767
sliding,69,19741,Logistic Regression,7,C=0.1,0.7661060040215792,0.16457691206664388,0.44751394794406074,1.0460835156192396,2.0436994617445374
sliding,69,19741,Random Forest,7,depth=None,0.7528708447534993,0.18048547544838692,0.6593260746675842,1.640351955169956,3.2753950893405754
sliding,69,19741,XGBoost,7,depth=3,0.7909456444442879,0.1649700403213501,0.4886573106889178,1.1836704598520411,2.3420257084572467
sliding,69,19741,LightGBM,7,leaves=63,0.7732522846517936,0.1810636446302655,0.497775702312778,1.2029640917246296,2.3782780740777154
sliding,69,19741,Dummy,123,const,0.38697864182662767,0.38697864182662767,0.7739572836532553,1.9348932091331383,3.8697864182662767
sliding,69,19741,Logistic Regression,123,C=0.1,0.7661060040215792,0.16457691206664388,0.44751394794406074,1.0460835156192396,2.0436994617445374
sliding,69,19741,Random Forest,123,depth=10,0.7896933999628452,0.17355417130044518,0.6107847715486519,1.5242706515594662,3.0467471182441566
sliding,69,19741,XGBoost,123,depth=3,0.7909456444442879,0.1649700403213501,0.4886573106889178,1.1836704598520411,2.3420257084572467
sliding,69,19741,LightGBM,123,leaves=63,0.7732522846517936,0.1810636446302655,0.497775702312778,1.2029640917246296,2.3782780740777154
sliding,70,20214,Dummy,42,const,0.38697864182662767,0.38697864182662767,0.7739572836532553,1.9348932091331383,3.8697864182662767
sliding,70,20214,Logistic Regression,42,C=0.1,0.7741532913191349,0.1613085140298678,0.4250743480718657,0.9813208150023349,1.9083982598864502
sliding,70,20214,Random Forest,42,depth=10,0.7828848656954706,0.17464513923896302,0.616511416422936,1.5383291960577088,3.0746921621156633
sliding,70,20214,XGBoost,42,depth=3,0.8023579403093672,0.15454961359500885,0.41765182982279353,0.9752255020030968,1.9045149556369356
sliding,70,20214,LightGBM,42,leaves=15,0.8054204659228604,0.15839735547832245,0.4476368373190454,1.0666306191166712,2.098286922112714
sliding,70,20214,Dummy,7,const,0.38697864182662767,0.38697864182662767,0.7739572836532553,1.9348932091331383,3.8697864182662767
sliding,70,20214,Logistic Regression,7,C=0.1,0.7741532913191349,0.1613085140298678,0.4250743480718657,0.9813208150023349,1.9083982598864502
sliding,70,20214,Random Forest,7,depth=20,0.7603473030637042,0.17777900391223228,0.6463981124192002,1.6095067220488117,3.214687738098164
sliding,70,20214,XGBoost,7,depth=3,0.8023579403093672,0.15454961359500885,0.41765182982279353,0.9752255020030968,1.9045149556369356
sliding,70,20214,LightGBM,7,leaves=15,0.8054204659228604,0.15839735547832245,0.4476368373190454,1.0666306191166712,2.098286922112714
sliding,70,20214,Dummy,123,const,0.38697864182662767,0.38697864182662767,0.7739572836532553,1.9348932091331383,3.8697864182662767
sliding,70,20214,Logistic Regression,123,C=0.1,0.7741532913191349,0.1613085140298678,0.4250743480718657,0.9813208150023349,1.9083982598864502
sliding,70,20214,Random Forest,123,depth=20,0.7693072409252163,0.17157455149510872,0.6263671442967041,1.5574016270553248,3.1091257649863593
sliding,70,20214,XGBoost,123,depth=3,0.8023579403093672,0.15454961359500885,0.41765182982279353,0.9752255020030968,1.9045149556369356
sliding,70,20214,LightGBM,123,leaves=15,0.8054204659228604,0.15839735547832245,0.4476368373190454,1.0666306191166712,2.098286922112714
sliding,71,21106,Dummy,42,const,0.38697864182662767,0.38697864182662767,0.7739572836532553,1.9348932091331383,3.8697864182662767
sliding,71,21106,Logistic Regression,42,C=10.0,0.7703650198804152,0.16695995335935898,0.3899034089512621,0.8491901590188512,1.6146680757981664
sliding,71,21106,Random Forest,42,depth=10,0.794954879475331,0.16608442912671212,0.5946862634256642,1.4829552436896305,2.9634035441295747
sliding,71,21106,XGBoost,42,depth=3,0.7956811692665509,0.1592152714729309,0.440976233194878,1.0371863248703517,2.0308698109961414
sliding,71,21106,LightGBM,42,leaves=15,0.8009096709797691,0.15712403209990983,0.4230835401971146,0.9912748543760906,1.9382603780077174
sliding,71,21106,Dummy,7,const,0.38697864182662767,0.38697864182662767,0.7739572836532553,1.9348932091331383,3.8697864182662767
sliding,71,21106,Logistic Regression,7,C=10.0,0.7703650198804152,0.16695995335935898,0.3899034089512621,0.8491901590188512,1.6146680757981664
sliding,71,21106,Random Forest,7,depth=10,0.7974878111684496,0.16500607681312143,0.580824341927397,1.447710570944036,2.892520952638435
sliding,71,21106,XGBoost,7,depth=3,0.7956811692665509,0.1592152714729309,0.440976233194878,1.0371863248703517,2.0308698109961414
sliding,71,21106,LightGBM,7,leaves=15,0.8009096709797691,0.15712403209990983,0.4230835401971146,0.9912748543760906,1.9382603780077174
sliding,71,21106,Dummy,123,const,0.38697864182662767,0.38697864182662767,0.7739572836532553,1.9348932091331383,3.8697864182662767
sliding,71,21106,Logistic Regression,123,C=10.0,0.7703650198804152,0.16695995335935898,0.3899034089512621,0.8491901590188512,1.6146680757981664
sliding,71,21106,Random Forest,123,depth=10,0.7941272763211991,0.1669249155073456,0.5837491090520314,1.4550593555681175,2.907243099761595
sliding,71,21106,XGBoost,123,depth=3,0.7956811692665509,0.1592152714729309,0.440976233194878,1.0371863248703517,2.0308698109961414
sliding,71,21106,LightGBM,123,leaves=15,0.8009096709797691,0.15712403209990983,0.4230835401971146,0.9912748543760906,1.9382603780077174
sliding,72,21814,Dummy,42,const,0.38697864182662767,0.38697864182662767,0.7739572836532553,1.9348932091331383,3.8697864182662767
sliding,72,21814,Logistic Regression,42,C=1.0,0.7780692498200851,0.16189135356159423,0.39978371470002705,0.8946100720131738,1.719320667535085
sliding,72,21814,Random Forest,42,depth=10,0.7983842367053102,0.16585723465904836,0.5960626244254922,1.4866173470641728,2.9708752181286404
sliding,72,21814,XGBoost,42,depth=3,0.8024700067331079,0.1522189825773239,0.4072308108240961,0.9405461203824317,1.8294049696463244
sliding,72,21814,LightGBM,42,leaves=15,0.7993764081810486,0.158968740182456,0.4428441516946445,1.042888391869639,2.0429621254946295
sliding,72,21814,Dummy,7,const,0.38697864182662767,0.38697864182662767,0.7739572836532553,1.9348932091331383,3.8697864182662767
sliding,72,21814,Logistic Regression,7,C=1.0,0.7780692498200851,0.16189135356159423,0.39978371470002705,0.8946100720131738,1.719320667535085
sliding,72,21814,Random Forest,7,depth=10,0.7969100436957873,0.16521811166842257,0.5970457394253693,1.4891488681888565,2.9759874161280018
sliding,72,21814,XGBoost,7,depth=3,0.8024700067331079,0.1522189825773239,0.4072308108240961,0.9405461203824317,1.8294049696463244
sliding,72,21814,LightGBM,7,leaves=15,0.7993764081810486,0.158968740182456,0.4428441516946445,1.042888391869639,2.0429621254946295
sliding,72,21814,Dummy,123,const,0.38697864182662767,0.38697864182662767,0.7739572836532553,1.9348932091331383,3.8697864182662767
sliding,72,21814,Logistic Regression,123,C=1.0,0.7780692498200851,0.16189135356159423,0.39978371470002705,0.8946100720131738,1.719320667535085
sliding,72,21814,Random Forest,123,depth=10,0.7943338143028525,0.16550186311875384,0.5907783813011527,1.472263868065967,2.9414063460073243
sliding,72,21814,XGBoost,123,depth=3,0.8024700067331079,0.1522189825773239,0.4072308108240961,0.9405461203824317,1.8294049696463244
sliding,72,21814,LightGBM,123,leaves=15,0.7993764081810486,0.158968740182456,0.4428441516946445,1.042888391869639,2.0429621254946295
sliding,73,22393,Dummy,42,const,0.38697864182662767,0.38697864182662767,0.7739572836532553,1.9348932091331383,3.8697864182662767
sliding,73,22393,Logistic Regression,42,C=10.0,0.782336297673335,0.15906580517765528,0.43112050532110996,1.0114041339985744,1.978543515127682
sliding,73,22393,Random Forest,42,depth=10,0.7964395643558362,0.16600867973048408,0.5937277263007841,1.4805220340649348,2.958512547005186
sliding,73,22393,XGBoost,42,depth=3,0.7946011186297357,0.16138465702533722,0.43883795807014525,1.0353429842455821,2.02951802787131
sliding,73,22393,LightGBM,42,leaves=15,0.8014090732904025,0.15968261628974156,0.436527637820434,1.0302307862462212,2.019736033622533
sliding,73,22393,Dummy,7,const,0.38697864182662767,0.38697864182662767,0.7739572836532553,1.9348932091331383,3.8697864182662767
sliding,73,22393,Logistic Regression,7,C=10.0,0.782336297673335,0.15906580517765528,0.43112050532110996,1.0114041339985744,1.978543515127682
sliding,73,22393,Random Forest,7,depth=10,0.7963509673222474,0.16505101895958776,0.5900410450512449,1.471526531816059,2.9406690097574164
sliding,73,22393,XGBoost,7,depth=3,0.7946011186297357,0.16138465702533722,0.43883795807014525,1.0353429842455821,2.02951802787131
sliding,73,22393,LightGBM,7,leaves=15,0.8014090732904025,0.15968261628974156,0.436527637820434,1.0302307862462212,2.019736033622533
sliding,73,22393,Dummy,123,const,0.38697864182662767,0.38697864182662767,0.7739572836532553,1.9348932091331383,3.8697864182662767
sliding,73,22393,Logistic Regression,123,C=10.0,0.782336297673335,0.15906580517765528,0.43112050532110996,1.0114041339985744,1.978543515127682
sliding,73,22393,Random Forest,123,depth=10,0.8015876063734668,0.1640042798800127,0.5926462998009192,1.477671000565291,2.952712168505911
sliding,73,22393,XGBoost,123,depth=3,0.7946011186297357,0.16138465702533722,0.43883795807014525,1.0353429842455821,2.02951802787131
sliding,73,22393,LightGBM,123,leaves=15,0.8014090732904025,0.15968261628974156,0.436527637820434,1.0302307862462212,2.019736033622533
sliding,74,23231,Dummy,42,const,0.38697864182662767,0.38697864182662767,0.7739572836532553,1.9348932091331383,3.8697864182662767
sliding,74,23231,Logistic Regression,42,C=10.0,0.7844677591766104,0.15922390575756143,0.44136947919482883,1.043257059994593,2.0464030279941996
sliding,74,23231,Random Forest,42,depth=10,0.7979707860897669,0.1636751262806182,0.5870671221766166,1.4631700543171038,2.9233416078845824
sliding,74,23231,XGBoost,42,depth=3,0.7968577356481568,0.1600816547870636,0.42952294344630965,1.0072258952490967,1.970064148253742
sliding,74,23231,LightGBM,42,leaves=15,0.8034207461864075,0.1577641017579376,0.4191265023226092,0.9815665937523042,1.9189667461351292
sliding,74,23231,Dummy,7,const,0.38697864182662767,0.38697864182662767,0.7739572836532553,1.9348932091331383,3.8697864182662767
sliding,74,23231,Logistic Regression,7,C=10.0,0.7844677591766104,0.15922390575756143,0.44136947919482883,1.043257059994593,2.0464030279941996
sliding,74,23231,Random Forest,7,depth=10,0.796752928797788,0.16390953959375984,0.5745324059281834,1.4310221938211223,2.858505173642687
sliding,74,23231,XGBoost,7,depth=3,0.7968577356481568,0.1600816547870636,0.42952294344630965,1.0072258952490967,1.970064148253742
sliding,74,23231,LightGBM,7,leaves=15,0.8034207461864075,0.1577641017579376,0.4191265023226092,0.9815665937523042,1.9189667461351292
sliding,74,23231,Dummy,123,const,0.38697864182662767,0.38697864182662767,0.7739572836532553,1.9348932091331383,3.8697864182662767
sliding,74,23231,Logistic Regression,123,C=10.0,0.7844677591766104,0.15922390575756143,0.44136947919482883,1.043257059994593,2.0464030279941996
sliding,74,23231,Random Forest,123,depth=10,0.7974840419127884,0.16421917293961383,0.5823235923022095,1.4515692973185539,2.900312139012461
sliding,74,23231,XGBoost,123,depth=3,0.7968577356481568,0.1600816547870636,0.42952294344630965,1.0072258952490967,1.970064148253742
sliding,74,23231,LightGBM,123,leaves=15,0.8034207461864075,0.1577641017579376,0.4191265023226092,0.9815665937523042,1.9189667461351292
sliding,75,23446,Dummy,42,const,0.38697864182662767,0.38697864182662767,0.7739572836532553,1.9348932091331383,3.8697864182662767
sliding,75,23446,Logistic Regression,42,C=10.0,0.7855917833984329,0.1576349318700468,0.44132032344483496,1.0432816378695897,2.046550495244181
sliding,75,23446,Random Forest,42,depth=20,0.7637093001969101,0.17012781113020115,0.5969965836753754,1.4716248433160468,2.9293386093838327
sliding,75,23446,XGBoost,42,depth=3,0.8020589338001411,0.1589743047952652,0.4319069973210116,1.0215547963723057,2.0043011281244625
sliding,75,23446,LightGBM,42,leaves=15,0.7939548127830354,0.1658097626120222,0.450831961068646,1.0688672057413915,2.0989259468626345
sliding,75,23446,Dummy,7,const,0.38697864182662767,0.38697864182662767,0.7739572836532553,1.9348932091331383,3.8697864182662767
sliding,75,23446,Logistic Regression,7,C=10.0,0.7855917833984329,0.1576349318700468,0.44132032344483496,1.0432816378695897,2.046550495244181
sliding,75,23446,Random Forest,7,depth=20,0.7632301479763678,0.16893961444493064,0.5922038980509745,1.4572467864428442,2.898984933762627
sliding,75,23446,XGBoost,7,depth=3,0.8020589338001411,0.1589743047952652,0.4319069973210116,1.0215547963723057,2.0043011281244625
sliding,75,23446,LightGBM,7,leaves=15,0.7939548127830354,0.1658097626120222,0.450831961068646,1.0688672057413915,2.0989259468626345
sliding,75,23446,Dummy,123,const,0.38697864182662767,0.38697864182662767,0.7739572836532553,1.9348932091331383,3.8697864182662767
sliding,75,23446,Logistic Regression,123,C=10.0,0.7855917833984329,0.1576349318700468,0.44132032344483496,1.0432816378695897,2.046550495244181
sliding,75,23446,Random Forest,123,depth=10,0.7943915547288706,0.1648935162000959,0.5792022021775998,1.4424754835696905,2.881264285889842
sliding,75,23446,XGBoost,123,depth=3,0.8020589338001411,0.1589743047952652,0.4319069973210116,1.0215547963723057,2.0043011281244625
sliding,75,23446,LightGBM,123,leaves=15,0.7939548127830354,0.1658097626120222,0.450831961068646,1.0688672057413915,2.0989259468626345
sliding,76,24156,Dummy,42,const,0.38697864182662767,0.38697864182662767,0.7739572836532553,1.9348932091331383,3.8697864182662767
sliding,76,24156,Logistic Regression,42,C=0.1,0.787100767568627,0.15698858015677836,0.4071079214491115,0.9395384275075577,1.8269226042716347
sliding,76,24156,Random Forest,42,depth=10,0.7962870743539833,0.16417800038260483,0.5807997640524001,1.447096124069113,2.8909233907636347
sliding,76,24156,XGBoost,42,depth=3,0.7980745153650075,0.16209417581558228,0.4429178853196353,1.0488608154938923,2.058765699117654
sliding,76,24156,LightGBM,42,leaves=15,0.7991198509948139,0.16256767637025912,0.4378056873202743,1.0351217833706097,2.030648610121169
sliding,76,24156,Dummy,7,const,0.38697864182662767,0.38697864182662767,0.7739572836532553,1.9348932091331383,3.8697864182662767
sliding,76,24156,Logistic Regression,7,C=0.1,0.787100767568627,0.15698858015677836,0.4071079214491115,0.9395384275075577,1.8269226042716347
sliding,76,24156,Random Forest,7,depth=10,0.7976965385410358,0.16334903727679953,0.5732052006783493,1.427704180696537,2.8518691473935163
sliding,76,24156,XGBoost,7,depth=3,0.7980745153650075,0.16209417581558228,0.4429178853196353,1.0488608154938923,2.058765699117654
sliding,76,24156,LightGBM,7,leaves=15,0.7991198509948139,0.16256767637025912,0.4378056873202743,1.0351217833706097,2.030648610121169
sliding,76,24156,Dummy,123,const,0.38697864182662767,0.38697864182662767,0.7739572836532553,1.9348932091331383,3.8697864182662767
sliding,76,24156,Logistic Regression,123,C=0.1,0.787100767568627,0.15698858015677836,0.4071079214491115,0.9395384275075577,1.8269226042716347
sliding,76,24156,Random Forest,123,depth=10,0.7998454836613598,0.16259878724674875,0.5794234030525721,1.4449824268193772,2.8875807997640526
sliding,76,24156,XGBoost,123,depth=3,0.7980745153650075,0.16209417581558228,0.4429178853196353,1.0488608154938923,2.058765699117654
sliding,76,24156,LightGBM,123,leaves=15,0.7991198509948139,0.16256767637025912,0.4378056873202743,1.0351217833706097,2.030648610121169
sliding,77,25044,Dummy,42,const,0.38697864182662767,0.38697864182662767,0.7739572836532553,1.9348932091331383,3.8697864182662767
sliding,77,25044,Logistic Regression,42,C=1.0,0.7859274280900572,0.1576332929200551,0.42893307444638334,1.0054562882493179,1.966328311254209
sliding,77,25044,Random Forest,42,depth=None,0.7729959524308427,0.16563199267705853,0.5415734755573033,1.3228549659596431,2.624990783296876
sliding,77,25044,XGBoost,42,depth=6,0.7898398419001192,0.1708158403635025,0.4193968589475754,0.9702607712537175,1.888367291763954
sliding,77,25044,LightGBM,42,leaves=31,0.7902212092323074,0.1693883372050547,0.43261975569592254,1.0148941922481383,1.985351586501831
sliding,77,25044,Dummy,7,const,0.38697864182662767,0.38697864182662767,0.7739572836532553,1.9348932091331383,3.8697864182662767
sliding,77,25044,Logistic Regression,7,C=1.0,0.7859274280900572,0.1576332929200551,0.42893307444638334,1.0054562882493179,1.966328311254209
sliding,77,25044,Random Forest,7,depth=None,0.7732649548121127,0.1650128969215069,0.535576474058053,1.3071988595866002,2.5932361688008454
sliding,77,25044,XGBoost,7,depth=6,0.7898398419001192,0.1708158403635025,0.4193968589475754,0.9702607712537175,1.888367291763954
sliding,77,25044,LightGBM,7,leaves=31,0.7902212092323074,0.1693883372050547,0.43261975569592254,1.0148941922481383,1.985351586501831
sliding,77,25044,Dummy,123,const,0.38697864182662767,0.38697864182662767,0.7739572836532553,1.9348932091331383,3.8697864182662767
sliding,77,25044,Logistic Regression,123,C=1.0,0.7859274280900572,0.1576332929200551,0.42893307444638334,1.0054562882493179,1.966328311254209
sliding,77,25044,Random Forest,123,depth=None,0.7645315106517447,0.16851119702622272,0.5493646619313294,1.3420748642072406,2.6632585346670927
sliding,77,25044,XGBoost,123,depth=6,0.7898398419001192,0.1708158403635025,0.4193968589475754,0.9702607712537175,1.888367291763954
sliding,77,25044,LightGBM,123,leaves=31,0.7902212092323074,0.1693883372050547,0.43261975569592254,1.0148941922481383,1.985351586501831
sliding,78,26022,Dummy,42,const,0.38697864182662767,0.38697864182662767,0.7739572836532553,1.9348932091331383,3.8697864182662767
sliding,78,26022,Logistic Regression,42,C=1.0,0.7873966432542027,0.15881710939264693,0.39167301595104087,0.8881215130139848,1.7155356747855581
sliding,78,26022,Random Forest,42,depth=20,0.778050606508695,0.16480614765774246,0.5437363285570329,1.3301791727087275,2.6409172462948853
sliding,78,26022,XGBoost,42,depth=9,0.7843434192302351,0.1812898963689804,0.4135473246983066,0.9501806473812274,1.8445695185194289
sliding,78,26022,LightGBM,42,leaves=63,0.7926716909612723,0.1683435075964229,0.4219529579472559,0.9839506476270061,1.9206134637599233
sliding,78,26022,Dummy,7,const,0.38697864182662767,0.38697864182662767,0.7739572836532553,1.9348932091331383,3.8697864182662767
sliding,78,26022,Logistic Regression,7,C=1.0,0.7873966432542027,0.15881710939264693,0.39167301595104087,0.8881215130139848,1.7155356747855581
sliding,78,26022,Random Forest,7,depth=10,0.7973057781828251,0.16053147533463272,0.5632020055545998,1.4005210509499348,2.7960527932754933
sliding,78,26022,XGBoost,7,depth=9,0.7843434192302351,0.1812898963689804,0.4135473246983066,0.9501806473812274,1.8445695185194289
sliding,78,26022,LightGBM,7,leaves=63,0.7926716909612723,0.1683435075964229,0.4219529579472559,0.9839506476270061,1.9206134637599233
sliding,78,26022,Dummy,123,const,0.38697864182662767,0.38697864182662767,0.7739572836532553,1.9348932091331383,3.8697864182662767
sliding,78,26022,Logistic Regression,123,C=1.0,0.7873966432542027,0.15881710939264693,0.39167301595104087,0.8881215130139848,1.7155356747855581
sliding,78,26022,Random Forest,123,depth=20,0.7792364110941096,0.16404832036084924,0.5386487084326689,1.315727382210534,2.610858505173643
sliding,78,26022,XGBoost,123,depth=9,0.7843434192302351,0.1812898963689804,0.4135473246983066,0.9501806473812274,1.8445695185194289
sliding,78,26022,LightGBM,123,leaves=63,0.7926716909612723,0.1683435075964229,0.4219529579472559,0.9839506476270061,1.9206134637599233
sliding,79,26342,Dummy,42,const,0.38697864182662767,0.38697864182662767,0.7739572836532553,1.9348932091331383,3.8697864182662767
sliding,79,26342,Logistic Regression,42,C=10.0,0.7885994232833438,0.15739988359477505,0.4207240641974095,0.9797724088775285,1.91151965001106
sliding,79,26342,Random Forest,42,depth=10,0.7953076984748301,0.1621955691683984,0.5668149531791481,1.4098852213237643,2.8150023348981246
sliding,79,26342,XGBoost,42,depth=3,0.7950244779663787,0.16262070834636688,0.41588222282301474,0.9688844102538895,1.8905547226386807
sliding,79,26342,LightGBM,42,leaves=15,0.7993377963872683,0.16212541425925206,0.42792538157150933,1.0036375254995453,1.9631577653796053
sliding,79,26342,Dummy,7,const,0.38697864182662767,0.38697864182662767,0.7739572836532553,1.9348932091331383,3.8697864182662767
sliding,79,26342,Logistic Regression,7,C=10.0,0.7885994232833438,0.15739988359477505,0.4207240641974095,0.9797724088775285,1.91151965001106
sliding,79,26342,Random Forest,7,depth=10,0.7982043619743181,0.16004201484259017,0.5582864305552142,1.3872735763265909,2.768918819278885
sliding,79,26342,XGBoost,7,depth=3,0.7950244779663787,0.16262070834636688,0.41588222282301474,0.9688844102538895,1.8905547226386807
sliding,79,26342,LightGBM,7,leaves=15,0.7993377963872683,0.16212541425925206,0.42792538157150933,1.0036375254995453,1.9631577653796053
sliding,79,26342,Dummy,123,const,0.38697864182662767,0.38697864182662767,0.7739572836532553,1.9348932091331383,3.8697864182662767
sliding,79,26342,Logistic Regression,123,C=10.0,0.7885994232833438,0.15739988359477505,0.4207240641974095,0.9797724088775285,1.91151965001106
sliding,79,26342,Random Forest,123,depth=10,0.7950183119658447,0.16154320885541648,0.5692481628038439,1.4168899156978887,2.829626170521297
sliding,79,26342,XGBoost,123,depth=3,0.7950244779663787,0.16262070834636688,0.41588222282301474,0.9688844102538895,1.8905547226386807
sliding,79,26342,LightGBM,123,leaves=15,0.7993377963872683,0.16212541425925206,0.42792538157150933,1.0036375254995453,1.9631577653796053
sliding,80,27241,Dummy,42,const,0.38697864182662767,0.38697864182662767,0.7739572836532553,1.9348932091331383,3.8697864182662767
sliding,80,27241,Logistic Regression,42,C=10.0,0.789377358990566,0.15722664944834797,0.4161034236979871,0.9657138643792857,1.8817312655147835
sliding,80,27241,Random Forest,42,depth=10,0.7952365067225977,0.1615209959844699,0.5723941308034507,1.425344704696832,2.846928994519134
sliding,80,27241,XGBoost,42,depth=3,0.7983576425471083,0.16137650609016418,0.4183154324477106,0.9766264408779217,1.9071447882616068
sliding,80,27241,LightGBM,42,leaves=15,0.8052403749964863,0.15944310078075222,0.4173077395728365,0.9756187480030477,1.906137095386733
sliding,80,27241,Dummy,7,const,0.38697864182662767,0.38697864182662767,0.7739572836532553,1.9348932091331383,3.8697864182662767
sliding,80,27241,Logistic Regression,7,C=10.0,0.789377358990566,0.15722664944834797,0.4161034236979871,0.9657138643792857,1.8817312655147835
sliding,80,27241,Random Forest,7,depth=10,0.7988003301988511,0.15996713564168222,0.5625384029296827,1.3986777103251653,2.7922432226509697
sliding,80,27241,XGBoost,7,depth=3,0.7983576425471083,0.16137650609016418,0.4183154324477106,0.9766264408779217,1.9071447882616068
sliding,80,27241,LightGBM,7,leaves=15,0.8052403749964863,0.15944310078075222,0.4173077395728365,0.9756187480030477,1.906137095386733
sliding,80,27241,Dummy,123,const,0.38697864182662767,0.38697864182662767,0.7739572836532553,1.9348932091331383,3.8697864182662767
sliding,80,27241,Logistic Regression,123,C=10.0,0.789377358990566,0.15722664944834797,0.4161034236979871,0.9657138643792857,1.8817312655147835
sliding,80,27241,Random Forest,123,depth=10,0.7958473009317476,0.1600318735445585,0.5643325878044584,1.4017253668247844,2.7973799985253276
sliding,80,27241,XGBoost,123,depth=3,0.7983576425471083,0.16137650609016418,0.4183154324477106,0.9766264408779217,1.9071447882616068
sliding,80,27241,LightGBM,123,leaves=15,0.8052403749964863,0.15944310078075222,0.4173077395728365,0.9756187480030477,1.906137095386733
sliding,81,27858,Dummy,42,const,0.38697864182662767,0.38697864182662767,0.7739572836532553,1.9348932091331383,3.8697864182662767
sliding,81,27858,Logistic Regression,42,C=1.0,0.7905515371721197,0.15703777899544105,0.41239216457345096,0.9592007275050999,1.8705483323911816
sliding,81,27858,Random Forest,42,depth=10,0.7968505309274855,0.1609618569503263,0.5710669255536166,1.4213630889473297,2.838523361270185
sliding,81,27858,XGBoost,42,depth=6,0.7925075239839937,0.1683719903230667,0.4104750903236906,0.9481406837564824,1.8442500061444687
sliding,81,27858,LightGBM,42,leaves=31,0.796618359190966,0.1655702154272685,0.42932632044633423,1.0034163246245729,1.9602329982549709
sliding,81,27858,Dummy,7,const,0.38697864182662767,0.38697864182662767,0.7739572836532553,1.9348932091331383,3.8697864182662767
sliding,81,27858,Logistic Regression,7,C=1.0,0.7905515371721197,0.15703777899544105,0.41239216457345096,0.9592007275050999,1.8705483323911816
sliding,81,27858,Random Forest,7,depth=10,0.7995774203487739,0.15992942352717446,0.5650207683043724,1.4064688966991914,2.8088824440238898
sliding,81,27858,XGBoost,7,depth=6,0.7925075239839937,0.1683719903230667,0.4104750903236906,0.9481406837564824,1.8442500061444687
sliding,81,27858,LightGBM,7,leaves=31,0.796618359190966,0.1655702154272685,0.42932632044633423,1.0034163246245729,1.9602329982549709
sliding,81,27858,Dummy,123,const,0.38697864182662767,0.38697864182662767,0.7739572836532553,1.9348932091331383,3.8697864182662767
sliding,81,27858,Logistic Regression,123,C=1.0,0.7905515371721197,0.15703777899544105,0.41239216457345096,0.9592007275050999,1.8705483323911816
sliding,81,27858,Random Forest,123,depth=20,0.7694451063873525,0.16553938992759293,0.5218374419347703,1.2607958315924006,2.4923931476884507
sliding,81,27858,XGBoost,123,depth=6,0.7925075239839937,0.1683719903230667,0.4104750903236906,0.9481406837564824,1.8442500061444687
sliding,81,27858,LightGBM,123,leaves=31,0.796618359190966,0.1655702154272685,0.42932632044633423,1.0034163246245729,1.9602329982549709
sliding,82,28410,Dummy,42,const,0.38697864182662767,0.38697864182662767,0.7739572836532553,1.9348932091331383,3.8697864182662767
sliding,82,28410,Logistic Regression,42,C=1.0,0.7893587963013081,0.15707920582118157,0.41580848919802393,0.9680733403789908,1.8885147590139357
sliding,82,28410,Random Forest,42,depth=20,0.7757158001452018,0.16414571501700684,0.5349866050581267,1.29871949271266,2.571607638803549
sliding,82,28410,XGBoost,42,depth=3,0.8034269501975312,0.16033683717250824,0.42315727382210533,0.990463784501192,1.9359746356330032
sliding,82,28410,LightGBM,42,leaves=31,0.7957097246493262,0.16609877590991076,0.42414038882198246,0.9919630348760046,1.9383341116327082
sliding,82,28410,Dummy,7,const,0.38697864182662767,0.38697864182662767,0.7739572836532553,1.9348932091331383,3.8697864182662767
sliding,82,28410,Logistic Regression,7,C=1.0,0.7893587963013081,0.15707920582118157,0.41580848919802393,0.9680733403789908,1.8885147590139357
sliding,82,28410,Random Forest,7,depth=20,0.7749286422795383,0.16419634720844442,0.5260894143092388,1.274928109715634,2.522992602059626
sliding,82,28410,XGBoost,7,depth=3,0.8034269501975312,0.16033683717250824,0.42315727382210533,0.990463784501192,1.9359746356330032
sliding,82,28410,LightGBM,7,leaves=31,0.7957097246493262,0.16609877590991076,0.42414038882198246,0.9919630348760046,1.9383341116327082
sliding,82,28410,Dummy,123,const,0.38697864182662767,0.38697864182662767,0.7739572836532553,1.9348932091331383,3.8697864182662767
sliding,82,28410,Logistic Regression,123,C=1.0,0.7893587963013081,0.15707920582118157,0.41580848919802393,0.9680733403789908,1.8885147590139357
sliding,82,28410,Random Forest,123,depth=20,0.7744328190618275,0.16438901755893023,0.5146852803106643,1.2445007004694375,2.4608597340673923
sliding,82,28410,XGBoost,123,depth=3,0.8034269501975312,0.16033683717250824,0.42315727382210533,0.990463784501192,1.9359746356330032
sliding,82,28410,LightGBM,123,leaves=31,0.7957097246493262,0.16609877590991076,0.42414038882198246,0.9919630348760046,1.9383341116327082
sliding,83,28943,Dummy,42,const,0.38697864182662767,0.38697864182662767,0.7739572836532553,1.9348932091331383,3.8697864182662767
sliding,83,28943,Logistic Regression,42,C=1.0,0.7892949277317685,0.15690215201129554,0.42148597832231427,0.9873915501265761,1.930567503133679
sliding,83,28943,Random Forest,42,depth=20,0.7793214023921168,0.16401237930572046,0.5346425148081697,1.3022832845872145,2.5816845675522893
sliding,83,28943,XGBoost,42,depth=3,0.8039918844962298,0.1589508205652237,0.42173175707228355,0.9839506476270061,1.9209821318848772
sliding,83,28943,LightGBM,42,leaves=31,0.8019020085512738,0.16218937485874182,0.42165802344729275,0.9856465210017942,1.9256273502592967
sliding,83,28943,Dummy,7,const,0.38697864182662767,0.38697864182662767,0.7739572836532553,1.9348932091331383,3.8697864182662767
sliding,83,28943,Logistic Regression,7,C=1.0,0.7892949277317685,0.15690215201129554,0.42148597832231427,0.9873915501265761,1.930567503133679
sliding,83,28943,Random Forest,7,depth=20,0.7769206323372586,0.16428386909049006,0.5330203750583724,1.2954260574630718,2.566102194804237
sliding,83,28943,XGBoost,7,depth=3,0.8039918844962298,0.1589508205652237,0.42173175707228355,0.9839506476270061,1.9209821318848772
sliding,83,28943,LightGBM,7,leaves=31,0.8019020085512738,0.16218937485874182,0.42165802344729275,0.9856465210017942,1.9256273502592967
sliding,83,28943,Dummy,123,const,0.38697864182662767,0.38697864182662767,0.7739572836532553,1.9348932091331383,3.8697864182662767
sliding,83,28943,Logistic Regression,123,C=1.0,0.7892949277317685,0.15690215201129554,0.42148597832231427,0.9873915501265761,1.930567503133679
sliding,83,28943,Random Forest,123,depth=20,0.7770504431703141,0.1643998409515401,0.5384520854326935,1.3069776587116277,2.5878536141765185
sliding,83,28943,XGBoost,123,depth=3,0.8039918844962298,0.1589508205652237,0.42173175707228355,0.9839506476270061,1.9209821318848772
sliding,83,28943,LightGBM,123,leaves=31,0.8019020085512738,0.16218937485874182,0.42165802344729275,0.9856465210017942,1.9256273502592967
sliding,84,29404,Dummy,42,const,0.38697864182662767,0.38697864182662767,0.7739572836532553,1.9348932091331383,3.8697864182662767
sliding,84,29404,Logistic Regression,42,C=0.1,0.7900186145037508,0.15673029402538094,0.42475483569690564,0.998623639000172,1.955071644505616
sliding,84,29404,Random Forest,42,depth=20,0.7750966975382287,0.16550790907323773,0.5395580898075553,1.3131712832108535,2.6025266055496843
sliding,84,29404,XGBoost,42,depth=6,0.7905548502710292,0.1707756221294403,0.42465652419691796,0.9868754147516405,1.9239068990095116
sliding,84,29404,LightGBM,42,leaves=31,0.8020415586636209,0.16205239782090833,0.4242632781969671,0.9956988718755376,1.9480915280064885
sliding,84,29404,Dummy,7,const,0.38697864182662767,0.38697864182662767,0.7739572836532553,1.9348932091331383,3.8697864182662767
sliding,84,29404,Logistic Regression,7,C=0.1,0.7900186145037508,0.15673029402538094,0.42475483569690564,0.998623639000172,1.955071644505616
sliding,84,29404,Random Forest,7,depth=20,0.7784274669757711,0.16415196090775017,0.5260648364342418,1.275935802590508,2.5257207461842848
sliding,84,29404,XGBoost,7,depth=6,0.7905548502710292,0.1707756221294403,0.42465652419691796,0.9868754147516405,1.9239068990095116
sliding,84,29404,LightGBM,7,leaves=31,0.8020415586636209,0.16205239782090833,0.4242632781969671,0.9956988718755376,1.9480915280064885
sliding,84,29404,Dummy,123,const,0.38697864182662767,0.38697864182662767,0.7739572836532553,1.9348932091331383,3.8697864182662767
sliding,84,29404,Logistic Regression,123,C=0.1,0.7900186145037508,0.15673029402538094,0.42475483569690564,0.998623639000172,1.955071644505616
sliding,84,29404,Random Forest,123,depth=10,0.8050480685059423,0.15842827058713604,0.5667903753041512,1.4122201194484725,2.8212696930223413
sliding,84,29404,XGBoost,123,depth=6,0.7905548502710292,0.1707756221294403,0.42465652419691796,0.9868754147516405,1.9239068990095116
sliding,84,29404,LightGBM,123,leaves=31,0.8020415586636209,0.16205239782090833,0.4242632781969671,0.9956988718755376,1.9480915280064885
sliding,85,29807,Dummy,42,const,0.38697864182662767,0.38697864182662767,0.7739572836532553,1.9348932091331383,3.8697864182662767
sliding,85,29807,Logistic Regression,42,C=0.1,0.7910029039291335,0.1565221104158999,0.42539386044682576,1.0011060043748619,1.9606262442549218
sliding,85,29807,Random Forest,42,depth=20,0.7858433803264326,0.16115892921504055,0.5213704623098286,1.26608007471674,2.5072627620615924
sliding,85,29807,XGBoost,42,depth=9,0.7851384302159367,0.180113285779953,0.436896305945388,1.0202030132474746,1.9923808587509524
sliding,85,29807,LightGBM,42,leaves=15,0.8104155127569809,0.15663680514375455,0.4191510801976061,0.9824022415021997,1.9211541770098557
sliding,85,29807,Dummy,7,const,0.38697864182662767,0.38697864182662767,0.7739572836532553,1.9348932091331383,3.8697864182662767
sliding,85,29807,Logistic Regression,7,C=0.1,0.7910029039291335,0.1565221104158999,0.42539386044682576,1.0011060043748619,1.9606262442549218
sliding,85,29807,Random Forest,7,depth=20,0.7793543015159555,0.16354226669917313,0.5177083589352864,1.254823407968147,2.483348489689581
sliding,85,29807,XGBoost,7,depth=9,0.7851384302159367,0.180113285779953,0.436896305945388,1.0202030132474746,1.9923808587509524
sliding,85,29807,LightGBM,7,leaves=15,0.8104155127569809,0.15663680514375455,0.4191510801976061,0.9824022415021997,1.9211541770098557
sliding,85,29807,Dummy,123,const,0.38697864182662767,0.38697864182662767,0.7739572836532553,1.9348932091331383,3.8697864182662767
sliding,85,29807,Logistic Regression,123,C=0.1,0.7910029039291335,0.1565221104158999,0.42539386044682576,1.0011060043748619,1.9606262442549218
sliding,85,29807,Random Forest,123,depth=20,0.7810760442964698,0.16237361894199334,0.5297023619337872,1.284439747339445,2.5423353896822083
sliding,85,29807,XGBoost,123,depth=9,0.7851384302159367,0.180113285779953,0.436896305945388,1.0202030132474746,1.9923808587509524
sliding,85,29807,LightGBM,123,leaves=15,0.8104155127569809,0.15663680514375455,0.4191510801976061,0.9824022415021997,1.9211541770098557
sliding,86,30043,Dummy,42,const,0.38697864182662767,0.38697864182662767,0.7739572836532553,1.9348932091331383,3.8697864182662767
sliding,86,30043,Logistic Regression,42,C=0.1,0.7877142470187841,0.1565951207837217,0.42423870032197014,0.9971489665003563,1.951999410131
sliding,86,30043,Random Forest,42,depth=10,0.7995199284006825,0.15964207655671694,0.5666674859291666,1.4090004178238749,2.812888637648389
sliding,86,30043,XGBoost,42,depth=3,0.8104471263999371,0.15535849332809448,0.41411261582323594,0.9660825325042397,1.886032393639246
sliding,86,30043,LightGBM,42,leaves=63,0.7991434913146567,0.16482560837890123,0.4357165679455354,1.022783690122152,2.0012288937498464
sliding,86,30043,Dummy,7,const,0.38697864182662767,0.38697864182662767,0.7739572836532553,1.9348932091331383,3.8697864182662767
sliding,86,30043,Logistic Regression,7,C=0.1,0.7877142470187841,0.1565951207837217,0.42423870032197014,0.9971489665003563,1.951999410131
sliding,86,30043,Random Forest,7,depth=10,0.8075935085485357,0.15646100961113082,0.5617273330547841,1.3985302430751838,2.7932017597758496
sliding,86,30043,XGBoost,7,depth=3,0.8104471263999371,0.15535849332809448,0.41411261582323594,0.9660825325042397,1.886032393639246
sliding,86,30043,LightGBM,7,leaves=63,0.7991434913146567,0.16482560837890123,0.4357165679455354,1.022783690122152,2.0012288937498464
sliding,86,30043,Dummy,123,const,0.38697864182662767,0.38697864182662767,0.7739572836532553,1.9348932091331383,3.8697864182662767
sliding,86,30043,Logistic Regression,123,C=0.1,0.7877142470187841,0.1565951207837217,0.42423870032197014,0.9971489665003563,1.951999410131
sliding,86,30043,Random Forest,123,depth=10,0.8062719558966878,0.15722336964324837,0.5662742399292158,1.4098606434487675,2.8158379826480204
sliding,86,30043,XGBoost,123,depth=3,0.8104471263999371,0.15535849332809448,0.41411261582323594,0.9660825325042397,1.886032393639246
sliding,86,30043,LightGBM,123,leaves=63,0.7991434913146567,0.16482560837890123,0.4357165679455354,1.022783690122152,2.0012288937498464
sliding,87,30265,Dummy,42,const,0.38697864182662767,0.38697864182662767,0.7739572836532553,1.9348932091331383,3.8697864182662767
sliding,87,30265,Logistic Regression,42,C=0.1,0.7886372935088382,0.15683464193794758,0.42750755769656157,1.0069063828741367,1.9725710915034287
sliding,87,30265,Random Forest,42,depth=20,0.7784742436236276,0.162777638498956,0.5158650183105169,1.246344041094207,2.463809079067024
sliding,87,30265,XGBoost,42,depth=6,0.7958824832406995,0.16543222963809967,0.41733231744783345,0.9667215572541598,1.8823702902647037
sliding,87,30265,LightGBM,42,leaves=63,0.7975177447023889,0.1641561177607207,0.43306215744586724,1.0154103276230737,1.9859906112517511
sliding,87,30265,Dummy,7,const,0.38697864182662767,0.38697864182662767,0.7739572836532553,1.9348932091331383,3.8697864182662767
sliding,87,30265,Logistic Regression,7,C=0.1,0.7886372935088382,0.15683464193794758,0.42750755769656157,1.0069063828741367,1.9725710915034287
sliding,87,30265,Random Forest,7,depth=20,0.784582907372807,0.16067222354069588,0.5111706441861037,1.2369307149703836,2.4465308329441835
sliding,87,30265,XGBoost,7,depth=6,0.7958824832406995,0.16543222963809967,0.41733231744783345,0.9667215572541598,1.8823702902647037
sliding,87,30265,LightGBM,7,leaves=63,0.7975177447023889,0.1641561177607207,0.43306215744586724,1.0154103276230737,1.9859906112517511
sliding,87,30265,Dummy,123,const,0.38697864182662767,0.38697864182662767,0.7739572836532553,1.9348932091331383,3.8697864182662767
sliding,87,30265,Logistic Regression,123,C=0.1,0.7886372935088382,0.15683464193794758,0.42750755769656157,1.0069063828741367,1.9725710915034287
sliding,87,30265,Random Forest,123,depth=20,0.7826009380137753,0.161359267546369,0.5115638901860545,1.2345220832206847,2.4394524049450683
sliding,87,30265,XGBoost,123,depth=6,0.7958824832406995,0.16543222963809967,0.41733231744783345,0.9667215572541598,1.8823702902647037
sliding,87,30265,LightGBM,123,leaves=63,0.7975177447023889,0.1641561177607207,0.43306215744586724,1.0154103276230737,1.9859906112517511
sliding,88,30356,Dummy,42,const,0.38697864182662767,0.38697864182662767,0.7739572836532553,1.9348932091331383,3.8697864182662767
sliding,88,30356,Logistic Regression,42,C=0.1,0.7881729074325539,0.15686134016609013,0.42662275419667217,1.0035146361245606,1.9650011060043748
sliding,88,30356,Random Forest,42,depth=10,0.8012540479363122,0.15889758895591524,0.5751714306781036,1.4334308255708212,2.863863150392017
sliding,88,30356,XGBoost,42,depth=3,0.8112702503274847,0.15383665263652802,0.4146533290731683,0.9659596431292551,1.8848034998893997
sliding,88,30356,LightGBM,42,leaves=15,0.8141419180991245,0.1532876503145081,0.41035220094870595,0.9575294320053088,1.8694914837663135
sliding,88,30356,Dummy,7,const,0.38697864182662767,0.38697864182662767,0.7739572836532553,1.9348932091331383,3.8697864182662767
sliding,88,30356,Logistic Regression,7,C=0.1,0.7881729074325539,0.15686134016609013,0.42662275419667217,1.0035146361245606,1.9650011060043748
sliding,88,30356,Random Forest,7,depth=10,0.7976234582601607,0.1590115980452663,0.5544277041806965,1.3716912035785387,2.7337970359082755
sliding,88,30356,XGBoost,7,depth=3,0.8112702503274847,0.15383665263652802,0.4146533290731683,0.9659596431292551,1.8848034998893997
sliding,88,30356,LightGBM,7,leaves=15,0.8141419180991245,0.1532876503145081,0.41035220094870595,0.9575294320053088,1.8694914837663135
sliding,88,30356,Dummy,123,const,0.38697864182662767,0.38697864182662767,0.7739572836532553,1.9348932091331383,3.8697864182662767
sliding,88,30356,Logistic Regression,123,C=0.1,0.7881729074325539,0.15686134016609013,0.42662275419667217,1.0035146361245606,1.9650011060043748
sliding,88,30356,Random Forest,123,depth=10,0.801108633155896,0.15882712485111253,0.5763511686779561,1.4360852360704894,2.8689753483913782
sliding,88,30356,XGBoost,123,depth=3,0.8112702503274847,0.15383665263652802,0.4146533290731683,0.9659596431292551,1.8848034998893997
sliding,88,30356,LightGBM,123,leaves=15,0.8141419180991245,0.1532876503145081,0.41035220094870595,0.9575294320053088,1.8694914837663135
sliding,89,30465,Dummy,42,const,0.38697864182662767,0.38697864182662767,0.7739572836532553,1.9348932091331383,3.8697864182662767
sliding,89,30465,Logistic Regression,42,C=0.1,0.7901469038511969,0.15599628748248942,0.4245582126969302,0.9982795487502151,1.9544817755056898
sliding,89,30465,Random Forest,42,depth=20,0.7824932185676531,0.16091175578260222,0.5075085408115614,1.2250104455968738,2.420846953572394
sliding,89,30465,XGBoost,42,depth=3,0.818791406807767,0.14917902648448944,0.39757170595030356,0.9238085875095239,1.8008700567748912
sliding,89,30465,LightGBM,42,leaves=63,0.8037421285183343,0.16245824599870953,0.42750755769656157,1.001302627374837,1.9576277435052964
sliding,89,30465,Dummy,7,const,0.38697864182662767,0.38697864182662767,0.7739572836532553,1.9348932091331383,3.8697864182662767
sliding,89,30465,Logistic Regression,7,C=0.1,0.7901469038511969,0.15599628748248942,0.4245582126969302,0.9982795487502151,1.9544817755056898
sliding,89,30465,Random Forest,7,depth=20,0.7794825875174216,0.1617202633185348,0.5069924054366259,1.22183989972227,2.4132523901983434
sliding,89,30465,XGBoost,7,depth=3,0.818791406807767,0.14917902648448944,0.39757170595030356,0.9238085875095239,1.8008700567748912
sliding,89,30465,LightGBM,7,leaves=63,0.8037421285183343,0.16245824599870953,0.42750755769656157,1.001302627374837,1.9576277435052964
sliding,89,30465,Dummy,123,const,0.38697864182662767,0.38697864182662767,0.7739572836532553,1.9348932091331383,3.8697864182662767
sliding,89,30465,Logistic Regression,123,C=0.1,0.7901469038511969,0.15599628748248942,0.4245582126969302,0.9982795487502151,1.9544817755056898
sliding,89,30465,Random Forest,123,depth=20,0.7807239376328173,0.16189287072883154,0.5104578858111928,1.2328999434708876,2.4369700395703786
sliding,89,30465,XGBoost,123,depth=3,0.818791406807767,0.14917902648448944,0.39757170595030356,0.9238085875095239,1.8008700567748912
sliding,89,30465,LightGBM,123,leaves=63,0.8037421285183343,0.16245824599870953,0.42750755769656157,1.001302627374837,1.9576277435052964
sliding,90,30663,Dummy,42,const,0.38697864182662767,0.38697864182662767,0.7739572836532553,1.9348932091331383,3.8697864182662767
sliding,90,30663,Logistic Regression,42,C=0.1,0.7895926314771525,0.15652907249669315,0.43244771057094405,1.0192936318725883,1.9973701673753288
sliding,90,30663,Random Forest,42,depth=20,0.7848467757252696,0.1606023012494846,0.4980214810627473,1.1995231892250595,2.3686927028289135
sliding,90,30663,XGBoost,42,depth=9,0.7936734207526035,0.17559005320072174,0.4248777250718903,0.9825988645021752,1.9121340968859832
sliding,90,30663,LightGBM,42,leaves=63,0.8079013873727412,0.1595996862570893,0.42780249219652466,1.0038095706245238,1.9638213680045222
sliding,90,30663,Dummy,7,const,0.38697864182662767,0.38697864182662767,0.7739572836532553,1.9348932091331383,3.8697864182662767
sliding,90,30663,Logistic Regression,7,C=0.1,0.7895926314771525,0.15652907249669315,0.43244771057094405,1.0192936318725883,1.9973701673753288
sliding,90,30663,Random Forest,7,depth=20,0.7886808015921913,0.15921564905164026,0.4954408041880699,1.1945093027256863,2.359623466955047
sliding,90,30663,XGBoost,7,depth=9,0.7936734207526035,0.17559005320072174,0.4248777250718903,0.9825988645021752,1.9121340968859832
sliding,90,30663,LightGBM,7,leaves=63,0.8079013873727412,0.1595996862570893,0.42780249219652466,1.0038095706245238,1.9638213680045222
sliding,90,30663,Dummy,123,const,0.38697864182662767,0.38697864182662767,0.7739572836532553,1.9348932091331383,3.8697864182662767
sliding,90,30663,Logistic Regression,123,C=0.1,0.7895926314771525,0.15652907249669315,0.43244771057094405,1.0192936318725883,1.9973701673753288
sliding,90,30663,Random Forest,123,depth=10,0.8050082196904168,0.15693591141946875,0.5506918671811635,1.366406960454199,2.7259321159092584
sliding,90,30663,XGBoost,123,depth=9,0.7936734207526035,0.17559005320072174,0.4248777250718903,0.9825988645021752,1.9121340968859832
sliding,90,30663,LightGBM,123,leaves=63,0.8079013873727412,0.1595996862570893,0.42780249219652466,1.0038095706245238,1.9638213680045222
sliding,91,30903,Dummy,42,const,0.38697864182662767,0.38697864182662767,0.7739572836532553,1.9348932091331383,3.8697864182662767
sliding,91,30903,Logistic Regression,42,C=10.0,0.7896043872062011,0.15645048151696206,0.4280728488214909,1.0076928748740384,1.9737262516282843
sliding,91,30903,Random Forest,42,depth=10,0.8020985177664052,0.15758565930592877,0.5531988104308502,1.3751812618281023,2.745152014156856
sliding,91,30903,XGBoost,42,depth=9,0.7949274814743958,0.1761385053396225,0.42229704819721287,0.9803868557524517,1.910536535011183
sliding,91,30903,LightGBM,42,leaves=63,0.8038467408254966,0.16196482942172996,0.4278270700715216,1.0054562882493179,1.9681716518789785
sliding,91,30903,Dummy,7,const,0.38697864182662767,0.38697864182662767,0.7739572836532553,1.9348932091331383,3.8697864182662767
sliding,91,30903,Logistic Regression,7,C=10.0,0.7896043872062011,0.15645048151696206,0.4280728488214909,1.0076928748740384,1.9737262516282843
sliding,91,30903,Random Forest,7,depth=10,0.8056815171058871,0.1560954023036625,0.5438100621820238,1.3495711160813035,2.692506205913437
sliding,91,30903,XGBoost,7,depth=9,0.7949274814743958,0.1761385053396225,0.42229704819721287,0.9803868557524517,1.910536535011183
sliding,91,30903,LightGBM,7,leaves=63,0.8038467408254966,0.16196482942172996,0.4278270700715216,1.0054562882493179,1.9681716518789785
sliding,91,30903,Dummy,123,const,0.38697864182662767,0.38697864182662767,0.7739572836532553,1.9348932091331383,3.8697864182662767
sliding,91,30903,Logistic Regression,123,C=10.0,0.7896043872062011,0.15645048151696206,0.4280728488214909,1.0076928748740384,1.9737262516282843
sliding,91,30903,Random Forest,123,depth=10,0.8081370547174966,0.15560441355540477,0.5606459065549193,1.396342812200457,2.7891709882763536
sliding,91,30903,XGBoost,123,depth=9,0.7949274814743958,0.1761385053396225,0.42229704819721287,0.9803868557524517,1.910536535011183
sliding,91,30903,LightGBM,123,leaves=63,0.8038467408254966,0.16196482942172996,0.4278270700715216,1.0054562882493179,1.9681716518789785
sliding,92,30839,Dummy,42,const,0.38697864182662767,0.38697864182662767,0.7739572836532553,1.9348932091331383,3.8697864182662767
sliding,92,30839,Logistic Regression,42,C=0.1,0.7902019654574588,0.15617409372320876,0.43522501044559686,1.0273797527465776,2.014304323248212
sliding,92,30839,Random Forest,42,depth=10,0.8032001068705223,0.15706522369186074,0.5419421436822572,1.3428367783321453,2.6776611694152925
sliding,92,30839,XGBoost,42,depth=6,0.7989923259266388,0.16289901733398438,0.4137685255732789,0.9536461277557943,1.8534421313933198
sliding,92,30839,LightGBM,42,leaves=63,0.8079657687182824,0.15838876711406352,0.41322781232334654,0.9669673360041291,1.8898665421387666
sliding,92,30839,Dummy,7,const,0.38697864182662767,0.38697864182662767,0.7739572836532553,1.9348932091331383,3.8697864182662767
sliding,92,30839,Logistic Regression,7,C=0.1,0.7902019654574588,0.15617409372320876,0.43522501044559686,1.0273797527465776,2.014304323248212
sliding,92,30839,Random Forest,7,depth=10,0.8058159257002159,0.15653525355263703,0.5490697274313663,1.3626465455796692,2.718607909160174
sliding,92,30839,XGBoost,7,depth=6,0.7989923259266388,0.16289901733398438,0.4137685255732789,0.9536461277557943,1.8534421313933198
sliding,92,30839,LightGBM,7,leaves=63,0.8079657687182824,0.15838876711406352,0.41322781232334654,0.9669673360041291,1.8898665421387666
sliding,92,30839,Dummy,123,const,0.38697864182662767,0.38697864182662767,0.7739572836532553,1.9348932091331383,3.8697864182662767
sliding,92,30839,Logistic Regression,123,C=0.1,0.7902019654574588,0.15617409372320876,0.43522501044559686,1.0273797527465776,2.014304323248212
sliding,92,30839,Random Forest,123,depth=10,0.8107886203408585,0.15560510262720123,0.5610391525548701,1.3971784599503527,2.790743972276157
sliding,92,30839,XGBoost,123,depth=6,0.7989923259266388,0.16289901733398438,0.4137685255732789,0.9536461277557943,1.8534421313933198
sliding,92,30839,LightGBM,123,leaves=63,0.8079657687182824,0.15838876711406352,0.41322781232334654,0.9669673360041291,1.8898665421387666
sliding,93,31205,Dummy,42,const,0.38697864182662767,0.38697864182662767,0.7739572836532553,1.9348932091331383,3.8697864182662767
sliding,93,31205,Logistic Regression,42,C=0.1,0.7891818124932314,0.15627914873347976,0.43406985032074125,1.0246024528719246,2.008823457123897
sliding,93,31205,Random Forest,42,depth=20,0.7823197769640264,0.1597904277791281,0.4966451200629194,1.1937228107257847,2.35551896183056
sliding,93,31205,XGBoost,42,depth=3,0.8180755020089184,0.1493845134973526,0.393344311450832,0.9111018261361122,1.774031017278246
sliding,93,31205,LightGBM,42,leaves=31,0.8097505595751316,0.15656141010983757,0.41873325632265834,0.9785189372526851,1.911495072136063
sliding,93,31205,Dummy,7,const,0.38697864182662767,0.38697864182662767,0.7739572836532553,1.9348932091331383,3.8697864182662767
sliding,93,31205,Logistic Regression,7,C=0.1,0.7891818124932314,0.15627914873347976,0.43406985032074125,1.0246024528719246,2.008823457123897
sliding,93,31205,Random Forest,7,depth=10,0.8113856910631575,0.1539340134361397,0.5491188831813602,1.3649077100793865,2.7245557549094306
sliding,93,31205,XGBoost,7,depth=3,0.8180755020089184,0.1493845134973526,0.393344311450832,0.9111018261361122,1.774031017278246
sliding,93,31205,LightGBM,7,leaves=31,0.8097505595751316,0.15656141010983757,0.41873325632265834,0.9785189372526851,1.911495072136063
sliding,93,31205,Dummy,123,const,0.38697864182662767,0.38697864182662767,0.7739572836532553,1.9348932091331383,3.8697864182662767
sliding,93,31205,Logistic Regression,123,C=0.1,0.7891818124932314,0.15627914873347976,0.43406985032074125,1.0246024528719246,2.008823457123897
sliding,93,31205,Random Forest,123,depth=10,0.8086975040362523,0.1553300477345422,0.5522648511809669,1.3728463637033943,2.7404822179074397
sliding,93,31205,XGBoost,123,depth=3,0.8180755020089184,0.1493845134973526,0.393344311450832,0.9111018261361122,1.774031017278246
sliding,93,31205,LightGBM,123,leaves=31,0.8097505595751316,0.15656141010983757,0.41873325632265834,0.9785189372526851,1.911495072136063
sliding,94,31233,Dummy,42,const,0.38697864182662767,0.38697864182662767,0.7739572836532553,1.9348932091331383,3.8697864182662767
sliding,94,31233,Logistic Regression,42,C=0.1,0.7883142248769816,0.15611262831923867,0.4374124413203234,1.0338437338707696,2.0278958881215132
sliding,94,31233,Random Forest,42,depth=20,0.7888079435909343,0.15802678310548485,0.49202447956349693,1.1846781527269152,2.3391009413326125
sliding,94,31233,XGBoost,42,depth=3,0.8126502298671032,0.15266232192516327,0.410008110698749,0.953719861380785,1.8599061125175118
sliding,94,31233,LightGBM,42,leaves=63,0.8042959896042037,0.16121678769285122,0.42369798707203776,0.9924791702509401,1.940447808882444
sliding,94,31233,Dummy,7,const,0.38697864182662767,0.38697864182662767,0.7739572836532553,1.9348932091331383,3.8697864182662767
sliding,94,31233,Logistic Regression,7,C=0.1,0.7883142248769816,0.15611262831923867,0.4374124413203234,1.0338437338707696,2.0278958881215132
sliding,94,31233,Random Forest,7,depth=20,0.7863146651016234,0.1591477474609662,0.49576031656302993,1.1931329417258585,2.3554206503305726
sliding,94,31233,XGBoost,7,depth=3,0.8126502298671032,0.15266232192516327,0.410008110698749,0.953719861380785,1.8599061125175118
sliding,94,31233,LightGBM,7,leaves=63,0.8042959896042037,0.16121678769285122,0.42369798707203776,0.9924791702509401,1.940447808882444
sliding,94,31233,Dummy,123,const,0.38697864182662767,0.38697864182662767,0.7739572836532553,1.9348932091331383,3.8697864182662767
sliding,94,31233,Logistic Regression,123,C=0.1,0.7883142248769816,0.15611262831923867,0.4374124413203234,1.0338437338707696,2.0278958881215132
sliding,94,31233,Random Forest,123,depth=10,0.8074541637948607,0.15545728303975984,0.5405412048074324,1.3398874333325141,2.6721311475409837
sliding,94,31233,XGBoost,123,depth=3,0.8126502298671032,0.15266232192516327,0.410008110698749,0.953719861380785,1.8599061125175118
sliding,94,31233,LightGBM,123,leaves=63,0.8042959896042037,0.16121678769285122,0.42369798707203776,0.9924791702509401,1.940447808882444
sliding,95,31591,Dummy,42,const,0.38697864182662767,0.38697864182662767,0.7739572836532553,1.9348932091331383,3.8697864182662767
sliding,95,31591,Logistic Regression,42,C=0.1,0.7840245733452759,0.15750191452650483,0.4418118809447735,1.047312409369086,2.05647995674294
sliding,95,31591,Random Forest,42,depth=10,0.8058248910175833,0.15512999132142585,0.5251554550593556,1.2948607663381424,2.577702951802787
sliding,95,31591,XGBoost,42,depth=3,0.8163213124251196,0.15063464641571045,0.40757490107405314,0.949664512006292,1.8531471968933566
sliding,95,31591,LightGBM,42,leaves=15,0.8111041026181821,0.1556413143239592,0.4019711455747536,0.9355076560080615,1.8247351733969082
sliding,95,31591,Dummy,7,const,0.38697864182662767,0.38697864182662767,0.7739572836532553,1.9348932091331383,3.8697864182662767
sliding,95,31591,Logistic Regression,7,C=0.1,0.7840245733452759,0.15750191452650483,0.4418118809447735,1.047312409369086,2.05647995674294
sliding,95,31591,Random Forest,7,depth=10,0.8060522793353105,0.15517924878824702,0.5226976675596627,1.2872416250890948,2.5614815543048146
sliding,95,31591,XGBoost,7,depth=3,0.8163213124251196,0.15063464641571045,0.40757490107405314,0.949664512006292,1.8531471968933566
sliding,95,31591,LightGBM,7,leaves=15,0.8111041026181821,0.1556413143239592,0.4019711455747536,0.9355076560080615,1.8247351733969082
sliding,95,31591,Dummy,123,const,0.38697864182662767,0.38697864182662767,0.7739572836532553,1.9348932091331383,3.8697864182662767
sliding,95,31591,Logistic Regression,123,C=0.1,0.7840245733452759,0.15750191452650483,0.4418118809447735,1.047312409369086,2.05647995674294
sliding,95,31591,Random Forest,123,depth=10,0.8052668389175505,0.15566473603888864,0.5364858554329393,1.3280900533339888,2.647430383169071
sliding,95,31591,XGBoost,123,depth=3,0.8163213124251196,0.15063464641571045,0.40757490107405314,0.949664512006292,1.8531471968933566
sliding,95,31591,LightGBM,123,leaves=15,0.8111041026181821,0.1556413143239592,0.4019711455747536,0.9355076560080615,1.8247351733969082
sliding,96,31672,Dummy,42,const,0.38697864182662767,0.38697864182662767,0.7739572836532553,1.9348932091331383,3.8697864182662767
sliding,96,31672,Logistic Regression,42,C=0.1,0.7813509580042501,0.15777964039096207,0.44771057094403616,1.0638287413670213,2.0906923587386634
sliding,96,31672,Random Forest,42,depth=10,0.8056943352604122,0.15500423363091065,0.5154226165605722,1.2671369233416079,2.519994101310001
sliding,96,31672,XGBoost,42,depth=3,0.8121297280546107,0.15339285135269165,0.41131073807358615,0.9581193010052351,1.8694669058913167
sliding,96,31672,LightGBM,42,leaves=15,0.8067430418581474,0.15672350711167624,0.40605107282424363,0.9477720156315285,1.85064025364367
sliding,96,31672,Dummy,7,const,0.38697864182662767,0.38697864182662767,0.7739572836532553,1.9348932091331383,3.8697864182662767
sliding,96,31672,Logistic Regression,7,C=0.1,0.7813509580042501,0.15777964039096207,0.44771057094403616,1.0638287413670213,2.0906923587386634
sliding,96,31672,Random Forest,7,depth=10,0.8083895095423888,0.1549784850963794,0.5527318308059085,1.3755253520780593,2.746847887531644
sliding,96,31672,XGBoost,7,depth=3,0.8121297280546107,0.15339285135269165,0.41131073807358615,0.9581193010052351,1.8694669058913167
sliding,96,31672,LightGBM,7,leaves=15,0.8067430418581474,0.15672350711167624,0.40605107282424363,0.9477720156315285,1.85064025364367
sliding,96,31672,Dummy,123,const,0.38697864182662767,0.38697864182662767,0.7739572836532553,1.9348932091331383,3.8697864182662767
sliding,96,31672,Logistic Regression,123,C=0.1,0.7813509580042501,0.15777964039096207,0.44771057094403616,1.0638287413670213,2.0906923587386634
sliding,96,31672,Random Forest,123,depth=10,0.8066938936145844,0.15539861023971874,0.5540590360557426,1.3782534962027184,2.751910929781011
sliding,96,31672,XGBoost,123,depth=3,0.8121297280546107,0.15339285135269165,0.41131073807358615,0.9581193010052351,1.8694669058913167
sliding,96,31672,LightGBM,123,leaves=15,0.8067430418581474,0.15672350711167624,0.40605107282424363,0.9477720156315285,1.85064025364367
sliding,97,31641,Dummy,42,const,0.38697864182662767,0.38697864182662767,0.7739572836532553,1.9348932091331383,3.8697864182662767
sliding,97,31641,Logistic Regression,42,C=0.1,0.7805921795009491,0.15782812000339713,0.451864231818517,1.0764617691154423,2.117457664610318
sliding,97,31641,Random Forest,42,depth=10,0.8065631224439239,0.15515299557163542,0.531791481308526,1.3128517708358936,2.6146189200481724
sliding,97,31641,XGBoost,42,depth=3,0.8162502081564141,0.1528698354959488,0.41246589819844176,0.964951950254381,1.8857620370142798
sliding,97,31641,LightGBM,42,leaves=31,0.8047506726572171,0.1605823858654265,0.41848747757268906,0.9770196868778726,1.9079067023865117
sliding,97,31641,Dummy,7,const,0.38697864182662767,0.38697864182662767,0.7739572836532553,1.9348932091331383,3.8697864182662767
sliding,97,31641,Logistic Regression,7,C=0.1,0.7805921795009491,0.15782812000339713,0.451864231818517,1.0764617691154423,2.117457664610318
sliding,97,31641,Random Forest,7,depth=10,0.8139486681872523,0.15276270299219674,0.5381325730577334,1.335561727333055,2.6646103177919236
sliding,97,31641,XGBoost,7,depth=3,0.8162502081564141,0.1528698354959488,0.41246589819844176,0.964951950254381,1.8857620370142798
sliding,97,31641,LightGBM,7,leaves=31,0.8047506726572171,0.1605823858654265,0.41848747757268906,0.9770196868778726,1.9079067023865117
sliding,97,31641,Dummy,123,const,0.38697864182662767,0.38697864182662767,0.7739572836532553,1.9348932091331383,3.8697864182662767
sliding,97,31641,Logistic Regression,123,C=0.1,0.7805921795009491,0.15782812000339713,0.451864231818517,1.0764617691154423,2.117457664610318
sliding,97,31641,Random Forest,123,depth=10,0.806705075283944,0.15517117931061467,0.5274903531840637,1.3033892889620764,2.5965541819254305
sliding,97,31641,XGBoost,123,depth=3,0.8162502081564141,0.1528698354959488,0.41246589819844176,0.964951950254381,1.8857620370142798
sliding,97,31641,LightGBM,123,leaves=31,0.8047506726572171,0.1605823858654265,0.41848747757268906,0.9770196868778726,1.9079067023865117
sliding,98,31908,Dummy,42,const,0.38697864182662767,0.38697864182662767,0.7739572836532553,1.9348932091331383,3.8697864182662767
sliding,98,31908,Logistic Regression,42,C=1.0,0.7820582903191742,0.15651437407750599,0.436527637820434,1.0222675547472166,1.9985007496251874
sliding,98,31908,Random Forest,42,depth=10,0.8091057921384647,0.15394997494763957,0.5138250546857719,1.2641384225919827,2.5146607024356675
sliding,98,31908,XGBoost,42,depth=3,0.8131188816698014,0.1534148007631302,0.40546120382431733,0.940767321257404,1.832944183645882
sliding,98,31908,LightGBM,42,leaves=15,0.8121118211236282,0.15487465124628855,0.4077223683240347,0.9490009093813749,1.8511318111436086
sliding,98,31908,Dummy,7,const,0.38697864182662767,0.38697864182662767,0.7739572836532553,1.9348932091331383,3.8697864182662767
sliding,98,31908,Logistic Regression,7,C=1.0,0.7820582903191742,0.15651437407750599,0.436527637820434,1.0222675547472166,1.9985007496251874
sliding,98,31908,Random Forest,7,depth=20,0.7820420905459983,0.16017706796211587,0.4986605058126674,1.2030378253496203,2.377000024577875
sliding,98,31908,XGBoost,7,depth=3,0.8131188816698014,0.1534148007631302,0.40546120382431733,0.940767321257404,1.832944183645882
sliding,98,31908,LightGBM,7,leaves=15,0.8121118211236282,0.15487465124628855,0.4077223683240347,0.9490009093813749,1.8511318111436086
sliding,98,31908,Dummy,123,const,0.38697864182662767,0.38697864182662767,0.7739572836532553,1.9348932091331383,3.8697864182662767
sliding,98,31908,Logistic Regression,123,C=1.0,0.7820582903191742,0.15651437407750599,0.436527637820434,1.0222675547472166,1.9985007496251874
sliding,98,31908,Random Forest,123,depth=10,0.8089898865000577,0.15428484586951816,0.5380834173077396,1.3327106938334112,2.657089488042864
sliding,98,31908,XGBoost,123,depth=3,0.8131188816698014,0.1534148007631302,0.40546120382431733,0.940767321257404,1.832944183645882
sliding,98,31908,LightGBM,123,leaves=15,0.8121118211236282,0.15487465124628855,0.4077223683240347,0.9490009093813749,1.8511318111436086
sliding,99,31798,Dummy,42,const,0.38697864182662767,0.38697864182662767,0.7739572836532553,1.9348932091331383,3.8697864182662767
sliding,99,31798,Logistic Regression,42,C=1.0,0.7844662583399473,0.1560958968518045,0.43918204832010227,1.0305257207461842,2.0160985081229876
sliding,99,31798,Random Forest,42,depth=10,0.8066254840262,0.15553818006037545,0.5243443851844569,1.2937547619632808,2.576105389927987
sliding,99,31798,XGBoost,42,depth=3,0.8118030352047962,0.15462079644203186,0.4154152431980731,0.9718091773785239,1.8991324010126085
sliding,99,31798,LightGBM,42,leaves=15,0.8059603199418608,0.1577825216794755,0.4159559564480055,0.9685157421289355,1.8894487182638189
sliding,99,31798,Dummy,7,const,0.38697864182662767,0.38697864182662767,0.7739572836532553,1.9348932091331383,3.8697864182662767
sliding,99,31798,Logistic Regression,7,C=1.0,0.7844662583399473,0.1560958968518045,0.43918204832010227,1.0305257207461842,2.0160985081229876
sliding,99,31798,Random Forest,7,depth=10,0.8071065458547776,0.15616154506377294,0.5608671074298917,1.3956792095755401,2.787032713151621
sliding,99,31798,XGBoost,7,depth=3,0.8118030352047962,0.15462079644203186,0.4154152431980731,0.9718091773785239,1.8991324010126085
sliding,99,31798,LightGBM,7,leaves=15,0.8059603199418608,0.1577825216794755,0.4159559564480055,0.9685157421289355,1.8894487182638189
sliding,99,31798,Dummy,123,const,0.38697864182662767,0.38697864182662767,0.7739572836532553,1.9348932091331383,3.8697864182662767
sliding,99,31798,Logistic Regression,123,C=1.0,0.7844662583399473,0.1560958968518045,0.43918204832010227,1.0305257207461842,2.0160985081229876
sliding,99,31798,Random Forest,123,depth=10,0.8071074005505896,0.1549220523474558,0.5416472091822941,1.3451962543318505,2.6844446629144443
sliding,99,31798,XGBoost,123,depth=3,0.8118030352047962,0.15462079644203186,0.4154152431980731,0.9718091773785239,1.8991324010126085
sliding,99,31798,LightGBM,123,leaves=15,0.8059603199418608,0.1577825216794755,0.4159559564480055,0.9685157421289355,1.8894487182638189
sliding,100,31347,Dummy,42,const,0.38697864182662767,0.38697864182662767,0.7739572836532553,1.9348932091331383,3.8697864182662767
sliding,100,31347,Logistic Regression,42,C=1.0,0.7833967941143066,0.15646195844250063,0.448128394818984,1.0556934647430383,2.068301914616462
sliding,100,31347,Random Forest,42,depth=10,0.8099911272305038,0.15479290378606764,0.5593187013050852,1.3920662619509918,2.7799788630275026
sliding,100,31347,XGBoost,42,depth=3,0.812006264343933,0.15503047406673431,0.40669009757416374,0.9513603853810799,1.859144198392607
sliding,100,31347,LightGBM,42,leaves=15,0.8077724667359831,0.15589462906238263,0.40998353282375205,0.9550224887556222,1.8634207486420724
sliding,100,31347,Dummy,7,const,0.38697864182662767,0.38697864182662767,0.7739572836532553,1.9348932091331383,3.8697864182662767
sliding,100,31347,Logistic Regression,7,C=1.0,0.7833967941143066,0.15646195844250063,0.448128394818984,1.0556934647430383,2.068301914616462
sliding,100,31347,Random Forest,7,depth=10,0.8076538665600719,0.15459624292214125,0.5279819106840022,1.3012264359623467,2.5899673114262542
sliding,100,31347,XGBoost,7,depth=3,0.812006264343933,0.15503047406673431,0.40669009757416374,0.9513603853810799,1.859144198392607
sliding,100,31347,LightGBM,7,leaves=15,0.8077724667359831,0.15589462906238263,0.40998353282375205,0.9550224887556222,1.8634207486420724
sliding,100,31347,Dummy,123,const,0.38697864182662767,0.38697864182662767,0.7739572836532553,1.9348932091331383,3.8697864182662767
sliding,100,31347,Logistic Regression,123,C=1.0,0.7833967941143066,0.15646195844250063,0.448128394818984,1.0556934647430383,2.068301914616462
sliding,100,31347,Random Forest,123,depth=10,0.8100614678918547,0.15414786326593696,0.5536412121807949,1.3770246024528718,2.7493302529063337
sliding,100,31347,XGBoost,123,depth=3,0.812006264343933,0.15503047406673431,0.40669009757416374,0.9513603853810799,1.859144198392607
sliding,100,31347,LightGBM,123,leaves=15,0.8077724667359831,0.15589462906238263,0.40998353282375205,0.9550224887556222,1.8634207486420724
sliding,101,31177,Dummy,42,const,0.38697864182662767,0.38697864182662767,0.7739572836532553,1.9348932091331383,3.8697864182662767
sliding,101,31177,Logistic Regression,42,C=10.0,0.7876523937428277,0.1554054719309646,0.4322265096959717,1.0111829331236022,1.9761103055029863
sliding,101,31177,Random Forest,42,depth=10,0.8044943685262514,0.15593303506244183,0.5313490795585813,1.312999238085875,2.6157495022980313
sliding,101,31177,XGBoost,42,depth=3,0.8184416170733526,0.14952053129673004,0.399808292575024,0.929215720008848,1.8115614323985547
sliding,101,31177,LightGBM,42,leaves=31,0.8106323913457553,0.15681030322809425,0.40777152407402856,0.950672204881166,1.8555066728930616
sliding,101,31177,Dummy,7,const,0.38697864182662767,0.38697864182662767,0.7739572836532553,1.9348932091331383,3.8697864182662767
sliding,101,31177,Logistic Regression,7,C=10.0,0.7876523937428277,0.1554054719309646,0.4322265096959717,1.0111829331236022,1.9761103055029863
sliding,101,31177,Random Forest,7,depth=10,0.8101451805006296,0.15337559005755722,0.527047951434119,1.3002187430874728,2.5888367291763954
sliding,101,31177,XGBoost,7,depth=3,0.8184416170733526,0.14952053129673004,0.399808292575024,0.929215720008848,1.8115614323985547
sliding,101,31177,LightGBM,7,leaves=31,0.8106323913457553,0.15681030322809425,0.40777152407402856,0.950672204881166,1.8555066728930616
sliding,101,31177,Dummy,123,const,0.38697864182662767,0.38697864182662767,0.7739572836532553,1.9348932091331383,3.8697864182662767
sliding,101,31177,Logistic Regression,123,C=10.0,0.7876523937428277,0.1554054719309646,0.4322265096959717,1.0111829331236022,1.9761103055029863
sliding,101,31177,Random Forest,123,depth=10,0.8116158678703651,0.1525141869002877,0.5329220635583848,1.315751960085531,2.6204684542974412
sliding,101,31177,XGBoost,123,depth=3,0.8184416170733526,0.14952053129673004,0.399808292575024,0.929215720008848,1.8115614323985547
sliding,101,31177,LightGBM,123,leaves=31,0.8106323913457553,0.15681030322809425,0.40777152407402856,0.950672204881166,1.8555066728930616
sliding,102,30797,Dummy,42,const,0.38697864182662767,0.38697864182662767,0.7739572836532553,1.9348932091331383,3.8697864182662767
sliding,102,30797,Logistic Regression,42,C=0.1,0.7856595065602436,0.1563031261704293,0.4537567281932804,1.0743726497407033,2.1087325189864083
sliding,102,30797,Random Forest,42,depth=10,0.8127123222823919,0.15305134273318927,0.5371248801828594,1.3281392090839825,2.646496423919188
sliding,102,30797,XGBoost,42,depth=9,0.7960590607865186,0.1746646612882614,0.42935089832133116,1.0052842431243394,1.9651731511293533
sliding,102,30797,LightGBM,42,leaves=63,0.8045750686885571,0.1598805987076876,0.41988841644751396,0.9771671541278542,1.9059650502617544
sliding,102,30797,Dummy,7,const,0.38697864182662767,0.38697864182662767,0.7739572836532553,1.9348932091331383,3.8697864182662767
sliding,102,30797,Logistic Regression,7,C=0.1,0.7856595065602436,0.1563031261704293,0.4537567281932804,1.0743726497407033,2.1087325189864083
sliding,102,30797,Random Forest,7,depth=10,0.8131081630542715,0.15271460286929175,0.5475213213065598,1.35895986433013,2.71135743603608
sliding,102,30797,XGBoost,7,depth=9,0.7960590607865186,0.1746646612882614,0.42935089832133116,1.0052842431243394,1.9651731511293533
sliding,102,30797,LightGBM,7,leaves=63,0.8045750686885571,0.1598805987076876,0.41988841644751396,0.9771671541278542,1.9059650502617544
sliding,102,30797,Dummy,123,const,0.38697864182662767,0.38697864182662767,0.7739572836532553,1.9348932091331383,3.8697864182662767
sliding,102,30797,Logistic Regression,123,C=0.1,0.7856595065602436,0.1563031261704293,0.4537567281932804,1.0743726497407033,2.1087325189864083
sliding,102,30797,Random Forest,123,depth=10,0.8126126427907986,0.15267516358188646,0.5176346253102957,1.2724457443409443,2.530464276058692
sliding,102,30797,XGBoost,123,depth=9,0.7960590607865186,0.1746646612882614,0.42935089832133116,1.0052842431243394,1.9651731511293533
sliding,102,30797,LightGBM,123,leaves=63,0.8045750686885571,0.1598805987076876,0.41988841644751396,0.9771671541278542,1.9059650502617544
sliding,103,30492,Dummy,42,const,0.38697864182662767,0.38697864182662767,0.7739572836532553,1.9348932091331383,3.8697864182662767
sliding,103,30492,Logistic Regression,42,C=0.1,0.7873333828231989,0.15621753349544729,0.464104013566987,1.1082409614864699,2.181802541352275
sliding,103,30492,Random Forest,42,depth=10,0.8117341835898066,0.15326228372699904,0.5558286430555214,1.3785484307026814,2.7497480767812816
sliding,103,30492,XGBoost,42,depth=3,0.8209358239019678,0.14646193385124207,0.3898542532012682,0.8981001302627375,1.745176592031853
sliding,103,30492,LightGBM,42,leaves=15,0.8148857569678257,0.15082283884510034,0.3881338019514833,0.8894487182638189,1.7249735787843783
sliding,103,30492,Dummy,7,const,0.38697864182662767,0.38697864182662767,0.7739572836532553,1.9348932091331383,3.8697864182662767
sliding,103,30492,Logistic Regression,7,C=0.1,0.7873333828231989,0.15621753349544729,0.464104013566987,1.1082409614864699,2.181802541352275
sliding,103,30492,Random Forest,7,depth=10,0.8149182348025391,0.15230656397220352,0.5492417725563448,1.3625236562046845,2.717993462285251
sliding,103,30492,XGBoost,7,depth=3,0.8209358239019678,0.14646193385124207,0.3898542532012682,0.8981001302627375,1.745176592031853
sliding,103,30492,LightGBM,7,leaves=15,0.8148857569678257,0.15082283884510034,0.3881338019514833,0.8894487182638189,1.7249735787843783
sliding,103,30492,Dummy,123,const,0.38697864182662767,0.38697864182662767,0.7739572836532553,1.9348932091331383,3.8697864182662767
sliding,103,30492,Logistic Regression,123,C=0.1,0.7873333828231989,0.15621753349544729,0.464104013566987,1.1082409614864699,2.181802541352275
sliding,103,30492,Random Forest,123,depth=10,0.8099443503159643,0.15381433032358238,0.541008184432374,1.3378474697077691,2.665912945166761
sliding,103,30492,XGBoost,123,depth=3,0.8209358239019678,0.14646193385124207,0.3898542532012682,0.8981001302627375,1.745176592031853
sliding,103,30492,LightGBM,123,leaves=15,0.8148857569678257,0.15082283884510034,0.3881338019514833,0.8894487182638189,1.7249735787843783
sliding,104,29642,Dummy,42,const,0.38697864182662767,0.38697864182662767,0.7739572836532553,1.9348932091331383,3.8697864182662767
sliding,104,29642,Logistic Regression,42,C=0.1,0.7739086495315691,0.1669004734379377,0.5247622090594047,1.2790571927151178,2.536215498807973
sliding,104,29642,Random Forest,42,depth=10,0.8082699841303654,0.15487586934582884,0.5748027625531497,1.4298916115712637,2.85503969326812
sliding,104,29642,XGBoost,42,depth=3,0.8120203269186358,0.14868268370628357,0.3913289257010839,0.8928650428883919,1.728758571533905
sliding,104,29642,LightGBM,42,leaves=15,0.8081505821545771,0.15095376726302687,0.390272077076216,0.8899648536387544,1.7227861479096518
sliding,104,29642,Dummy,7,const,0.38697864182662767,0.38697864182662767,0.7739572836532553,1.9348932091331383,3.8697864182662767
sliding,104,29642,Logistic Regression,7,C=0.1,0.7739086495315691,0.1669004734379377,0.5247622090594047,1.2790571927151178,2.536215498807973
sliding,104,29642,Random Forest,7,depth=10,0.8084250310648782,0.15316238614348998,0.5491188831813602,1.3561334087054833,2.7011576179123553
sliding,104,29642,XGBoost,7,depth=3,0.8120203269186358,0.14868268370628357,0.3913289257010839,0.8928650428883919,1.728758571533905
sliding,104,29642,LightGBM,7,leaves=15,0.8081505821545771,0.15095376726302687,0.390272077076216,0.8899648536387544,1.7227861479096518
sliding,104,29642,Dummy,123,const,0.38697864182662767,0.38697864182662767,0.7739572836532553,1.9348932091331383,3.8697864182662767
sliding,104,29642,Logistic Regression,123,C=0.1,0.7739086495315691,0.1669004734379377,0.5247622090594047,1.2790571927151178,2.536215498807973
sliding,104,29642,Random Forest,123,depth=10,0.810736801011688,0.15406694474037777,0.5656106373042987,1.4057315604492835,2.8059330990242586
sliding,104,29642,XGBoost,123,depth=3,0.8120203269186358,0.14868268370628357,0.3913289257010839,0.8928650428883919,1.728758571533905
sliding,104,29642,LightGBM,123,leaves=15,0.8081505821545771,0.15095376726302687,0.390272077076216,0.8899648536387544,1.7227861479096518
sliding,105,29288,Dummy,42,const,0.38697864182662767,0.38697864182662767,0.7739572836532553,1.9348932091331383,3.8697864182662767
sliding,105,29288,Logistic Regression,42,C=10.0,0.7698287638625441,0.1678216505484931,0.5268759063091405,1.2832354314645955,2.5438346400570206
sliding,105,29288,Random Forest,42,depth=10,0.8073041328991766,0.15462047552511687,0.5670607319291174,1.408361393073955,2.810529161648684
sliding,105,29288,XGBoost,42,depth=3,0.8106883663204945,0.14654068648815155,0.39899722270012533,0.923095829134613,1.7965935065254257
sliding,105,29288,LightGBM,42,leaves=15,0.8101118942877829,0.1501572753166495,0.4045026666994372,0.9331727578833534,1.8142895765232139
sliding,105,29288,Dummy,7,const,0.38697864182662767,0.38697864182662767,0.7739572836532553,1.9348932091331383,3.8697864182662767
sliding,105,29288,Logistic Regression,7,C=10.0,0.7698287638625441,0.1678216505484931,0.5268759063091405,1.2832354314645955,2.5438346400570206
sliding,105,29288,Random Forest,7,depth=10,0.8117379982209022,0.1535222239377916,0.5657826824292772,1.4063460073242067,2.8072848821490894
sliding,105,29288,XGBoost,7,depth=3,0.8106883663204945,0.14654068648815155,0.39899722270012533,0.923095829134613,1.7965935065254257
sliding,105,29288,LightGBM,7,leaves=15,0.8101118942877829,0.1501572753166495,0.4045026666994372,0.9331727578833534,1.8142895765232139
sliding,105,29288,Dummy,123,const,0.38697864182662767,0.38697864182662767,0.7739572836532553,1.9348932091331383,3.8697864182662767
sliding,105,29288,Logistic Regression,123,C=10.0,0.7698287638625441,0.1678216505484931,0.5268759063091405,1.2832354314645955,2.5438346400570206
sliding,105,29288,Random Forest,123,depth=10,0.8047523485770549,0.15389445669055735,0.5677980681790252,1.4085088603239364,2.809693513898788
sliding,105,29288,XGBoost,123,depth=3,0.8106883663204945,0.14654068648815155,0.39899722270012533,0.923095829134613,1.7965935065254257
sliding,105,29288,LightGBM,123,leaves=15,0.8101118942877829,0.1501572753166495,0.4045026666994372,0.9331727578833534,1.8142895765232139
sliding,106,29239,Dummy,42,const,0.38697864182662767,0.38697864182662767,0.7739572836532553,1.9348932091331383,3.8697864182662767
sliding,106,29239,Logistic Regression,42,C=10.0,0.758572524380893,0.17899538617518834,0.5674785558040651,1.3931476884508565,2.7692629095288424
sliding,106,29239,Random Forest,42,depth=10,0.8078756487883466,0.1554485263653051,0.5908029591761497,1.469855236316268,2.934942364883132
sliding,106,29239,XGBoost,42,depth=6,0.7810138129715745,0.17278525233268738,0.46788900631651387,1.1056111288617987,2.16848133310394
sliding,106,29239,LightGBM,42,leaves=15,0.8107069258738238,0.15051500748383514,0.4258116843217735,0.9956988718755376,1.945510851131811
sliding,106,29239,Dummy,7,const,0.38697864182662767,0.38697864182662767,0.7739572836532553,1.9348932091331383,3.8697864182662767
sliding,106,29239,Logistic Regression,7,C=10.0,0.758572524380893,0.17899538617518834,0.5674785558040651,1.3931476884508565,2.7692629095288424
sliding,106,29239,Random Forest,7,depth=10,0.8064472380111442,0.1550765194418464,0.579816649052523,1.4409516553198811,2.876176665765478
sliding,106,29239,XGBoost,7,depth=6,0.7810138129715745,0.17278525233268738,0.46788900631651387,1.1056111288617987,2.16848133310394
sliding,106,29239,LightGBM,7,leaves=15,0.8107069258738238,0.15051500748383514,0.4258116843217735,0.9956988718755376,1.945510851131811
sliding,106,29239,Dummy,123,const,0.38697864182662767,0.38697864182662767,0.7739572836532553,1.9348932091331383,3.8697864182662767
sliding,106,29239,Logistic Regression,123,C=10.0,0.758572524380893,0.17899538617518834,0.5674785558040651,1.3931476884508565,2.7692629095288424
sliding,106,29239,Random Forest,123,depth=10,0.8058825407810495,0.15474944345163147,0.5667166416791605,1.4051416914493573,2.8025167743996855
sliding,106,29239,XGBoost,123,depth=6,0.7810138129715745,0.17278525233268738,0.46788900631651387,1.1056111288617987,2.16848133310394
sliding,106,29239,LightGBM,123,leaves=15,0.8107069258738238,0.15051500748383514,0.4258116843217735,0.9956988718755376,1.945510851131811
