window,cutoff_week,n_train,n_test,model,seed,hp,pr_auc,brier,cost_r2,cost_r5,cost_r10
cumulative,28,844,2894,Dummy,42,const,0.46510020732550106,0.46510020732550106,0.9302004146510021,2.325501036627505,4.65100207325501
cumulative,28,844,2894,Logistic Regression,42,C=1.0,0.905188537589146,0.1613718150782166,0.43158258465791294,1.0494125777470629,2.0791292328956463
cumulative,28,844,2894,Random Forest,42,depth=20,0.9134980579464204,0.1191741232390078,0.3199723565998618,0.7760884588804423,1.5362819626814097
cumulative,28,844,2894,XGBoost,42,depth=9,0.9070870633950268,0.13923797011375427,0.3151347615756738,0.7546648237733241,1.4872149274360746
cumulative,28,844,2894,LightGBM,42,leaves=31,0.8989044960472211,0.16117890358031567,0.3203178991015895,0.7121630960608155,1.3652384243261921
cumulative,28,844,2894,Dummy,7,const,0.46510020732550106,0.46510020732550106,0.9302004146510021,2.325501036627505,4.65100207325501
cumulative,28,844,2894,Logistic Regression,7,C=1.0,0.905188537589146,0.1613718150782166,0.43158258465791294,1.0494125777470629,2.0791292328956463
cumulative,28,844,2894,Random Forest,7,depth=10,0.9146622056876592,0.11919174522699622,0.35210780926053903,0.8673116793365584,1.725984796129924
cumulative,28,844,2894,XGBoost,7,depth=9,0.9070870633950268,0.13923797011375427,0.3151347615756738,0.7546648237733241,1.4872149274360746
cumulative,28,844,2894,LightGBM,7,leaves=31,0.8989044960472211,0.16117890358031567,0.3203178991015895,0.7121630960608155,1.3652384243261921
cumulative,28,844,2894,Dummy,123,const,0.46510020732550106,0.46510020732550106,0.9302004146510021,2.325501036627505,4.65100207325501
cumulative,28,844,2894,Logistic Regression,123,C=1.0,0.905188537589146,0.1613718150782166,0.43158258465791294,1.0494125777470629,2.0791292328956463
cumulative,28,844,2894,Random Forest,123,depth=None,0.9208196869396983,0.11392639217870927,0.3185901865929509,0.7767795438838977,1.5404284727021424
cumulative,28,844,2894,XGBoost,123,depth=9,0.9070870633950268,0.13923797011375427,0.3151347615756738,0.7546648237733241,1.4872149274360746
cumulative,28,844,2894,LightGBM,123,leaves=31,0.8989044960472211,0.16117890358031567,0.3203178991015895,0.7121630960608155,1.3652384243261921
cumulative,29,1537,3369,Dummy,42,const,0.4615612941525675,0.4615612941525675,0.923122588305135,2.307806470762838,4.615612941525676
cumulative,29,1537,3369,Logistic Regression,42,C=10.0,0.8022622613133463,0.1524806430517965,0.2799050163253191,0.5185514989611161,0.9162956366874443
cumulative,29,1537,3369,Random Forest,42,depth=None,0.8743804575317848,0.1453472254703492,0.3674680914217869,0.8696942712971208,1.7067379044226774
cumulative,29,1537,3369,XGBoost,42,depth=9,0.9026179912217311,0.14532704651355743,0.3452062926684476,0.7975660433363015,1.5514989611160581
cumulative,29,1537,3369,LightGBM,42,leaves=31,0.8695437885313243,0.1934000994880776,0.38438705847432475,0.8376372810923123,1.593054318788958
cumulative,29,1537,3369,Dummy,7,const,0.4615612941525675,0.4615612941525675,0.923122588305135,2.307806470762838,4.615612941525676
cumulative,29,1537,3369,Logistic Regression,7,C=10.0,0.8022622613133463,0.1524806430517965,0.2799050163253191,0.5185514989611161,0.9162956366874443
cumulative,29,1537,3369,Random Forest,7,depth=10,0.8671798364333032,0.14893617770297374,0.371326803205699,0.8869100623330365,1.7462154942119323
cumulative,29,1537,3369,XGBoost,7,depth=9,0.9026179912217311,0.14532704651355743,0.3452062926684476,0.7975660433363015,1.5514989611160581
cumulative,29,1537,3369,LightGBM,7,leaves=31,0.8695437885313243,0.1934000994880776,0.38438705847432475,0.8376372810923123,1.593054318788958
cumulative,29,1537,3369,Dummy,123,const,0.4615612941525675,0.4615612941525675,0.923122588305135,2.307806470762838,4.615612941525676
cumulative,29,1537,3369,Logistic Regression,123,C=10.0,0.8022622613133463,0.1524806430517965,0.2799050163253191,0.5185514989611161,0.9162956366874443
cumulative,29,1537,3369,Random Forest,123,depth=None,0.877711023780913,0.14328157411129033,0.36153161175422976,0.8601959038290294,1.691303057287029
cumulative,29,1537,3369,XGBoost,123,depth=9,0.9026179912217311,0.14532704651355743,0.3452062926684476,0.7975660433363015,1.5514989611160581
cumulative,29,1537,3369,LightGBM,123,leaves=31,0.8695437885313243,0.1934000994880776,0.38438705847432475,0.8376372810923123,1.593054318788958
cumulative,30,2307,3369,Dummy,42,const,0.42149005639655684,0.42149005639655684,0.8429801127931137,2.1074502819827843,4.214900563965569
cumulative,30,2307,3369,Logistic Regression,42,C=10.0,0.8085893237504593,0.2140831321954911,0.26714158504007124,0.3499554764024933,0.4879786286731968
cumulative,30,2307,3369,Random Forest,42,depth=10,0.874924419448264,0.13710746243648803,0.3763728109231226,0.9142178688037993,1.8106262986049273
cumulative,30,2307,3369,XGBoost,42,depth=3,0.902352878262619,0.12447291612625122,0.3208667260314633,0.7465123181953102,1.4559216384683882
cumulative,30,2307,3369,LightGBM,42,leaves=15,0.9024437833665807,0.12344644481213808,0.2968239833778569,0.6895221133867616,1.344018996734936
cumulative,30,2307,3369,Dummy,7,const,0.42149005639655684,0.42149005639655684,0.8429801127931137,2.1074502819827843,4.214900563965569
cumulative,30,2307,3369,Logistic Regression,7,C=10.0,0.8085893237504593,0.2140831321954911,0.26714158504007124,0.3499554764024933,0.4879786286731968
cumulative,30,2307,3369,Random Forest,7,depth=10,0.8710499851303997,0.1380156908685634,0.39091718610863757,0.956366874443455,1.8987830216681507
cumulative,30,2307,3369,XGBoost,7,depth=3,0.902352878262619,0.12447291612625122,0.3208667260314633,0.7465123181953102,1.4559216384683882
cumulative,30,2307,3369,LightGBM,7,leaves=15,0.9024437833665807,0.12344644481213808,0.2968239833778569,0.6895221133867616,1.344018996734936
cumulative,30,2307,3369,Dummy,123,const,0.42149005639655684,0.42149005639655684,0.8429801127931137,2.1074502819827843,4.214900563965569
cumulative,30,2307,3369,Logistic Regression,123,C=10.0,0.8085893237504593,0.2140831321954911,0.26714158504007124,0.3499554764024933,0.4879786286731968
cumulative,30,2307,3369,Random Forest,123,depth=10,0.8694212981357529,0.13867686674267862,0.377560106856634,0.9171861086375779,1.8165627782724845
cumulative,30,2307,3369,XGBoost,123,depth=3,0.902352878262619,0.12447291612625122,0.3208667260314633,0.7465123181953102,1.4559216384683882
cumulative,30,2307,3369,LightGBM,123,leaves=15,0.9024437833665807,0.12344644481213808,0.2968239833778569,0.6895221133867616,1.344018996734936
cumulative,31,2886,3563,Dummy,42,const,0.409767050238563,0.409767050238563,0.819534100477126,2.048835251192815,4.09767050238563
cumulative,31,2886,3563,Logistic Regression,42,C=1.0,0.8150273834839964,0.1419696411500059,0.32977827673309007,0.6581532416502947,1.2054448498456356
cumulative,31,2886,3563,Random Forest,42,depth=20,0.9041585152445726,0.11584503523229187,0.33819814762840306,0.8198147628403031,1.6225091215268033
cumulative,31,2886,3563,XGBoost,42,depth=9,0.9098175733849301,0.12646040320396423,0.2854336233511086,0.6516980072972215,1.2621386472074094
cumulative,31,2886,3563,LightGBM,42,leaves=63,0.9094843854810749,0.12377725193816351,0.2708391804658995,0.6143699129946674,1.1869211338759473
cumulative,31,2886,3563,Dummy,7,const,0.409767050238563,0.409767050238563,0.819534100477126,2.048835251192815,4.09767050238563
cumulative,31,2886,3563,Logistic Regression,7,C=1.0,0.8150273834839964,0.1419696411500059,0.32977827673309007,0.6581532416502947,1.2054448498456356
cumulative,31,2886,3563,Random Forest,7,depth=20,0.9097736227405655,0.11218403420948272,0.3544765646926747,0.8697726634858266,1.7285994948077463
cumulative,31,2886,3563,XGBoost,7,depth=9,0.9098175733849301,0.12646040320396423,0.2854336233511086,0.6516980072972215,1.2621386472074094
cumulative,31,2886,3563,LightGBM,7,leaves=63,0.9094843854810749,0.12377725193816351,0.2708391804658995,0.6143699129946674,1.1869211338759473
cumulative,31,2886,3563,Dummy,123,const,0.409767050238563,0.409767050238563,0.819534100477126,2.048835251192815,4.09767050238563
cumulative,31,2886,3563,Logistic Regression,123,C=1.0,0.8150273834839964,0.1419696411500059,0.32977827673309007,0.6581532416502947,1.2054448498456356
cumulative,31,2886,3563,Random Forest,123,depth=None,0.9102415532934653,0.1107197926197595,0.3317429132753298,0.8049396575919169,1.5936008981195622
cumulative,31,2886,3563,XGBoost,123,depth=9,0.9098175733849301,0.12646040320396423,0.2854336233511086,0.6516980072972215,1.2621386472074094
cumulative,31,2886,3563,LightGBM,123,leaves=63,0.9094843854810749,0.12377725193816351,0.2708391804658995,0.6143699129946674,1.1869211338759473
cumulative,32,3738,3742,Dummy,42,const,0.40032068412613575,0.40032068412613575,0.8006413682522715,2.001603420630679,4.003206841261358
cumulative,32,3738,3742,Logistic Regression,42,C=10.0,0.872017612192839,0.13161575648609686,0.3423303046499198,0.7383752004275789,1.3984500267236772
cumulative,32,3738,3742,Random Forest,42,depth=None,0.9114892300145587,0.1068450700575392,0.36477819347942275,0.884286477819348,1.75013361838589
cumulative,32,3738,3742,XGBoost,42,depth=3,0.9106629469448113,0.10926531255245209,0.29048637092463925,0.6913415285943346,1.3594334580438268
cumulative,32,3738,3742,LightGBM,42,leaves=15,0.9109979157168162,0.10944761644820908,0.27792624265098875,0.6483164083377873,1.265633351149118
cumulative,32,3738,3742,Dummy,7,const,0.40032068412613575,0.40032068412613575,0.8006413682522715,2.001603420630679,4.003206841261358
cumulative,32,3738,3742,Logistic Regression,7,C=10.0,0.872017612192839,0.13161575648609686,0.3423303046499198,0.7383752004275789,1.3984500267236772
cumulative,32,3738,3742,Random Forest,7,depth=20,0.9022646173990877,0.11192658166395679,0.360502405130946,0.8768038482095136,1.7373062533404597
cumulative,32,3738,3742,XGBoost,7,depth=3,0.9106629469448113,0.10926531255245209,0.29048637092463925,0.6913415285943346,1.3594334580438268
cumulative,32,3738,3742,LightGBM,7,leaves=15,0.9109979157168162,0.10944761644820908,0.27792624265098875,0.6483164083377873,1.265633351149118
cumulative,32,3738,3742,Dummy,123,const,0.40032068412613575,0.40032068412613575,0.8006413682522715,2.001603420630679,4.003206841261358
cumulative,32,3738,3742,Logistic Regression,123,C=10.0,0.872017612192839,0.13161575648609686,0.3423303046499198,0.7383752004275789,1.3984500267236772
cumulative,32,3738,3742,Random Forest,123,depth=None,0.9093859911326655,0.10805101667523186,0.3621058257616248,0.8880277926242651,1.764564404061999
cumulative,32,3738,3742,XGBoost,123,depth=3,0.9106629469448113,0.10926531255245209,0.29048637092463925,0.6913415285943346,1.3594334580438268
cumulative,32,3738,3742,LightGBM,123,leaves=15,0.9109979157168162,0.10944761644820908,0.27792624265098875,0.6483164083377873,1.265633351149118
cumulative,33,4906,3706,Dummy,42,const,0.3726389638424177,0.3726389638424177,0.7452779276848354,1.8631948192120884,3.726389638424177
cumulative,33,4906,3706,Logistic Regression,42,C=10.0,0.872211021484732,0.12019484635171104,0.3332433890987588,0.784133837021047,1.5356179168915272
cumulative,33,4906,3706,Random Forest,42,depth=10,0.896983474706674,0.10747376985754645,0.3882892606583918,0.9695089044792229,1.9382083108472747
cumulative,33,4906,3706,XGBoost,42,depth=9,0.9011573767711096,0.1185763031244278,0.24932541824069077,0.5536967080410146,1.0609821910415542
cumulative,33,4906,3706,LightGBM,42,leaves=63,0.9061565523640971,0.1146809041378391,0.24608742579600648,0.5456017269293039,1.0447922288181328
cumulative,33,4906,3706,Dummy,7,const,0.3726389638424177,0.3726389638424177,0.7452779276848354,1.8631948192120884,3.726389638424177
cumulative,33,4906,3706,Logistic Regression,7,C=10.0,0.872211021484732,0.12019484635171104,0.3332433890987588,0.784133837021047,1.5356179168915272
cumulative,33,4906,3706,Random Forest,7,depth=None,0.8976924756384898,0.10498067542251585,0.335671883432272,0.8229897463572585,1.6351861845655693
cumulative,33,4906,3706,XGBoost,7,depth=9,0.9011573767711096,0.1185763031244278,0.24932541824069077,0.5536967080410146,1.0609821910415542
cumulative,33,4906,3706,LightGBM,7,leaves=63,0.9061565523640971,0.1146809041378391,0.24608742579600648,0.5456017269293039,1.0447922288181328
cumulative,33,4906,3706,Dummy,123,const,0.3726389638424177,0.3726389638424177,0.7452779276848354,1.8631948192120884,3.726389638424177
cumulative,33,4906,3706,Logistic Regression,123,C=10.0,0.872211021484732,0.12019484635171104,0.3332433890987588,0.784133837021047,1.5356179168915272
cumulative,33,4906,3706,Random Forest,123,depth=None,0.8941306633231283,0.1065246403495298,0.3475445223961144,0.8494333513221802,1.6859147328656232
cumulative,33,4906,3706,XGBoost,123,depth=9,0.9011573767711096,0.1185763031244278,0.24932541824069077,0.5536967080410146,1.0609821910415542
cumulative,33,4906,3706,LightGBM,123,leaves=63,0.9061565523640971,0.1146809041378391,0.24608742579600648,0.5456017269293039,1.0447922288181328
cumulative,34,5676,4307,Dummy,42,const,0.4030647782679359,0.4030647782679359,0.8061295565358718,2.0153238913396794,4.030647782679359
cumulative,34,5676,4307,Logistic Regression,42,C=10.0,0.862347124583674,0.14119005214230074,0.3566287439052705,0.8184351056419782,1.5881123752031576
cumulative,34,5676,4307,Random Forest,42,depth=10,0.9100750881268699,0.10509079116254427,0.3489667982354307,0.8720687253308568,1.7439052704899
cumulative,34,5676,4307,XGBoost,42,depth=6,0.9248892670182458,0.10494644194841385,0.2266078476898073,0.4822382168562805,0.9082888321337358
cumulative,34,5676,4307,LightGBM,42,leaves=63,0.9325682900618941,0.10405200135700157,0.2036220106802879,0.4209426514975621,0.7831437195263524
cumulative,34,5676,4307,Dummy,7,const,0.4030647782679359,0.4030647782679359,0.8061295565358718,2.0153238913396794,4.030647782679359
cumulative,34,5676,4307,Logistic Regression,7,C=10.0,0.862347124583674,0.14119005214230074,0.3566287439052705,0.8184351056419782,1.5881123752031576
cumulative,34,5676,4307,Random Forest,7,depth=10,0.9127209842364378,0.10516359380220539,0.388901787787323,0.9719061992105874,1.9435802182493616
cumulative,34,5676,4307,XGBoost,7,depth=6,0.9248892670182458,0.10494644194841385,0.2266078476898073,0.4822382168562805,0.9082888321337358
cumulative,34,5676,4307,LightGBM,7,leaves=63,0.9325682900618941,0.10405200135700157,0.2036220106802879,0.4209426514975621,0.7831437195263524
cumulative,34,5676,4307,Dummy,123,const,0.4030647782679359,0.4030647782679359,0.8061295565358718,2.0153238913396794,4.030647782679359
cumulative,34,5676,4307,Logistic Regression,123,C=10.0,0.862347124583674,0.14119005214230074,0.3566287439052705,0.8184351056419782,1.5881123752031576
cumulative,34,5676,4307,Random Forest,123,depth=10,0.9172303627562509,0.1035185246988837,0.37473879730671,0.9250058045042954,1.8421174831669376
cumulative,34,5676,4307,XGBoost,123,depth=6,0.9248892670182458,0.10494644194841385,0.2266078476898073,0.4822382168562805,0.9082888321337358
cumulative,34,5676,4307,LightGBM,123,leaves=63,0.9325682900618941,0.10405200135700157,0.2036220106802879,0.4209426514975621,0.7831437195263524
cumulative,35,6449,4838,Dummy,42,const,0.40781314592806944,0.40781314592806944,0.8156262918561389,2.039065729640347,4.078131459280694
cumulative,35,6449,4838,Logistic Regression,42,C=0.1,0.8855010895409935,0.13537239347262528,0.27242662257131045,0.5551880942538239,1.0264572137246797
cumulative,35,6449,4838,Random Forest,42,depth=10,0.9298459347543249,0.0995672596487851,0.395824720959074,0.986151302190988,1.9700289375775113
cumulative,35,6449,4838,XGBoost,42,depth=9,0.9375113372485433,0.09438813477754593,0.22674658949979332,0.5101281521289789,0.9824307565109549
cumulative,35,6449,4838,LightGBM,42,leaves=31,0.9365924575012338,0.08997860329186454,0.21083092186854072,0.46692848284415045,0.8937577511368334
cumulative,35,6449,4838,Dummy,7,const,0.40781314592806944,0.40781314592806944,0.8156262918561389,2.039065729640347,4.078131459280694
cumulative,35,6449,4838,Logistic Regression,7,C=0.1,0.8855010895409935,0.13537239347262528,0.27242662257131045,0.5551880942538239,1.0264572137246797
cumulative,35,6449,4838,Random Forest,7,depth=10,0.9236701649005777,0.10441672624107685,0.4034725093013642,1.0074410913600662,2.014055394791236
cumulative,35,6449,4838,XGBoost,7,depth=9,0.9375113372485433,0.09438813477754593,0.22674658949979332,0.5101281521289789,0.9824307565109549
cumulative,35,6449,4838,LightGBM,7,leaves=31,0.9365924575012338,0.08997860329186454,0.21083092186854072,0.46692848284415045,0.8937577511368334
cumulative,35,6449,4838,Dummy,123,const,0.40781314592806944,0.40781314592806944,0.8156262918561389,2.039065729640347,4.078131459280694
cumulative,35,6449,4838,Logistic Regression,123,C=0.1,0.8855010895409935,0.13537239347262528,0.27242662257131045,0.5551880942538239,1.0264572137246797
cumulative,35,6449,4838,Random Forest,123,depth=20,0.925541532009032,0.10059431308858996,0.37680859859446053,0.9299297230260438,1.8517982637453494
cumulative,35,6449,4838,XGBoost,123,depth=9,0.9375113372485433,0.09438813477754593,0.22674658949979332,0.5101281521289789,0.9824307565109549
cumulative,35,6449,4838,LightGBM,123,leaves=31,0.9365924575012338,0.08997860329186454,0.21083092186854072,0.46692848284415045,0.8937577511368334
cumulative,36,7480,4835,Dummy,42,const,0.40827300930713545,0.40827300930713545,0.8165460186142709,2.0413650465356774,4.082730093071355
cumulative,36,7480,4835,Logistic Regression,42,C=0.1,0.9073990371951226,0.12863676721323178,0.23040330920372284,0.44570837642192346,0.8045501551189245
cumulative,36,7480,4835,Random Forest,42,depth=10,0.934083666774395,0.09733047124023729,0.38841778697001034,0.9592554291623578,1.9106514994829369
cumulative,36,7480,4835,XGBoost,42,depth=6,0.9456200581913534,0.08881376683712006,0.17890382626680454,0.38800413650465354,0.7365046535677353
cumulative,36,7480,4835,LightGBM,42,leaves=15,0.9519858604591019,0.07869143899773956,0.19648397104446744,0.4440537745604964,0.856670113753878
cumulative,36,7480,4835,Dummy,7,const,0.40827300930713545,0.40827300930713545,0.8165460186142709,2.0413650465356774,4.082730093071355
cumulative,36,7480,4835,Logistic Regression,7,C=0.1,0.9073990371951226,0.12863676721323178,0.23040330920372284,0.44570837642192346,0.8045501551189245
cumulative,36,7480,4835,Random Forest,7,depth=None,0.9393095776827607,0.09095018656696609,0.3420889348500517,0.827300930713547,1.6359875904860393
cumulative,36,7480,4835,XGBoost,7,depth=6,0.9456200581913534,0.08881376683712006,0.17890382626680454,0.38800413650465354,0.7365046535677353
cumulative,36,7480,4835,LightGBM,7,leaves=15,0.9519858604591019,0.07869143899773956,0.19648397104446744,0.4440537745604964,0.856670113753878
cumulative,36,7480,4835,Dummy,123,const,0.40827300930713545,0.40827300930713545,0.8165460186142709,2.0413650465356774,4.082730093071355
cumulative,36,7480,4835,Logistic Regression,123,C=0.1,0.9073990371951226,0.12863676721323178,0.23040330920372284,0.44570837642192346,0.8045501551189245
cumulative,36,7480,4835,Random Forest,123,depth=20,0.9457967276436886,0.08814348467688742,0.34953464322647365,0.8539813857290589,1.6947259565667012
cumulative,36,7480,4835,XGBoost,123,depth=6,0.9456200581913534,0.08881376683712006,0.17890382626680454,0.38800413650465354,0.7365046535677353
cumulative,36,7480,4835,LightGBM,123,leaves=15,0.9519858604591019,0.07869143899773956,0.19648397104446744,0.4440537745604964,0.856670113753878
cumulative,37,8612,5104,Dummy,42,const,0.4224137931034483,0.4224137931034483,0.8448275862068966,2.1120689655172415,4.224137931034483
cumulative,37,8612,5104,Logistic Regression,42,C=0.1,0.8528879627725822,0.1485809177064764,0.3442398119122257,0.8197492163009404,1.6122648902821317
cumulative,37,8612,5104,Random Forest,42,depth=10,0.957830986183004,0.09496469208612587,0.38695141065830724,0.9670846394984326,1.933973354231975
cumulative,37,8612,5104,XGBoost,42,depth=3,0.9588558497044788,0.07418250292539597,0.19866771159874608,0.4684561128526646,0.9181034482758621
cumulative,37,8612,5104,LightGBM,42,leaves=31,0.9506515215160984,0.08261784375980717,0.1755485893416928,0.4018416927899687,0.7789968652037618
cumulative,37,8612,5104,Dummy,7,const,0.4224137931034483,0.4224137931034483,0.8448275862068966,2.1120689655172415,4.224137931034483
cumulative,37,8612,5104,Logistic Regression,7,C=0.1,0.8528879627725822,0.1485809177064764,0.3442398119122257,0.8197492163009404,1.6122648902821317
cumulative,37,8612,5104,Random Forest,7,depth=10,0.9574165915711685,0.09658097081803749,0.4141849529780564,1.035462382445141,2.070924764890282
cumulative,37,8612,5104,XGBoost,7,depth=3,0.9588558497044788,0.07418250292539597,0.19866771159874608,0.4684561128526646,0.9181034482758621
cumulative,37,8612,5104,LightGBM,7,leaves=31,0.9506515215160984,0.08261784375980717,0.1755485893416928,0.4018416927899687,0.7789968652037618
cumulative,37,8612,5104,Dummy,123,const,0.4224137931034483,0.4224137931034483,0.8448275862068966,2.1120689655172415,4.224137931034483
cumulative,37,8612,5104,Logistic Regression,123,C=0.1,0.8528879627725822,0.1485809177064764,0.3442398119122257,0.8197492163009404,1.6122648902821317
cumulative,37,8612,5104,Random Forest,123,depth=10,0.9572839809365589,0.09325585969939865,0.36990595611285265,0.9241771159874608,1.847962382445141
cumulative,37,8612,5104,XGBoost,123,depth=3,0.9588558497044788,0.07418250292539597,0.19866771159874608,0.4684561128526646,0.9181034482758621
cumulative,37,8612,5104,LightGBM,123,leaves=31,0.9506515215160984,0.08261784375980717,0.1755485893416928,0.4018416927899687,0.7789968652037618
cumulative,38,9983,4955,Dummy,42,const,0.40181634712411707,0.40181634712411707,0.8036326942482341,2.0090817356205855,4.018163471241171
cumulative,38,9983,4955,Logistic Regression,42,C=10.0,0.9141061129136149,0.10661207775198477,0.26700302724520686,0.6454086781029263,1.276084762865792
cumulative,38,9983,4955,Random Forest,42,depth=None,0.9412562147258865,0.0948144920345932,0.33481331987891016,0.8343087790110999,1.6668012108980828
cumulative,38,9983,4955,XGBoost,42,depth=6,0.9329279905770244,0.0971342995762825,0.22663975782038345,0.5227043390514632,1.0161453077699294
cumulative,38,9983,4955,LightGBM,42,leaves=63,0.9423496558126914,0.08123083218612077,0.23350151362260343,0.5592330978809283,1.1021190716448033
cumulative,38,9983,4955,Dummy,7,const,0.40181634712411707,0.40181634712411707,0.8036326942482341,2.0090817356205855,4.018163471241171
cumulative,38,9983,4955,Logistic Regression,7,C=10.0,0.9141061129136149,0.10661207775198477,0.26700302724520686,0.6454086781029263,1.276084762865792
cumulative,38,9983,4955,Random Forest,7,depth=None,0.948265061116031,0.0889805189451958,0.29889001009081734,0.7438950554994954,1.4855701311806255
cumulative,38,9983,4955,XGBoost,7,depth=6,0.9329279905770244,0.0971342995762825,0.22663975782038345,0.5227043390514632,1.0161453077699294
cumulative,38,9983,4955,LightGBM,7,leaves=63,0.9423496558126914,0.08123083218612077,0.23350151362260343,0.5592330978809283,1.1021190716448033
cumulative,38,9983,4955,Dummy,123,const,0.40181634712411707,0.40181634712411707,0.8036326942482341,2.0090817356205855,4.018163471241171
cumulative,38,9983,4955,Logistic Regression,123,C=10.0,0.9141061129136149,0.10661207775198477,0.26700302724520686,0.6454086781029263,1.276084762865792
cumulative,38,9983,4955,Random Forest,123,depth=None,0.9384826741227253,0.09400071901712669,0.3142280524722503,0.781029263370333,1.5590312815338043
cumulative,38,9983,4955,XGBoost,123,depth=6,0.9329279905770244,0.0971342995762825,0.22663975782038345,0.5227043390514632,1.0161453077699294
cumulative,38,9983,4955,LightGBM,123,leaves=63,0.9423496558126914,0.08123083218612077,0.23350151362260343,0.5592330978809283,1.1021190716448033
cumulative,39,11287,4583,Dummy,42,const,0.37049967270346934,0.37049967270346934,0.7409993454069387,1.8524983635173466,3.7049967270346933
cumulative,39,11287,4583,Logistic Regression,42,C=1.0,0.8684436206181634,0.12496865298225088,0.32860571677940215,0.7940213833733363,1.569714161029893
cumulative,39,11287,4583,Random Forest,42,depth=20,0.9388537799540378,0.09070049574108542,0.32380536766310275,0.8062404538511891,1.6102989308313331
cumulative,39,11287,4583,XGBoost,42,depth=9,0.9329694323296299,0.08455146849155426,0.1749945450578224,0.40082915121099716,0.7772201614662885
cumulative,39,11287,4583,LightGBM,42,leaves=31,0.934406478017824,0.0817507736972257,0.1841588479162121,0.43486799039930174,0.8527165612044513
cumulative,39,11287,4583,Dummy,7,const,0.37049967270346934,0.37049967270346934,0.7409993454069387,1.8524983635173466,3.7049967270346933
cumulative,39,11287,4583,Logistic Regression,7,C=1.0,0.8684436206181634,0.12496865298225088,0.32860571677940215,0.7940213833733363,1.569714161029893
cumulative,39,11287,4583,Random Forest,7,depth=None,0.9380900553724079,0.08955082194273509,0.3052585642592189,0.7588915557495091,1.5149465415666594
cumulative,39,11287,4583,XGBoost,7,depth=9,0.9329694323296299,0.08455146849155426,0.1749945450578224,0.40082915121099716,0.7772201614662885
cumulative,39,11287,4583,LightGBM,7,leaves=31,0.934406478017824,0.0817507736972257,0.1841588479162121,0.43486799039930174,0.8527165612044513
cumulative,39,11287,4583,Dummy,123,const,0.37049967270346934,0.37049967270346934,0.7409993454069387,1.8524983635173466,3.7049967270346933
cumulative,39,11287,4583,Logistic Regression,123,C=1.0,0.8684436206181634,0.12496865298225088,0.32860571677940215,0.7940213833733363,1.569714161029893
cumulative,39,11287,4583,Random Forest,123,depth=None,0.9401795449644846,0.08913585389661459,0.30264019201396464,0.75169103207506,1.5001090988435524
cumulative,39,11287,4583,XGBoost,123,depth=9,0.9329694323296299,0.08455146849155426,0.1749945450578224,0.40082915121099716,0.7772201614662885
cumulative,39,11287,4583,LightGBM,123,leaves=31,0.934406478017824,0.0817507736972257,0.1841588479162121,0.43486799039930174,0.8527165612044513
cumulative,40,12315,4421,Dummy,42,const,0.34517077584256955,0.34517077584256955,0.6903415516851391,1.7258538792128477,3.4517077584256954
cumulative,40,12315,4421,Logistic Regression,42,C=1.0,0.8414285409758947,0.12959389817867342,0.3141823116941868,0.7355801854783985,1.4379099751187514
cumulative,40,12315,4421,Random Forest,42,depth=None,0.9219320034765972,0.09250592280668014,0.2680389052250622,0.6670436552816105,1.3320515720425243
cumulative,40,12315,4421,XGBoost,42,depth=3,0.9356701213578956,0.07587801665067673,0.18366885320063334,0.4293146346980321,0.8387242705270301
cumulative,40,12315,4421,LightGBM,42,leaves=15,0.923036248890446,0.08404223812842167,0.1954308979868808,0.44989821307396516,0.8740104048857724
cumulative,40,12315,4421,Dummy,7,const,0.34517077584256955,0.34517077584256955,0.6903415516851391,1.7258538792128477,3.4517077584256954
cumulative,40,12315,4421,Logistic Regression,7,C=1.0,0.8414285409758947,0.12959389817867342,0.3141823116941868,0.7355801854783985,1.4379099751187514
cumulative,40,12315,4421,Random Forest,7,depth=20,0.9152669875336455,0.09362800075178185,0.2906582221216919,0.7242705270300837,1.4469577018774034
cumulative,40,12315,4421,XGBoost,7,depth=3,0.9356701213578956,0.07587801665067673,0.18366885320063334,0.4293146346980321,0.8387242705270301
cumulative,40,12315,4421,LightGBM,7,leaves=15,0.923036248890446,0.08404223812842167,0.1954308979868808,0.44989821307396516,0.8740104048857724
cumulative,40,12315,4421,Dummy,123,const,0.34517077584256955,0.34517077584256955,0.6903415516851391,1.7258538792128477,3.4517077584256954
cumulative,40,12315,4421,Logistic Regression,123,C=1.0,0.8414285409758947,0.12959389817867342,0.3141823116941868,0.7355801854783985,1.4379099751187514
cumulative,40,12315,4421,Random Forest,123,depth=None,0.9149046643910608,0.09420343426675953,0.2988011762044786,0.7432707532232526,1.484053381587876
cumulative,40,12315,4421,XGBoost,123,depth=3,0.9356701213578956,0.07587801665067673,0.18366885320063334,0.4293146346980321,0.8387242705270301
cumulative,40,12315,4421,LightGBM,123,leaves=15,0.923036248890446,0.08404223812842167,0.1954308979868808,0.44989821307396516,0.8740104048857724
cumulative,41,13716,3565,Dummy,42,const,0.29424964936886394,0.29424964936886394,0.5884992987377279,1.4712482468443198,2.9424964936886395
cumulative,41,13716,3565,Logistic Regression,42,C=10.0,0.8401860369008408,0.10223732793972075,0.22973352033660588,0.4628330995792426,0.8513323983169705
cumulative,41,13716,3565,Random Forest,42,depth=20,0.928107404284605,0.07838255937504719,0.26928471248246844,0.6698457223001403,1.3374474053295933
cumulative,41,13716,3565,XGBoost,42,depth=3,0.9411459521474729,0.06005118042230606,0.19102384291725105,0.4552594670406732,0.8956521739130435
cumulative,41,13716,3565,LightGBM,42,leaves=15,0.9356555594638242,0.0633978286155839,0.19158485273492287,0.4566619915848527,0.8984572230014025
cumulative,41,13716,3565,Dummy,7,const,0.29424964936886394,0.29424964936886394,0.5884992987377279,1.4712482468443198,2.9424964936886395
cumulative,41,13716,3565,Logistic Regression,7,C=10.0,0.8401860369008408,0.10223732793972075,0.22973352033660588,0.4628330995792426,0.8513323983169705
cumulative,41,13716,3565,Random Forest,7,depth=None,0.922785118714968,0.08031301353897065,0.2513323983169706,0.6232819074333801,1.2431977559607292
cumulative,41,13716,3565,XGBoost,7,depth=3,0.9411459521474729,0.06005118042230606,0.19102384291725105,0.4552594670406732,0.8956521739130435
cumulative,41,13716,3565,LightGBM,7,leaves=15,0.9356555594638242,0.0633978286155839,0.19158485273492287,0.4566619915848527,0.8984572230014025
cumulative,41,13716,3565,Dummy,123,const,0.29424964936886394,0.29424964936886394,0.5884992987377279,1.4712482468443198,2.9424964936886395
cumulative,41,13716,3565,Logistic Regression,123,C=10.0,0.8401860369008408,0.10223732793972075,0.22973352033660588,0.4628330995792426,0.8513323983169705
cumulative,41,13716,3565,Random Forest,123,depth=10,0.9255716246513332,0.08625047838301743,0.2861150070126227,0.7144460028050491,1.4283309957924264
cumulative,41,13716,3565,XGBoost,123,depth=3,0.9411459521474729,0.06005118042230606,0.19102384291725105,0.4552594670406732,0.8956521739130435
cumulative,41,13716,3565,LightGBM,123,leaves=15,0.9356555594638242,0.0633978286155839,0.19158485273492287,0.4566619915848527,0.8984572230014025
cumulative,42,14938,2764,Dummy,42,const,0.2655571635311143,0.2655571635311143,0.5311143270622286,1.3277858176555717,2.6555716353111434
cumulative,42,14938,2764,Logistic Regression,42,C=10.0,0.8499699649288481,0.10297124039439881,0.197178002894356,0.3784370477568741,0.6805354558610709
cumulative,42,14938,2764,Random Forest,42,depth=20,0.9154164818588634,0.0795206121734254,0.3216353111432706,0.8035455861070911,1.6067293777134588
cumulative,42,14938,2764,XGBoost,42,depth=3,0.9125415319894569,0.06938774138689041,0.18885672937771347,0.4558610709117221,0.9008683068017366
cumulative,42,14938,2764,LightGBM,42,leaves=15,0.909103267185919,0.06981260081388323,0.19862518089725037,0.479739507959479,0.9482633863965267
cumulative,42,14938,2764,Dummy,7,const,0.2655571635311143,0.2655571635311143,0.5311143270622286,1.3277858176555717,2.6555716353111434
cumulative,42,14938,2764,Logistic Regression,7,C=10.0,0.8499699649288481,0.10297124039439881,0.197178002894356,0.3784370477568741,0.6805354558610709
cumulative,42,14938,2764,Random Forest,7,depth=10,0.9146749728878713,0.08314501590912703,0.31620839363241676,0.790520984081042,1.581041968162084
cumulative,42,14938,2764,XGBoost,7,depth=3,0.9125415319894569,0.06938774138689041,0.18885672937771347,0.4558610709117221,0.9008683068017366
cumulative,42,14938,2764,LightGBM,7,leaves=15,0.909103267185919,0.06981260081388323,0.19862518089725037,0.479739507959479,0.9482633863965267
cumulative,42,14938,2764,Dummy,123,const,0.2655571635311143,0.2655571635311143,0.5311143270622286,1.3277858176555717,2.6555716353111434
cumulative,42,14938,2764,Logistic Regression,123,C=10.0,0.8499699649288481,0.10297124039439881,0.197178002894356,0.3784370477568741,0.6805354558610709
cumulative,42,14938,2764,Random Forest,123,depth=20,0.9206808725035067,0.0798395638077015,0.3227206946454414,0.8068017366136034,1.6136034732272069
cumulative,42,14938,2764,XGBoost,123,depth=3,0.9125415319894569,0.06938774138689041,0.18885672937771347,0.4558610709117221,0.9008683068017366
cumulative,42,14938,2764,LightGBM,123,leaves=15,0.909103267185919,0.06981260081388323,0.19862518089725037,0.479739507959479,0.9482633863965267
cumulative,43,15870,2516,Dummy,42,const,0.23608903020667726,0.23608903020667726,0.47217806041335453,1.1804451510333864,2.360890302066773
cumulative,43,15870,2516,Logistic Regression,42,C=0.1,0.8333757794152341,0.10113810469715453,0.18998410174880764,0.37241653418124004,0.6764705882352942
cumulative,43,15870,2516,Random Forest,42,depth=20,0.867106908636502,0.08117217485321057,0.2559618441971383,0.6339427662957074,1.2639109697933226
cumulative,43,15870,2516,XGBoost,42,depth=3,0.8680492115658465,0.07593365013599396,0.18799682034976153,0.45031796502384736,0.8875198728139905
cumulative,43,15870,2516,LightGBM,42,leaves=31,0.8730424231187383,0.07544512528181566,0.16931637519872814,0.4030206677265501,0.7925278219395866
cumulative,43,15870,2516,Dummy,7,const,0.23608903020667726,0.23608903020667726,0.47217806041335453,1.1804451510333864,2.360890302066773
cumulative,43,15870,2516,Logistic Regression,7,C=0.1,0.8333757794152341,0.10113810469715453,0.18998410174880764,0.37241653418124004,0.6764705882352942
cumulative,43,15870,2516,Random Forest,7,depth=10,0.8589073190626423,0.08620051547120156,0.25119236883942764,0.6184419713831478,1.230524642289348
cumulative,43,15870,2516,XGBoost,7,depth=3,0.8680492115658465,0.07593365013599396,0.18799682034976153,0.45031796502384736,0.8875198728139905
cumulative,43,15870,2516,LightGBM,7,leaves=31,0.8730424231187383,0.07544512528181566,0.16931637519872814,0.4030206677265501,0.7925278219395866
cumulative,43,15870,2516,Dummy,123,const,0.23608903020667726,0.23608903020667726,0.47217806041335453,1.1804451510333864,2.360890302066773
cumulative,43,15870,2516,Logistic Regression,123,C=0.1,0.8333757794152341,0.10113810469715453,0.18998410174880764,0.37241653418124004,0.6764705882352942
cumulative,43,15870,2516,Random Forest,123,depth=None,0.8737093543566081,0.07930255149982054,0.2480127186009539,0.6164546899841018,1.230524642289348
cumulative,43,15870,2516,XGBoost,123,depth=3,0.8680492115658465,0.07593365013599396,0.18799682034976153,0.45031796502384736,0.8875198728139905
cumulative,43,15870,2516,LightGBM,123,leaves=31,0.8730424231187383,0.07544512528181566,0.16931637519872814,0.4030206677265501,0.7925278219395866
cumulative,44,16736,2264,Dummy,42,const,0.20848056537102475,0.20848056537102475,0.4169611307420495,1.0424028268551238,2.0848056537102475
cumulative,44,16736,2264,Logistic Regression,42,C=0.1,0.7794714349066287,0.09259390261920075,0.2053886925795053,0.4836572438162544,0.9474381625441696
cumulative,44,16736,2264,Random Forest,42,depth=10,0.8562120749271195,0.08768673494948663,0.30123674911660775,0.7530918727915195,1.506183745583039
cumulative,44,16736,2264,XGBoost,42,depth=3,0.8016395083627206,0.09327361732721329,0.2411660777385159,0.598939929328622,1.1952296819787986
cumulative,44,16736,2264,LightGBM,42,leaves=31,0.8364176780783491,0.08055526475165055,0.2318904593639576,0.5658127208480566,1.1223498233215548
cumulative,44,16736,2264,Dummy,7,const,0.20848056537102475,0.20848056537102475,0.4169611307420495,1.0424028268551238,2.0848056537102475
cumulative,44,16736,2264,Logistic Regression,7,C=0.1,0.7794714349066287,0.09259390261920075,0.2053886925795053,0.4836572438162544,0.9474381625441696
cumulative,44,16736,2264,Random Forest,7,depth=20,0.875162657784824,0.07855572140271015,0.2959363957597173,0.7371908127208481,1.4726148409893993
cumulative,44,16736,2264,XGBoost,7,depth=3,0.8016395083627206,0.09327361732721329,0.2411660777385159,0.598939929328622,1.1952296819787986
cumulative,44,16736,2264,LightGBM,7,leaves=31,0.8364176780783491,0.08055526475165055,0.2318904593639576,0.5658127208480566,1.1223498233215548
cumulative,44,16736,2264,Dummy,123,const,0.20848056537102475,0.20848056537102475,0.4169611307420495,1.0424028268551238,2.0848056537102475
cumulative,44,16736,2264,Logistic Regression,123,C=0.1,0.7794714349066287,0.09259390261920075,0.2053886925795053,0.4836572438162544,0.9474381625441696
cumulative,44,16736,2264,Random Forest,123,depth=10,0.861162645627089,0.08579998250205591,0.2924028268551237,0.7310070671378092,1.4620141342756183
cumulative,44,16736,2264,XGBoost,123,depth=3,0.8016395083627206,0.09327361732721329,0.2411660777385159,0.598939929328622,1.1952296819787986
cumulative,44,16736,2264,LightGBM,123,leaves=31,0.8364176780783491,0.08055526475165055,0.2318904593639576,0.5658127208480566,1.1223498233215548
cumulative,45,17281,2564,Dummy,42,const,0.25585023400936036,0.25585023400936036,0.5117004680187207,1.2792511700468019,2.5585023400936038
cumulative,45,17281,2564,Logistic Regression,42,C=0.1,0.8196980530817243,0.09664499338835984,0.2593603744149766,0.5963338533541341,1.1579563182527302
cumulative,45,17281,2564,Random Forest,42,depth=None,0.8981337142597455,0.08964841656724451,0.35179407176287053,0.8783151326053042,1.7558502340093605
cumulative,45,17281,2564,XGBoost,42,depth=6,0.8646686672055061,0.09679456055164337,0.2745709828393136,0.6747269890795632,1.3416536661466458
cumulative,45,17281,2564,LightGBM,42,leaves=63,0.8972467067293302,0.07799922282961992,0.26872074882995317,0.6595163806552262,1.3108424336973479
cumulative,45,17281,2564,Dummy,7,const,0.25585023400936036,0.25585023400936036,0.5117004680187207,1.2792511700468019,2.5585023400936038
cumulative,45,17281,2564,Logistic Regression,7,C=0.1,0.8196980530817243,0.09664499338835984,0.2593603744149766,0.5963338533541341,1.1579563182527302
cumulative,45,17281,2564,Random Forest,7,depth=20,0.8921133855336354,0.09029707020927001,0.34009360374414976,0.8455538221528861,1.68798751950078
cumulative,45,17281,2564,XGBoost,7,depth=6,0.8646686672055061,0.09679456055164337,0.2745709828393136,0.6747269890795632,1.3416536661466458
cumulative,45,17281,2564,LightGBM,7,leaves=63,0.8972467067293302,0.07799922282961992,0.26872074882995317,0.6595163806552262,1.3108424336973479
cumulative,45,17281,2564,Dummy,123,const,0.25585023400936036,0.25585023400936036,0.5117004680187207,1.2792511700468019,2.5585023400936038
cumulative,45,17281,2564,Logistic Regression,123,C=0.1,0.8196980530817243,0.09664499338835984,0.2593603744149766,0.5963338533541341,1.1579563182527302
cumulative,45,17281,2564,Random Forest,123,depth=None,0.8870741933892287,0.08920271208780134,0.3381435257410296,0.8447737909516381,1.6891575663026521
cumulative,45,17281,2564,XGBoost,123,depth=6,0.8646686672055061,0.09679456055164337,0.2745709828393136,0.6747269890795632,1.3416536661466458
cumulative,45,17281,2564,LightGBM,123,leaves=63,0.8972467067293302,0.07799922282961992,0.26872074882995317,0.6595163806552262,1.3108424336973479
cumulative,46,17702,2750,Dummy,42,const,0.2938181818181818,0.2938181818181818,0.5876363636363636,1.469090909090909,2.938181818181818
cumulative,46,17702,2750,Logistic Regression,42,C=0.1,0.8955055362024988,0.0866058168652344,0.20036363636363635,0.44145454545454543,0.8432727272727273
cumulative,46,17702,2750,Random Forest,42,depth=None,0.9403989573808589,0.07550359946443445,0.2589090909090909,0.644,1.2858181818181817
cumulative,46,17702,2750,XGBoost,42,depth=3,0.9499716499136349,0.05552242696285248,0.172,0.4163636363636364,0.8236363636363636
cumulative,46,17702,2750,LightGBM,42,leaves=15,0.9457163471015471,0.06134259922494508,0.192,0.4712727272727273,0.9367272727272727
cumulative,46,17702,2750,Dummy,7,const,0.2938181818181818,0.2938181818181818,0.5876363636363636,1.469090909090909,2.938181818181818
cumulative,46,17702,2750,Logistic Regression,7,C=0.1,0.8955055362024988,0.0866058168652344,0.20036363636363635,0.44145454545454543,0.8432727272727273
cumulative,46,17702,2750,Random Forest,7,depth=None,0.9399728297442779,0.0768078079943734,0.25745454545454544,0.6414545454545455,1.2814545454545454
cumulative,46,17702,2750,XGBoost,7,depth=3,0.9499716499136349,0.05552242696285248,0.172,0.4163636363636364,0.8236363636363636
cumulative,46,17702,2750,LightGBM,7,leaves=15,0.9457163471015471,0.06134259922494508,0.192,0.4712727272727273,0.9367272727272727
cumulative,46,17702,2750,Dummy,123,const,0.2938181818181818,0.2938181818181818,0.5876363636363636,1.469090909090909,2.938181818181818
cumulative,46,17702,2750,Logistic Regression,123,C=0.1,0.8955055362024988,0.0866058168652344,0.20036363636363635,0.44145454545454543,0.8432727272727273
cumulative,46,17702,2750,Random Forest,123,depth=20,0.9366962723560143,0.07550627408652005,0.25345454545454543,0.6309090909090909,1.26
cumulative,46,17702,2750,XGBoost,123,depth=3,0.9499716499136349,0.05552242696285248,0.172,0.4163636363636364,0.8236363636363636
cumulative,46,17702,2750,LightGBM,123,leaves=15,0.9457163471015471,0.06134259922494508,0.192,0.4712727272727273,0.9367272727272727
cumulative,47,18386,2381,Dummy,42,const,0.32003359932801345,0.32003359932801345,0.6400671986560269,1.6001679966400673,3.2003359932801345
cumulative,47,18386,2381,Logistic Regression,42,C=0.1,0.8997800621747886,0.08385857431936329,0.21671566568668627,0.5128097438051239,1.00629987400252
cumulative,47,18386,2381,Random Forest,42,depth=10,0.9640791136976484,0.07810163667523294,0.30449391012179755,0.7606047879042419,1.520789584208316
cumulative,47,18386,2381,XGBoost,42,depth=3,0.9554982304299429,0.06027820333838463,0.16421671566568669,0.4010919781604368,0.7958840823183536
cumulative,47,18386,2381,LightGBM,42,leaves=15,0.9618929471938675,0.0562948146522516,0.18857622847543049,0.4632507349853003,0.9210415791684167
cumulative,47,18386,2381,Dummy,7,const,0.32003359932801345,0.32003359932801345,0.6400671986560269,1.6001679966400673,3.2003359932801345
cumulative,47,18386,2381,Logistic Regression,7,C=0.1,0.8997800621747886,0.08385857431936329,0.21671566568668627,0.5128097438051239,1.00629987400252
cumulative,47,18386,2381,Random Forest,7,depth=20,0.9652153003643202,0.07194177413217333,0.3145737085258295,0.7858042839143217,1.5711885762284754
cumulative,47,18386,2381,XGBoost,7,depth=3,0.9554982304299429,0.06027820333838463,0.16421671566568669,0.4010919781604368,0.7958840823183536
cumulative,47,18386,2381,LightGBM,7,leaves=15,0.9618929471938675,0.0562948146522516,0.18857622847543049,0.4632507349853003,0.9210415791684167
cumulative,47,18386,2381,Dummy,123,const,0.32003359932801345,0.32003359932801345,0.6400671986560269,1.6001679966400673,3.2003359932801345
cumulative,47,18386,2381,Logistic Regression,123,C=0.1,0.8997800621747886,0.08385857431936329,0.21671566568668627,0.5128097438051239,1.00629987400252
cumulative,47,18386,2381,Random Forest,123,depth=10,0.9583945689494867,0.0810443652658528,0.3271734565308694,0.8173036539269215,1.6341873162536749
cumulative,47,18386,2381,XGBoost,123,depth=3,0.9554982304299429,0.06027820333838463,0.16421671566568669,0.4010919781604368,0.7958840823183536
cumulative,47,18386,2381,LightGBM,123,leaves=15,0.9618929471938675,0.0562948146522516,0.18857622847543049,0.4632507349853003,0.9210415791684167
cumulative,48,19000,2257,Dummy,42,const,0.3380593708462561,0.3380593708462561,0.6761187416925122,1.6902968542312804,3.380593708462561
cumulative,48,19000,2257,Logistic Regression,42,C=0.1,0.9266450167790425,0.07378359208632365,0.2108994240141781,0.5033229951262738,0.9906956136464333
cumulative,48,19000,2257,Random Forest,42,depth=None,0.9491757781281506,0.07250204362987796,0.27913159060700043,0.6938413823659725,1.385024368630926
cumulative,48,19000,2257,XGBoost,42,depth=6,0.9622802037578362,0.05143902450799942,0.1484271156402304,0.35179441736818784,0.6907399202481169
cumulative,48,19000,2257,LightGBM,42,leaves=15,0.9653788045693138,0.048732509913152484,0.1448825875055383,0.3455914931324767,0.6801063358440408
cumulative,48,19000,2257,Dummy,7,const,0.3380593708462561,0.3380593708462561,0.6761187416925122,1.6902968542312804,3.380593708462561
cumulative,48,19000,2257,Logistic Regression,7,C=0.1,0.9266450167790425,0.07378359208632365,0.2108994240141781,0.5033229951262738,0.9906956136464333
cumulative,48,19000,2257,Random Forest,7,depth=10,0.9647590925954341,0.07710467959726316,0.3088170137350465,0.7713779353123615,1.5423128046078867
cumulative,48,19000,2257,XGBoost,7,depth=6,0.9622802037578362,0.05143902450799942,0.1484271156402304,0.35179441736818784,0.6907399202481169
cumulative,48,19000,2257,LightGBM,7,leaves=15,0.9653788045693138,0.048732509913152484,0.1448825875055383,0.3455914931324767,0.6801063358440408
cumulative,48,19000,2257,Dummy,123,const,0.3380593708462561,0.3380593708462561,0.6761187416925122,1.6902968542312804,3.380593708462561
cumulative,48,19000,2257,Logistic Regression,123,C=0.1,0.9266450167790425,0.07378359208632365,0.2108994240141781,0.5033229951262738,0.9906956136464333
cumulative,48,19000,2257,Random Forest,123,depth=None,0.9569173418993345,0.0688028907686803,0.24368630926007975,0.6052281789986708,1.2077979618963226
cumulative,48,19000,2257,XGBoost,123,depth=6,0.9622802037578362,0.05143902450799942,0.1484271156402304,0.35179441736818784,0.6907399202481169
cumulative,48,19000,2257,LightGBM,123,leaves=15,0.9653788045693138,0.048732509913152484,0.1448825875055383,0.3455914931324767,0.6801063358440408
cumulative,49,19845,2151,Dummy,42,const,0.32124593212459324,0.32124593212459324,0.6424918642491865,1.606229660622966,3.212459321245932
cumulative,49,19845,2151,Logistic Regression,42,C=0.1,0.9258207223741989,0.07439756027933146,0.1603905160390516,0.3695955369595537,0.7182705718270572
cumulative,49,19845,2151,Random Forest,42,depth=20,0.9391626540730635,0.07011168571848912,0.16875871687587168,0.41283124128312415,0.8196187819618782
cumulative,49,19845,2151,XGBoost,42,depth=9,0.9369532871512025,0.07170557230710983,0.11854951185495119,0.2524407252440725,0.4755927475592748
cumulative,49,19845,2151,LightGBM,42,leaves=63,0.9477147500900317,0.05988434707677876,0.11436541143654114,0.2482566248256625,0.4714086471408647
cumulative,49,19845,2151,Dummy,7,const,0.32124593212459324,0.32124593212459324,0.6424918642491865,1.606229660622966,3.212459321245932
cumulative,49,19845,2151,Logistic Regression,7,C=0.1,0.9258207223741989,0.07439756027933146,0.1603905160390516,0.3695955369595537,0.7182705718270572
cumulative,49,19845,2151,Random Forest,7,depth=20,0.9388988618691141,0.070978340861075,0.17712691771269176,0.4351464435146444,0.8651789865178987
cumulative,49,19845,2151,XGBoost,7,depth=9,0.9369532871512025,0.07170557230710983,0.11854951185495119,0.2524407252440725,0.4755927475592748
cumulative,49,19845,2151,LightGBM,7,leaves=63,0.9477147500900317,0.05988434707677876,0.11436541143654114,0.2482566248256625,0.4714086471408647
cumulative,49,19845,2151,Dummy,123,const,0.32124593212459324,0.32124593212459324,0.6424918642491865,1.606229660622966,3.212459321245932
cumulative,49,19845,2151,Logistic Regression,123,C=0.1,0.9258207223741989,0.07439756027933146,0.1603905160390516,0.3695955369595537,0.7182705718270572
cumulative,49,19845,2151,Random Forest,123,depth=None,0.9404996327201836,0.06833084453509736,0.1724779172477917,0.4235239423523942,0.8419339841933984
cumulative,49,19845,2151,XGBoost,123,depth=9,0.9369532871512025,0.07170557230710983,0.11854951185495119,0.2524407252440725,0.4755927475592748
cumulative,49,19845,2151,LightGBM,123,leaves=63,0.9477147500900317,0.05988434707677876,0.11436541143654114,0.2482566248256625,0.4714086471408647
cumulative,50,20452,1771,Dummy,42,const,0.2704686617730096,0.2704686617730096,0.5409373235460192,1.352343308865048,2.704686617730096
cumulative,50,20452,1771,Logistic Regression,42,C=0.1,0.8837663787790822,0.08390506392826641,0.17334839073969507,0.4020327498588368,0.7831733483907397
cumulative,50,20452,1771,Random Forest,42,depth=10,0.89708402100708,0.09331841492752696,0.34726143421795597,0.8673066064370413,1.7340485601355167
cumulative,50,20452,1771,XGBoost,42,depth=3,0.9003476087397574,0.0728844553232193,0.13551665725578768,0.2930547713156409,0.5556182947487295
cumulative,50,20452,1771,LightGBM,42,leaves=63,0.8780728724256077,0.08415057630018011,0.1727837380011293,0.38283455674760025,0.7329192546583851
cumulative,50,20452,1771,Dummy,7,const,0.2704686617730096,0.2704686617730096,0.5409373235460192,1.352343308865048,2.704686617730096
cumulative,50,20452,1771,Logistic Regression,7,C=0.1,0.8837663787790822,0.08390506392826641,0.17334839073969507,0.4020327498588368,0.7831733483907397
cumulative,50,20452,1771,Random Forest,7,depth=10,0.8811538008095333,0.0944063677039566,0.34726143421795597,0.8656126482213439,1.7295313382269903
cumulative,50,20452,1771,XGBoost,7,depth=3,0.9003476087397574,0.0728844553232193,0.13551665725578768,0.2930547713156409,0.5556182947487295
cumulative,50,20452,1771,LightGBM,7,leaves=63,0.8780728724256077,0.08415057630018011,0.1727837380011293,0.38283455674760025,0.7329192546583851
cumulative,50,20452,1771,Dummy,123,const,0.2704686617730096,0.2704686617730096,0.5409373235460192,1.352343308865048,2.704686617730096
cumulative,50,20452,1771,Logistic Regression,123,C=0.1,0.8837663787790822,0.08390506392826641,0.17334839073969507,0.4020327498588368,0.7831733483907397
cumulative,50,20452,1771,Random Forest,123,depth=10,0.8882324554263916,0.09399362042355065,0.3461321287408244,0.8644833427442123,1.7284020327498588
cumulative,50,20452,1771,XGBoost,123,depth=3,0.9003476087397574,0.0728844553232193,0.13551665725578768,0.2930547713156409,0.5556182947487295
cumulative,50,20452,1771,LightGBM,123,leaves=63,0.8780728724256077,0.08415057630018011,0.1727837380011293,0.38283455674760025,0.7329192546583851
cumulative,51,20767,1853,Dummy,42,const,0.2676740420939018,0.2676740420939018,0.5353480841878036,1.338370210469509,2.676740420939018
cumulative,51,20767,1853,Logistic Regression,42,C=0.1,0.8420078465287727,0.08702058286033053,0.21856449001618997,0.5213167835941717,1.0259039395574743
cumulative,51,20767,1853,Random Forest,42,depth=None,0.8583254784859902,0.09662564830075336,0.32002158661629787,0.7960064759848894,1.5893146249325418
cumulative,51,20767,1853,XGBoost,42,depth=9,0.8310676934103955,0.10433199256658554,0.22180248246087425,0.48893685914732865,0.9341608202914193
cumulative,51,20767,1853,LightGBM,42,leaves=63,0.8692207407155725,0.0861543875149957,0.20075553157042633,0.45493793847814357,0.8785752833243389
cumulative,51,20767,1853,Dummy,7,const,0.2676740420939018,0.2676740420939018,0.5353480841878036,1.338370210469509,2.676740420939018
cumulative,51,20767,1853,Logistic Regression,7,C=0.1,0.8420078465287727,0.08702058286033053,0.21856449001618997,0.5213167835941717,1.0259039395574743
cumulative,51,20767,1853,Random Forest,7,depth=10,0.8781221978458403,0.09690977472060217,0.35186184565569345,0.8780356179168916,1.7549919050188882
cumulative,51,20767,1853,XGBoost,7,depth=9,0.8310676934103955,0.10433199256658554,0.22180248246087425,0.48893685914732865,0.9341608202914193
cumulative,51,20767,1853,LightGBM,7,leaves=63,0.8692207407155725,0.0861543875149957,0.20075553157042633,0.45493793847814357,0.8785752833243389
cumulative,51,20767,1853,Dummy,123,const,0.2676740420939018,0.2676740420939018,0.5353480841878036,1.338370210469509,2.676740420939018
cumulative,51,20767,1853,Logistic Regression,123,C=0.1,0.8420078465287727,0.08702058286033053,0.21856449001618997,0.5213167835941717,1.0259039395574743
cumulative,51,20767,1853,Random Forest,123,depth=None,0.863955921305329,0.09632619307097989,0.30167296276308686,0.7468969239071775,1.4889368591473287
cumulative,51,20767,1853,XGBoost,123,depth=9,0.8310676934103955,0.10433199256658554,0.22180248246087425,0.48893685914732865,0.9341608202914193
cumulative,51,20767,1853,LightGBM,123,leaves=63,0.8692207407155725,0.0861543875149957,0.20075553157042633,0.45493793847814357,0.8785752833243389
cumulative,52,21257,1812,Dummy,42,const,0.25,0.25,0.5,1.25,2.5
cumulative,52,21257,1812,Logistic Regression,42,C=0.1,0.6988158954391996,0.10960805066213775,0.2455849889624724,0.5833333333333334,1.1462472406181015
cumulative,52,21257,1812,Random Forest,42,depth=10,0.7994405170191533,0.10919781221539897,0.3598233995584989,0.8912803532008831,1.7770419426048565
cumulative,52,21257,1812,XGBoost,42,depth=9,0.7652591004041011,0.12058320641517639,0.2582781456953642,0.5811258278145696,1.119205298013245
cumulative,52,21257,1812,LightGBM,42,leaves=63,0.8082175552752955,0.09992081350152077,0.23730684326710816,0.5452538631346578,1.0584988962472406
cumulative,52,21257,1812,Dummy,7,const,0.25,0.25,0.5,1.25,2.5
cumulative,52,21257,1812,Logistic Regression,7,C=0.1,0.6988158954391996,0.10960805066213775,0.2455849889624724,0.5833333333333334,1.1462472406181015
cumulative,52,21257,1812,Random Forest,7,depth=None,0.8063134395431426,0.10540304972060648,0.3515452538631347,0.869757174392936,1.7334437086092715
cumulative,52,21257,1812,XGBoost,7,depth=9,0.7652591004041011,0.12058320641517639,0.2582781456953642,0.5811258278145696,1.119205298013245
cumulative,52,21257,1812,LightGBM,7,leaves=63,0.8082175552752955,0.09992081350152077,0.23730684326710816,0.5452538631346578,1.0584988962472406
cumulative,52,21257,1812,Dummy,123,const,0.25,0.25,0.5,1.25,2.5
cumulative,52,21257,1812,Logistic Regression,123,C=0.1,0.6988158954391996,0.10960805066213775,0.2455849889624724,0.5833333333333334,1.1462472406181015
cumulative,52,21257,1812,Random Forest,123,depth=10,0.7938715627639866,0.11101633398624702,0.3598233995584989,0.8912803532008831,1.7770419426048565
cumulative,52,21257,1812,XGBoost,123,depth=9,0.7652591004041011,0.12058320641517639,0.2582781456953642,0.5811258278145696,1.119205298013245
cumulative,52,21257,1812,LightGBM,123,leaves=63,0.8082175552752955,0.09992081350152077,0.23730684326710816,0.5452538631346578,1.0584988962472406
cumulative,53,21996,1646,Dummy,42,const,0.23754556500607532,0.23754556500607532,0.47509113001215064,1.1877278250303767,2.3754556500607533
cumulative,53,21996,1646,Logistic Regression,42,C=0.1,0.6154336095782831,0.12960393406007914,0.2934386391251519,0.7053462940461726,1.3918590522478735
cumulative,53,21996,1646,Random Forest,42,depth=10,0.7459982256058473,0.11368074739370919,0.35479951397326853,0.8778857837181046,1.7496962332928312
cumulative,53,21996,1646,XGBoost,42,depth=3,0.7308232240703025,0.1172994077205658,0.25273390036452004,0.6026731470230863,1.1859052247873634
cumulative,53,21996,1646,LightGBM,42,leaves=31,0.737232825417434,0.11685317324439054,0.29465370595382745,0.715674362089915,1.4173754556500608
cumulative,53,21996,1646,Dummy,7,const,0.23754556500607532,0.23754556500607532,0.47509113001215064,1.1877278250303767,2.3754556500607533
cumulative,53,21996,1646,Logistic Regression,7,C=0.1,0.6154336095782831,0.12960393406007914,0.2934386391251519,0.7053462940461726,1.3918590522478735
cumulative,53,21996,1646,Random Forest,7,depth=10,0.7600796907806326,0.11382268301830335,0.35419198055893075,0.8772782503037667,1.7490886998784934
cumulative,53,21996,1646,XGBoost,7,depth=3,0.7308232240703025,0.1172994077205658,0.25273390036452004,0.6026731470230863,1.1859052247873634
cumulative,53,21996,1646,LightGBM,7,leaves=31,0.737232825417434,0.11685317324439054,0.29465370595382745,0.715674362089915,1.4173754556500608
cumulative,53,21996,1646,Dummy,123,const,0.23754556500607532,0.23754556500607532,0.47509113001215064,1.1877278250303767,2.3754556500607533
cumulative,53,21996,1646,Logistic Regression,123,C=0.1,0.6154336095782831,0.12960393406007914,0.2934386391251519,0.7053462940461726,1.3918590522478735
cumulative,53,21996,1646,Random Forest,123,depth=10,0.7530074030225512,0.11329171911463262,0.353584447144593,0.8766707168894289,1.7484811664641555
cumulative,53,21996,1646,XGBoost,123,depth=3,0.7308232240703025,0.1172994077205658,0.25273390036452004,0.6026731470230863,1.1859052247873634
cumulative,53,21996,1646,LightGBM,123,leaves=31,0.737232825417434,0.11685317324439054,0.29465370595382745,0.715674362089915,1.4173754556500608
cumulative,54,22223,1988,Dummy,42,const,0.2409456740442656,0.2409456740442656,0.4818913480885312,1.204728370221328,2.409456740442656
cumulative,54,22223,1988,Logistic Regression,42,C=0.1,0.6190773887432265,0.13540038570726343,0.317907444668008,0.7706237424547284,1.5251509054325956
cumulative,54,22223,1988,Random Forest,42,depth=20,0.7448491499574327,0.11364650258288717,0.3163983903420523,0.78420523138833,1.5638832997987928
cumulative,54,22223,1988,XGBoost,42,depth=3,0.7353044005583306,0.11938948929309845,0.2937625754527163,0.716297786720322,1.420523138832998
cumulative,54,22223,1988,LightGBM,42,leaves=63,0.7411422734779445,0.12081411178974745,0.2937625754527163,0.7193158953722334,1.4285714285714286
cumulative,54,22223,1988,Dummy,7,const,0.2409456740442656,0.2409456740442656,0.4818913480885312,1.204728370221328,2.409456740442656
cumulative,54,22223,1988,Logistic Regression,7,C=0.1,0.6190773887432265,0.13540038570726343,0.317907444668008,0.7706237424547284,1.5251509054325956
cumulative,54,22223,1988,Random Forest,7,depth=10,0.7410626336374422,0.11372198326769505,0.31740442655935613,0.7867203219315896,1.5689134808853118
cumulative,54,22223,1988,XGBoost,7,depth=3,0.7353044005583306,0.11938948929309845,0.2937625754527163,0.716297786720322,1.420523138832998
cumulative,54,22223,1988,LightGBM,7,leaves=63,0.7411422734779445,0.12081411178974745,0.2937625754527163,0.7193158953722334,1.4285714285714286
cumulative,54,22223,1988,Dummy,123,const,0.2409456740442656,0.2409456740442656,0.4818913480885312,1.204728370221328,2.409456740442656
cumulative,54,22223,1988,Logistic Regression,123,C=0.1,0.6190773887432265,0.13540038570726343,0.317907444668008,0.7706237424547284,1.5251509054325956
cumulative,54,22223,1988,Random Forest,123,depth=10,0.7384945392531943,0.11379283120492188,0.31740442655935613,0.7867203219315896,1.5689134808853118
cumulative,54,22223,1988,XGBoost,123,depth=3,0.7353044005583306,0.11938948929309845,0.2937625754527163,0.716297786720322,1.420523138832998
cumulative,54,22223,1988,LightGBM,123,leaves=63,0.7411422734779445,0.12081411178974745,0.2937625754527163,0.7193158953722334,1.4285714285714286
cumulative,55,22620,2287,Dummy,42,const,0.2404897245299519,0.2404897245299519,0.4809794490599038,1.2024486226497595,2.404897245299519
cumulative,55,22620,2287,Logistic Regression,42,C=0.1,0.6003839932794333,0.14057720040998803,0.32925229558373414,0.8014866637516397,1.5885439440314824
cumulative,55,22620,2287,Random Forest,42,depth=10,0.7075008692962155,0.12140723460348454,0.3310013117621338,0.8268473983384347,1.6532575426322693
cumulative,55,22620,2287,XGBoost,42,depth=3,0.7052124357576949,0.12789516150951385,0.28377787494534323,0.6930476606908614,1.3751639702667249
cumulative,55,22620,2287,LightGBM,42,leaves=63,0.7495027305158014,0.11868492438165489,0.28683865325754265,0.7066025360734587,1.4062090074333187
cumulative,55,22620,2287,Dummy,7,const,0.2404897245299519,0.2404897245299519,0.4809794490599038,1.2024486226497595,2.404897245299519
cumulative,55,22620,2287,Logistic Regression,7,C=0.1,0.6003839932794333,0.14057720040998803,0.32925229558373414,0.8014866637516397,1.5885439440314824
cumulative,55,22620,2287,Random Forest,7,depth=10,0.7117948547384866,0.12066775604689492,0.3305640577175339,0.8264101442938347,1.6528202885876695
cumulative,55,22620,2287,XGBoost,7,depth=3,0.7052124357576949,0.12789516150951385,0.28377787494534323,0.6930476606908614,1.3751639702667249
cumulative,55,22620,2287,LightGBM,7,leaves=63,0.7495027305158014,0.11868492438165489,0.28683865325754265,0.7066025360734587,1.4062090074333187
cumulative,55,22620,2287,Dummy,123,const,0.2404897245299519,0.2404897245299519,0.4809794490599038,1.2024486226497595,2.404897245299519
cumulative,55,22620,2287,Logistic Regression,123,C=0.1,0.6003839932794333,0.14057720040998803,0.32925229558373414,0.8014866637516397,1.5885439440314824
cumulative,55,22620,2287,Random Forest,123,depth=20,0.727071920925193,0.11820050821629174,0.3209444687363358,0.8010494097070398,1.6012243113248799
cumulative,55,22620,2287,XGBoost,123,depth=3,0.7052124357576949,0.12789516150951385,0.28377787494534323,0.6930476606908614,1.3751639702667249
cumulative,55,22620,2287,LightGBM,123,leaves=63,0.7495027305158014,0.11868492438165489,0.28683865325754265,0.7066025360734587,1.4062090074333187
cumulative,56,23069,2787,Dummy,42,const,0.27412988876928596,0.27412988876928596,0.5482597775385719,1.3706494438464298,2.7412988876928597
cumulative,56,23069,2787,Logistic Regression,42,C=0.1,0.7041268389801644,0.13810815925197045,0.34409759598134193,0.8489415141729458,1.6903480444922856
cumulative,56,23069,2787,Random Forest,42,depth=10,0.8043604422964847,0.12045487136409627,0.3638320775026911,0.9095801937567277,1.8191603875134554
cumulative,56,23069,2787,XGBoost,42,depth=3,0.8059024657355581,0.11132790893316269,0.30857552924291354,0.7520631503408683,1.4912091855041263
cumulative,56,23069,2787,LightGBM,42,leaves=63,0.8358840384279982,0.1049951192140685,0.30534625044851094,0.7520631503408683,1.4965913168281306
cumulative,56,23069,2787,Dummy,7,const,0.27412988876928596,0.27412988876928596,0.5482597775385719,1.3706494438464298,2.7412988876928597
cumulative,56,23069,2787,Logistic Regression,7,C=0.1,0.7041268389801644,0.13810815925197045,0.34409759598134193,0.8489415141729458,1.6903480444922856
cumulative,56,23069,2787,Random Forest,7,depth=10,0.7872720512982245,0.12345145594277622,0.38536060279870826,0.9634015069967707,1.9268030139935415
cumulative,56,23069,2787,XGBoost,7,depth=3,0.8059024657355581,0.11132790893316269,0.30857552924291354,0.7520631503408683,1.4912091855041263
cumulative,56,23069,2787,LightGBM,7,leaves=63,0.8358840384279982,0.1049951192140685,0.30534625044851094,0.7520631503408683,1.4965913168281306
cumulative,56,23069,2787,Dummy,123,const,0.27412988876928596,0.27412988876928596,0.5482597775385719,1.3706494438464298,2.7412988876928597
cumulative,56,23069,2787,Logistic Regression,123,C=0.1,0.7041268389801644,0.13810815925197045,0.34409759598134193,0.8489415141729458,1.6903480444922856
cumulative,56,23069,2787,Random Forest,123,depth=10,0.7979084737323361,0.12143048142096677,0.4033010405453893,1.0082526013634732,2.0165052027269463
cumulative,56,23069,2787,XGBoost,123,depth=3,0.8059024657355581,0.11132790893316269,0.30857552924291354,0.7520631503408683,1.4912091855041263
cumulative,56,23069,2787,LightGBM,123,leaves=63,0.8358840384279982,0.1049951192140685,0.30534625044851094,0.7520631503408683,1.4965913168281306
cumulative,57,23642,3207,Dummy,42,const,0.3086997193638915,0.3086997193638915,0.617399438727783,1.5434985968194574,3.086997193638915
cumulative,57,23642,3207,Logistic Regression,42,C=0.1,0.7867873347760628,0.12853105155037423,0.3738696601184908,0.9164328032429061,1.820704708450265
cumulative,57,23642,3207,Random Forest,42,depth=None,0.8363198395783955,0.12091131504702585,0.4140941690053009,1.0342999688182102,2.0679763018397255
cumulative,57,23642,3207,XGBoost,42,depth=3,0.8438284295167837,0.11141036450862885,0.27938883691923916,0.6629248518864983,1.3021515434985969
cumulative,57,23642,3207,LightGBM,42,leaves=31,0.8584020432723636,0.10465220014839695,0.2984097287184284,0.7231057062675398,1.4309323355160586
cumulative,57,23642,3207,Dummy,7,const,0.3086997193638915,0.3086997193638915,0.617399438727783,1.5434985968194574,3.086997193638915
cumulative,57,23642,3207,Logistic Regression,7,C=0.1,0.7867873347760628,0.12853105155037423,0.3738696601184908,0.9164328032429061,1.820704708450265
cumulative,57,23642,3207,Random Forest,7,depth=10,0.8395197653840072,0.12300134615103976,0.42594324914250076,1.064858122856252,2.129716245712504
cumulative,57,23642,3207,XGBoost,7,depth=3,0.8438284295167837,0.11141036450862885,0.27938883691923916,0.6629248518864983,1.3021515434985969
cumulative,57,23642,3207,LightGBM,7,leaves=31,0.8584020432723636,0.10465220014839695,0.2984097287184284,0.7231057062675398,1.4309323355160586
cumulative,57,23642,3207,Dummy,123,const,0.3086997193638915,0.3086997193638915,0.617399438727783,1.5434985968194574,3.086997193638915
cumulative,57,23642,3207,Logistic Regression,123,C=0.1,0.7867873347760628,0.12853105155037423,0.3738696601184908,0.9164328032429061,1.820704708450265
cumulative,57,23642,3207,Random Forest,123,depth=10,0.8408623983311113,0.1242955178802621,0.42594324914250076,1.064858122856252,2.129716245712504
cumulative,57,23642,3207,XGBoost,123,depth=3,0.8438284295167837,0.11141036450862885,0.27938883691923916,0.6629248518864983,1.3021515434985969
cumulative,57,23642,3207,LightGBM,123,leaves=31,0.8584020432723636,0.10465220014839695,0.2984097287184284,0.7231057062675398,1.4309323355160586
cumulative,58,24211,3634,Dummy,42,const,0.3227848101265823,0.3227848101265823,0.6455696202531646,1.6139240506329113,3.2278481012658227
cumulative,58,24211,3634,Logistic Regression,42,C=0.1,0.8032656000174612,0.12828877284678922,0.34782608695652173,0.8472757292239956,1.6796917996697853
cumulative,58,24211,3634,Random Forest,42,depth=10,0.8651132509442317,0.12111369379308982,0.42762795817281235,1.0690698954320308,2.1381397908640616
cumulative,58,24211,3634,XGBoost,42,depth=3,0.8699239148339168,0.10389482229948044,0.26802421574023116,0.6444689047881123,1.2718767198679142
cumulative,58,24211,3634,LightGBM,42,leaves=31,0.8727628440372188,0.10342799682809116,0.30709961474958725,0.7454595487066593,1.476059438635113
cumulative,58,24211,3634,Dummy,7,const,0.3227848101265823,0.3227848101265823,0.6455696202531646,1.6139240506329113,3.2278481012658227
cumulative,58,24211,3634,Logistic Regression,7,C=0.1,0.8032656000174612,0.12828877284678922,0.34782608695652173,0.8472757292239956,1.6796917996697853
cumulative,58,24211,3634,Random Forest,7,depth=10,0.8656287683500947,0.12431065054200989,0.4441386901485966,1.1103467253714914,2.2206934507429827
cumulative,58,24211,3634,XGBoost,7,depth=3,0.8699239148339168,0.10389482229948044,0.26802421574023116,0.6444689047881123,1.2718767198679142
cumulative,58,24211,3634,LightGBM,7,leaves=31,0.8727628440372188,0.10342799682809116,0.30709961474958725,0.7454595487066593,1.476059438635113
cumulative,58,24211,3634,Dummy,123,const,0.3227848101265823,0.3227848101265823,0.6455696202531646,1.6139240506329113,3.2278481012658227
cumulative,58,24211,3634,Logistic Regression,123,C=0.1,0.8032656000174612,0.12828877284678922,0.34782608695652173,0.8472757292239956,1.6796917996697853
cumulative,58,24211,3634,Random Forest,123,depth=10,0.8626629474923596,0.12116001541301297,0.4061640066042928,1.015410016510732,2.030820033021464
cumulative,58,24211,3634,XGBoost,123,depth=3,0.8699239148339168,0.10389482229948044,0.26802421574023116,0.6444689047881123,1.2718767198679142
cumulative,58,24211,3634,LightGBM,123,leaves=31,0.8727628440372188,0.10342799682809116,0.30709961474958725,0.7454595487066593,1.476059438635113
cumulative,59,24907,3965,Dummy,42,const,0.355359394703657,0.355359394703657,0.710718789407314,1.776796973518285,3.55359394703657
cumulative,59,24907,3965,Logistic Regression,42,C=0.1,0.8090249524295096,0.14155552524175447,0.3709962168978562,0.8976040353089534,1.7752837326607818
cumulative,59,24907,3965,Random Forest,42,depth=10,0.8681196113764484,0.13449906175453163,0.516015132408575,1.2900378310214375,2.580075662042875
cumulative,59,24907,3965,XGBoost,42,depth=3,0.8524436364370607,0.123832106590271,0.35435056746532156,0.8559899117276166,1.6920554854981085
cumulative,59,24907,3965,LightGBM,42,leaves=31,0.8672518476053401,0.11602251810827777,0.34047919293820933,0.8239596469104666,1.6297604035308952
cumulative,59,24907,3965,Dummy,7,const,0.355359394703657,0.355359394703657,0.710718789407314,1.776796973518285,3.55359394703657
cumulative,59,24907,3965,Logistic Regression,7,C=0.1,0.8090249524295096,0.14155552524175447,0.3709962168978562,0.8976040353089534,1.7752837326607818
cumulative,59,24907,3965,Random Forest,7,depth=10,0.8671185110716139,0.13622962118845963,0.49583858764186634,1.239596469104666,2.479192938209332
cumulative,59,24907,3965,XGBoost,7,depth=3,0.8524436364370607,0.123832106590271,0.35435056746532156,0.8559899117276166,1.6920554854981085
cumulative,59,24907,3965,LightGBM,7,leaves=31,0.8672518476053401,0.11602251810827777,0.34047919293820933,0.8239596469104666,1.6297604035308952
cumulative,59,24907,3965,Dummy,123,const,0.355359394703657,0.355359394703657,0.710718789407314,1.776796973518285,3.55359394703657
cumulative,59,24907,3965,Logistic Regression,123,C=0.1,0.8090249524295096,0.14155552524175447,0.3709962168978562,0.8976040353089534,1.7752837326607818
cumulative,59,24907,3965,Random Forest,123,depth=10,0.869369861774694,0.1338469255975345,0.5084489281210592,1.2711223203026483,2.5422446406052965
cumulative,59,24907,3965,XGBoost,123,depth=3,0.8524436364370607,0.123832106590271,0.35435056746532156,0.8559899117276166,1.6920554854981085
cumulative,59,24907,3965,LightGBM,123,leaves=31,0.8672518476053401,0.11602251810827777,0.34047919293820933,0.8239596469104666,1.6297604035308952
cumulative,60,25856,3915,Dummy,42,const,0.33154533844189016,0.33154533844189016,0.6630906768837803,1.657726692209451,3.315453384418902
cumulative,60,25856,3915,Logistic Regression,42,C=0.1,0.7885480547160997,0.14259717518400186,0.3614303959131545,0.8725415070242657,1.7243933588761176
cumulative,60,25856,3915,Random Forest,42,depth=10,0.8465751628893273,0.13110709869010786,0.4393358876117497,1.0983397190293742,2.1966794380587484
cumulative,60,25856,3915,XGBoost,42,depth=3,0.8040773156266829,0.13770219683647156,0.3872286079182631,0.9412515964240102,1.8646232439335888
cumulative,60,25856,3915,LightGBM,42,leaves=15,0.8430094981820587,0.11923014984053629,0.38212005108556835,0.9384418901660281,1.8656449553001277
cumulative,60,25856,3915,Dummy,7,const,0.33154533844189016,0.33154533844189016,0.6630906768837803,1.657726692209451,3.315453384418902
cumulative,60,25856,3915,Logistic Regression,7,C=0.1,0.7885480547160997,0.14259717518400186,0.3614303959131545,0.8725415070242657,1.7243933588761176
cumulative,60,25856,3915,Random Forest,7,depth=10,0.8416988057793278,0.13453795869950877,0.48173690932311625,1.2043422733077906,2.4086845466155813
cumulative,60,25856,3915,XGBoost,7,depth=3,0.8040773156266829,0.13770219683647156,0.3872286079182631,0.9412515964240102,1.8646232439335888
cumulative,60,25856,3915,LightGBM,7,leaves=15,0.8430094981820587,0.11923014984053629,0.38212005108556835,0.9384418901660281,1.8656449553001277
cumulative,60,25856,3915,Dummy,123,const,0.33154533844189016,0.33154533844189016,0.6630906768837803,1.657726692209451,3.315453384418902
cumulative,60,25856,3915,Logistic Regression,123,C=0.1,0.7885480547160997,0.14259717518400186,0.3614303959131545,0.8725415070242657,1.7243933588761176
cumulative,60,25856,3915,Random Forest,123,depth=10,0.8464912987408473,0.13495056838324793,0.47458492975734357,1.186462324393359,2.372924648786718
cumulative,60,25856,3915,XGBoost,123,depth=3,0.8040773156266829,0.13770219683647156,0.3872286079182631,0.9412515964240102,1.8646232439335888
cumulative,60,25856,3915,LightGBM,123,leaves=15,0.8430094981820587,0.11923014984053629,0.38212005108556835,0.9384418901660281,1.8656449553001277
cumulative,61,26849,3972,Dummy,42,const,0.3041289023162135,0.3041289023162135,0.608257804632427,1.5206445115810674,3.041289023162135
cumulative,61,26849,3972,Logistic Regression,42,C=0.1,0.7297144232045613,0.14968936331885574,0.38872104733131924,0.9211983887210473,1.808660624370594
cumulative,61,26849,3972,Random Forest,42,depth=10,0.800839255748931,0.13576568086335944,0.45443101711983885,1.1356998992950655,2.2711480362537766
cumulative,61,26849,3972,XGBoost,42,depth=3,0.7845665373228011,0.1299644261598587,0.3773917421953676,0.9128902316213494,1.805387713997986
cumulative,61,26849,3972,LightGBM,42,leaves=15,0.8035817589022964,0.12202503847033326,0.3716012084592145,0.8965256797583081,1.7713997985901309
cumulative,61,26849,3972,Dummy,7,const,0.3041289023162135,0.3041289023162135,0.608257804632427,1.5206445115810674,3.041289023162135
cumulative,61,26849,3972,Logistic Regression,7,C=0.1,0.7297144232045613,0.14968936331885574,0.38872104733131924,0.9211983887210473,1.808660624370594
cumulative,61,26849,3972,Random Forest,7,depth=10,0.7926798302044229,0.13551784900860395,0.4486404833836858,1.1216012084592144,2.243202416918429
cumulative,61,26849,3972,XGBoost,7,depth=3,0.7845665373228011,0.1299644261598587,0.3773917421953676,0.9128902316213494,1.805387713997986
cumulative,61,26849,3972,LightGBM,7,leaves=15,0.8035817589022964,0.12202503847033326,0.3716012084592145,0.8965256797583081,1.7713997985901309
cumulative,61,26849,3972,Dummy,123,const,0.3041289023162135,0.3041289023162135,0.608257804632427,1.5206445115810674,3.041289023162135
cumulative,61,26849,3972,Logistic Regression,123,C=0.1,0.7297144232045613,0.14968936331885574,0.38872104733131924,0.9211983887210473,1.808660624370594
cumulative,61,26849,3972,Random Forest,123,depth=10,0.7961552534643104,0.135427773307121,0.45720040281973817,1.1430010070493455,2.286002014098691
cumulative,61,26849,3972,XGBoost,123,depth=3,0.7845665373228011,0.1299644261598587,0.3773917421953676,0.9128902316213494,1.805387713997986
cumulative,61,26849,3972,LightGBM,123,leaves=15,0.8035817589022964,0.12202503847033326,0.3716012084592145,0.8965256797583081,1.7713997985901309
cumulative,62,27845,4317,Dummy,42,const,0.3273106323835997,0.3273106323835997,0.6546212647671994,1.6365531619179987,3.2731063238359974
cumulative,62,27845,4317,Logistic Regression,42,C=0.1,0.7707950530845246,0.14705764160447324,0.39078063470002317,0.9307389390780635,1.8306694463747972
cumulative,62,27845,4317,Random Forest,42,depth=10,0.8254866641454092,0.13919572812472514,0.49154505443595087,1.2288626360898773,2.4577252721797547
cumulative,62,27845,4317,XGBoost,42,depth=6,0.7989260437243433,0.13978421688079834,0.42923326384063004,1.0407690525828122,2.0599953671531157
cumulative,62,27845,4317,LightGBM,42,leaves=31,0.8226994932278713,0.1255564058643917,0.3838313643734075,0.9272643039147557,1.8329858698170025
cumulative,62,27845,4317,Dummy,7,const,0.3273106323835997,0.3273106323835997,0.6546212647671994,1.6365531619179987,3.2731063238359974
cumulative,62,27845,4317,Logistic Regression,7,C=0.1,0.7707950530845246,0.14705764160447324,0.39078063470002317,0.9307389390780635,1.8306694463747972
cumulative,62,27845,4317,Random Forest,7,depth=10,0.8229007733527954,0.13761414728477248,0.4954829742876998,1.2383599722029186,2.476488302061617
cumulative,62,27845,4317,XGBoost,7,depth=6,0.7989260437243433,0.13978421688079834,0.42923326384063004,1.0407690525828122,2.0599953671531157
cumulative,62,27845,4317,LightGBM,7,leaves=31,0.8226994932278713,0.1255564058643917,0.3838313643734075,0.9272643039147557,1.8329858698170025
cumulative,62,27845,4317,Dummy,123,const,0.3273106323835997,0.3273106323835997,0.6546212647671994,1.6365531619179987,3.2731063238359974
cumulative,62,27845,4317,Logistic Regression,123,C=0.1,0.7707950530845246,0.14705764160447324,0.39078063470002317,0.9307389390780635,1.8306694463747972
cumulative,62,27845,4317,Random Forest,123,depth=10,0.8148050970826974,0.14183673084001003,0.5137827194811212,1.2844567987028028,2.5689135974056057
cumulative,62,27845,4317,XGBoost,123,depth=6,0.7989260437243433,0.13978421688079834,0.42923326384063004,1.0407690525828122,2.0599953671531157
cumulative,62,27845,4317,LightGBM,123,leaves=31,0.8226994932278713,0.1255564058643917,0.3838313643734075,0.9272643039147557,1.8329858698170025
cumulative,63,28872,4293,Dummy,42,const,0.30794316328907523,0.30794316328907523,0.6158863265781505,1.5397158164453761,3.0794316328907523
cumulative,63,28872,4293,Logistic Regression,42,C=1.0,0.7687939949507974,0.13856227683402444,0.3463778243652457,0.8166783135336595,1.6005124621476823
cumulative,63,28872,4293,Random Forest,42,depth=None,0.8386425276933439,0.12112710123306651,0.45422781271837875,1.1306778476589798,2.2580945725599815
cumulative,63,28872,4293,XGBoost,42,depth=9,0.8123979501983932,0.12667986750602722,0.34195201490798977,0.8192406242720708,1.6147216398788726
cumulative,63,28872,4293,LightGBM,42,leaves=31,0.8376236053884835,0.10879542433450362,0.32261821569997673,0.7761472163987887,1.5320288842301422
cumulative,63,28872,4293,Dummy,7,const,0.30794316328907523,0.30794316328907523,0.6158863265781505,1.5397158164453761,3.0794316328907523
cumulative,63,28872,4293,Logistic Regression,7,C=1.0,0.7687939949507974,0.13856227683402444,0.3463778243652457,0.8166783135336595,1.6005124621476823
cumulative,63,28872,4293,Random Forest,7,depth=None,0.8397427212857169,0.11997699632400476,0.4267412066154205,1.061961332401584,2.1206615420451898
cumulative,63,28872,4293,XGBoost,7,depth=9,0.8123979501983932,0.12667986750602722,0.34195201490798977,0.8192406242720708,1.6147216398788726
cumulative,63,28872,4293,LightGBM,7,leaves=31,0.8376236053884835,0.10879542433450362,0.32261821569997673,0.7761472163987887,1.5320288842301422
cumulative,63,28872,4293,Dummy,123,const,0.30794316328907523,0.30794316328907523,0.6158863265781505,1.5397158164453761,3.0794316328907523
cumulative,63,28872,4293,Logistic Regression,123,C=1.0,0.7687939949507974,0.13856227683402444,0.3463778243652457,0.8166783135336595,1.6005124621476823
cumulative,63,28872,4293,Random Forest,123,depth=20,0.8361652252693147,0.12071794907665874,0.4414162590263219,1.0996971814581877,2.1968320521779643
cumulative,63,28872,4293,XGBoost,123,depth=9,0.8123979501983932,0.12667986750602722,0.34195201490798977,0.8192406242720708,1.6147216398788726
cumulative,63,28872,4293,LightGBM,123,leaves=31,0.8376236053884835,0.10879542433450362,0.32261821569997673,0.7761472163987887,1.5320288842301422
cumulative,64,29771,4664,Dummy,42,const,0.33469125214408235,0.33469125214408235,0.6693825042881647,1.6734562607204118,3.3469125214408235
cumulative,64,29771,4664,Logistic Regression,42,C=1.0,0.7972267089674263,0.1385745927883275,0.34476843910806176,0.8066037735849056,1.5763293310463122
cumulative,64,29771,4664,Random Forest,42,depth=10,0.8485034349806454,0.1332975518287462,0.5373070325900514,1.3432675814751287,2.6865351629502574
cumulative,64,29771,4664,XGBoost,42,depth=6,0.805707620046096,0.13681595027446747,0.3977272727272727,0.9618353344768439,1.902015437392796
cumulative,64,29771,4664,LightGBM,42,leaves=31,0.8658447831288469,0.1084236318317386,0.32289879931389365,0.7783018867924528,1.5373070325900515
cumulative,64,29771,4664,Dummy,7,const,0.33469125214408235,0.33469125214408235,0.6693825042881647,1.6734562607204118,3.3469125214408235
cumulative,64,29771,4664,Logistic Regression,7,C=1.0,0.7972267089674263,0.1385745927883275,0.34476843910806176,0.8066037735849056,1.5763293310463122
cumulative,64,29771,4664,Random Forest,7,depth=10,0.8525114381610707,0.13103059144690304,0.5055746140651801,1.2639365351629503,2.5278730703259007
cumulative,64,29771,4664,XGBoost,7,depth=6,0.805707620046096,0.13681595027446747,0.3977272727272727,0.9618353344768439,1.902015437392796
cumulative,64,29771,4664,LightGBM,7,leaves=31,0.8658447831288469,0.1084236318317386,0.32289879931389365,0.7783018867924528,1.5373070325900515
cumulative,64,29771,4664,Dummy,123,const,0.33469125214408235,0.33469125214408235,0.6693825042881647,1.6734562607204118,3.3469125214408235
cumulative,64,29771,4664,Logistic Regression,123,C=1.0,0.7972267089674263,0.1385745927883275,0.34476843910806176,0.8066037735849056,1.5763293310463122
cumulative,64,29771,4664,Random Forest,123,depth=20,0.8507403535212059,0.12684937241620067,0.4894939965694683,1.2195540308747856,2.436320754716981
cumulative,64,29771,4664,XGBoost,123,depth=6,0.805707620046096,0.13681595027446747,0.3977272727272727,0.9618353344768439,1.902015437392796
cumulative,64,29771,4664,LightGBM,123,leaves=31,0.8658447831288469,0.1084236318317386,0.32289879931389365,0.7783018867924528,1.5373070325900515
cumulative,65,30821,4790,Dummy,42,const,0.3586638830897704,0.3586638830897704,0.7173277661795407,1.7933194154488519,3.5866388308977037
cumulative,65,30821,4790,Logistic Regression,42,C=1.0,0.8104711378143611,0.14253558841951647,0.36471816283924846,0.855741127348643,1.6741127348643006
cumulative,65,30821,4790,Random Forest,42,depth=None,0.8785971768431822,0.12152841466361057,0.47369519832985385,1.1789144050104383,2.354279749478079
cumulative,65,30821,4790,XGBoost,42,depth=6,0.8500736970136044,0.126774862408638,0.38893528183716075,0.94258872651357,1.8653444676409185
cumulative,65,30821,4790,LightGBM,42,leaves=31,0.8805287920780286,0.1095532338873362,0.32526096033402924,0.7799582463465553,1.537787056367432
cumulative,65,30821,4790,Dummy,7,const,0.3586638830897704,0.3586638830897704,0.7173277661795407,1.7933194154488519,3.5866388308977037
cumulative,65,30821,4790,Logistic Regression,7,C=1.0,0.8104711378143611,0.14253558841951647,0.36471816283924846,0.855741127348643,1.6741127348643006
cumulative,65,30821,4790,Random Forest,7,depth=10,0.8667219071933451,0.13397133094304417,0.5139874739039666,1.2849686847599164,2.569937369519833
cumulative,65,30821,4790,XGBoost,7,depth=6,0.8500736970136044,0.126774862408638,0.38893528183716075,0.94258872651357,1.8653444676409185
cumulative,65,30821,4790,LightGBM,7,leaves=31,0.8805287920780286,0.1095532338873362,0.32526096033402924,0.7799582463465553,1.537787056367432
cumulative,65,30821,4790,Dummy,123,const,0.3586638830897704,0.3586638830897704,0.7173277661795407,1.7933194154488519,3.5866388308977037
cumulative,65,30821,4790,Logistic Regression,123,C=1.0,0.8104711378143611,0.14253558841951647,0.36471816283924846,0.855741127348643,1.6741127348643006
cumulative,65,30821,4790,Random Forest,123,depth=10,0.8635348526702286,0.13252851709752736,0.5127348643006263,1.2818371607515657,2.5636743215031315
cumulative,65,30821,4790,XGBoost,123,depth=6,0.8500736970136044,0.126774862408638,0.38893528183716075,0.94258872651357,1.8653444676409185
cumulative,65,30821,4790,LightGBM,123,leaves=31,0.8805287920780286,0.1095532338873362,0.32526096033402924,0.7799582463465553,1.537787056367432
cumulative,66,32162,4788,Dummy,42,const,0.35025062656641603,0.35025062656641603,0.7005012531328321,1.7512531328320802,3.5025062656641603
cumulative,66,32162,4788,Logistic Regression,42,C=1.0,0.7996734678828624,0.1404335388934472,0.3613199665831245,0.8312447786131997,1.614452798663325
cumulative,66,32162,4788,Random Forest,42,depth=10,0.8661908860514628,0.13002763030480827,0.49206349206349204,1.2295321637426901,2.4586466165413534
cumulative,66,32162,4788,XGBoost,42,depth=6,0.8476483957247364,0.12353601306676865,0.3657059314954052,0.8819966583124478,1.7424812030075187
cumulative,66,32162,4788,LightGBM,42,leaves=31,0.8682659080178751,0.11216093395743067,0.3262322472848789,0.7842522974101922,1.5476190476190477
cumulative,66,32162,4788,Dummy,7,const,0.35025062656641603,0.35025062656641603,0.7005012531328321,1.7512531328320802,3.5025062656641603
cumulative,66,32162,4788,Logistic Regression,7,C=1.0,0.7996734678828624,0.1404335388934472,0.3613199665831245,0.8312447786131997,1.614452798663325
cumulative,66,32162,4788,Random Forest,7,depth=10,0.8615300868199779,0.13374380041861564,0.5129490392648287,1.282372598162072,2.564745196324144
cumulative,66,32162,4788,XGBoost,7,depth=6,0.8476483957247364,0.12353601306676865,0.3657059314954052,0.8819966583124478,1.7424812030075187
cumulative,66,32162,4788,LightGBM,7,leaves=31,0.8682659080178751,0.11216093395743067,0.3262322472848789,0.7842522974101922,1.5476190476190477
cumulative,66,32162,4788,Dummy,123,const,0.35025062656641603,0.35025062656641603,0.7005012531328321,1.7512531328320802,3.5025062656641603
cumulative,66,32162,4788,Logistic Regression,123,C=1.0,0.7996734678828624,0.1404335388934472,0.3613199665831245,0.8312447786131997,1.614452798663325
cumulative,66,32162,4788,Random Forest,123,depth=10,0.8609128137466103,0.13170943221929846,0.4906015037593985,1.2261904761904763,2.452172096908939
cumulative,66,32162,4788,XGBoost,123,depth=6,0.8476483957247364,0.12353601306676865,0.3657059314954052,0.8819966583124478,1.7424812030075187
cumulative,66,32162,4788,LightGBM,123,leaves=31,0.8682659080178751,0.11216093395743067,0.3262322472848789,0.7842522974101922,1.5476190476190477
cumulative,67,33165,5222,Dummy,42,const,0.38318651857525854,0.38318651857525854,0.7663730371505171,1.9159325928762927,3.8318651857525854
cumulative,67,33165,5222,Logistic Regression,42,C=0.1,0.8329889875201741,0.13936590503548743,0.375526618153964,0.8701646878590579,1.694561470700881
cumulative,67,33165,5222,Random Forest,42,depth=10,0.8856665062336879,0.13044698490309428,0.44887016468785906,1.1216009191880505,2.2428188433550362
cumulative,67,33165,5222,XGBoost,42,depth=9,0.8743234855865473,0.12749230861663818,0.3400995787054768,0.8152049023362696,1.607047108387591
cumulative,67,33165,5222,LightGBM,42,leaves=15,0.8929142406615665,0.11251841594158855,0.383952508617388,0.9348908464189966,1.8531214094216775
cumulative,67,33165,5222,Dummy,7,const,0.38318651857525854,0.38318651857525854,0.7663730371505171,1.9159325928762927,3.8318651857525854
cumulative,67,33165,5222,Logistic Regression,7,C=0.1,0.8329889875201741,0.13936590503548743,0.375526618153964,0.8701646878590579,1.694561470700881
cumulative,67,33165,5222,Random Forest,7,depth=10,0.881733985532682,0.13648149018262296,0.5404059747223287,1.3510149368058215,2.702029873611643
cumulative,67,33165,5222,XGBoost,7,depth=9,0.8743234855865473,0.12749230861663818,0.3400995787054768,0.8152049023362696,1.607047108387591
cumulative,67,33165,5222,LightGBM,7,leaves=15,0.8929142406615665,0.11251841594158855,0.383952508617388,0.9348908464189966,1.8531214094216775
cumulative,67,33165,5222,Dummy,123,const,0.38318651857525854,0.38318651857525854,0.7663730371505171,1.9159325928762927,3.8318651857525854
cumulative,67,33165,5222,Logistic Regression,123,C=0.1,0.8329889875201741,0.13936590503548743,0.375526618153964,0.8701646878590579,1.694561470700881
cumulative,67,33165,5222,Random Forest,123,depth=10,0.8754717299450101,0.1363750147902255,0.5206817311374952,1.3008425890463424,2.6011106855610877
cumulative,67,33165,5222,XGBoost,123,depth=9,0.8743234855865473,0.12749230861663818,0.3400995787054768,0.8152049023362696,1.607047108387591
cumulative,67,33165,5222,LightGBM,123,leaves=15,0.8929142406615665,0.11251841594158855,0.383952508617388,0.9348908464189966,1.8531214094216775
cumulative,68,34435,5081,Dummy,42,const,0.38417634323951977,0.38417634323951977,0.7683526864790395,1.9208817161975988,3.8417634323951977
cumulative,68,34435,5081,Logistic Regression,42,C=0.1,0.843286094735417,0.13433124490310644,0.36666010627829165,0.8514072033064357,1.659319031686676
cumulative,68,34435,5081,Random Forest,42,depth=20,0.9001518249025636,0.11787364280154118,0.45994882897067507,1.1430820704585711,2.281637472938398
cumulative,68,34435,5081,XGBoost,42,depth=6,0.8795499593769708,0.12076234817504883,0.3497343042708128,0.8433379256051958,1.6660106278291675
cumulative,68,34435,5081,LightGBM,42,leaves=15,0.894118611044797,0.11080393694710908,0.3495374926195631,0.8460932887226924,1.673686282227908
cumulative,68,34435,5081,Dummy,7,const,0.38417634323951977,0.38417634323951977,0.7683526864790395,1.9208817161975988,3.8417634323951977
cumulative,68,34435,5081,Logistic Regression,7,C=0.1,0.843286094735417,0.13433124490310644,0.36666010627829165,0.8514072033064357,1.659319031686676
cumulative,68,34435,5081,Random Forest,7,depth=20,0.9016753806309228,0.11814313771244327,0.45601259594568,1.1356032277110806,2.2682542806534145
cumulative,68,34435,5081,XGBoost,7,depth=6,0.8795499593769708,0.12076234817504883,0.3497343042708128,0.8433379256051958,1.6660106278291675
cumulative,68,34435,5081,LightGBM,7,leaves=15,0.894118611044797,0.11080393694710908,0.3495374926195631,0.8460932887226924,1.673686282227908
cumulative,68,34435,5081,Dummy,123,const,0.38417634323951977,0.38417634323951977,0.7683526864790395,1.9208817161975988,3.8417634323951977
cumulative,68,34435,5081,Logistic Regression,123,C=0.1,0.843286094735417,0.13433124490310644,0.36666010627829165,0.8514072033064357,1.659319031686676
cumulative,68,34435,5081,Random Forest,123,depth=20,0.901855023458119,0.11776031078503446,0.44026766384569965,1.094469592599882,2.184806140523519
cumulative,68,34435,5081,XGBoost,123,depth=6,0.8795499593769708,0.12076234817504883,0.3497343042708128,0.8433379256051958,1.6660106278291675
cumulative,68,34435,5081,LightGBM,123,leaves=15,0.894118611044797,0.11080393694710908,0.3495374926195631,0.8460932887226924,1.673686282227908
cumulative,69,35611,5168,Dummy,42,const,0.3811919504643963,0.3811919504643963,0.7623839009287926,1.9059597523219813,3.8119195046439627
cumulative,69,35611,5168,Logistic Regression,42,C=0.1,0.8515712213178471,0.12700497440498046,0.32972136222910214,0.7616099071207431,1.4814241486068112
cumulative,69,35611,5168,Random Forest,42,depth=10,0.8996048541468129,0.12589424235446153,0.49903250773993807,1.2467105263157894,2.492840557275542
cumulative,69,35611,5168,XGBoost,42,depth=3,0.8888503621025741,0.10924822837114334,0.3492647058823529,0.8316563467492261,1.6356424148606812
cumulative,69,35611,5168,LightGBM,42,leaves=15,0.9032552562225143,0.10273673603035093,0.30669504643962847,0.7287151702786377,1.4320820433436532
cumulative,69,35611,5168,Dummy,7,const,0.3811919504643963,0.3811919504643963,0.7623839009287926,1.9059597523219813,3.8119195046439627
cumulative,69,35611,5168,Logistic Regression,7,C=0.1,0.8515712213178471,0.12700497440498046,0.32972136222910214,0.7616099071207431,1.4814241486068112
cumulative,69,35611,5168,Random Forest,7,depth=10,0.9015183249330292,0.12526732348140945,0.5046439628482973,1.261609907120743,2.523219814241486
cumulative,69,35611,5168,XGBoost,7,depth=3,0.8888503621025741,0.10924822837114334,0.3492647058823529,0.8316563467492261,1.6356424148606812
cumulative,69,35611,5168,LightGBM,7,leaves=15,0.9032552562225143,0.10273673603035093,0.30669504643962847,0.7287151702786377,1.4320820433436532
cumulative,69,35611,5168,Dummy,123,const,0.3811919504643963,0.3811919504643963,0.7623839009287926,1.9059597523219813,3.8119195046439627
cumulative,69,35611,5168,Logistic Regression,123,C=0.1,0.8515712213178471,0.12700497440498046,0.32972136222910214,0.7616099071207431,1.4814241486068112
cumulative,69,35611,5168,Random Forest,123,depth=None,0.895489336384659,0.11730690442670365,0.48626160990712075,1.203173374613003,2.398026315789474
cumulative,69,35611,5168,XGBoost,123,depth=3,0.8888503621025741,0.10924822837114334,0.3492647058823529,0.8316563467492261,1.6356424148606812
cumulative,69,35611,5168,LightGBM,123,leaves=15,0.9032552562225143,0.10273673603035093,0.30669504643962847,0.7287151702786377,1.4320820433436532
cumulative,70,36950,5281,Dummy,42,const,0.3754970649498201,0.3754970649498201,0.7509941298996402,1.8774853247491006,3.754970649498201
cumulative,70,36950,5281,Logistic Regression,42,C=0.1,0.8381767126092058,0.13362781041053637,0.3518273054345768,0.801174020071956,1.550085211134255
cumulative,70,36950,5281,Random Forest,42,depth=20,0.8945754236092256,0.11326859187254347,0.3957583790948684,0.975194092028025,1.9409202802499526
cumulative,70,36950,5281,XGBoost,42,depth=3,0.8862624947539557,0.11032766103744507,0.3556144669570157,0.8560878621473206,1.6902101874644953
cumulative,70,36950,5281,LightGBM,42,leaves=31,0.8876993151763835,0.10945993473231745,0.31187275137284604,0.7367922741904942,1.4449914788865745
cumulative,70,36950,5281,Dummy,7,const,0.3754970649498201,0.3754970649498201,0.7509941298996402,1.8774853247491006,3.754970649498201
cumulative,70,36950,5281,Logistic Regression,7,C=0.1,0.8381767126092058,0.13362781041053637,0.3518273054345768,0.801174020071956,1.550085211134255
cumulative,70,36950,5281,Random Forest,7,depth=None,0.8893443874248188,0.11463325403008384,0.41242188979359967,1.0151486460897556,2.0196932399166823
cumulative,70,36950,5281,XGBoost,7,depth=3,0.8862624947539557,0.11032766103744507,0.3556144669570157,0.8560878621473206,1.6902101874644953
cumulative,70,36950,5281,LightGBM,7,leaves=31,0.8876993151763835,0.10945993473231745,0.31187275137284604,0.7367922741904942,1.4449914788865745
cumulative,70,36950,5281,Dummy,123,const,0.3754970649498201,0.3754970649498201,0.7509941298996402,1.8774853247491006,3.754970649498201
cumulative,70,36950,5281,Logistic Regression,123,C=0.1,0.8381767126092058,0.13362781041053637,0.3518273054345768,0.801174020071956,1.550085211134255
cumulative,70,36950,5281,Random Forest,123,depth=20,0.8917001803708597,0.11410543173562067,0.3881840560499905,0.953985987502367,1.896989206589661
cumulative,70,36950,5281,XGBoost,123,depth=3,0.8862624947539557,0.11032766103744507,0.3556144669570157,0.8560878621473206,1.6902101874644953
cumulative,70,36950,5281,LightGBM,123,leaves=31,0.8876993151763835,0.10945993473231745,0.31187275137284604,0.7367922741904942,1.4449914788865745
cumulative,71,38387,4904,Dummy,42,const,0.35053017944535075,0.35053017944535075,0.7010603588907015,1.7526508972267536,3.505301794453507
cumulative,71,38387,4904,Logistic Regression,42,C=0.1,0.8090764068767591,0.13813239214032955,0.33442088091353994,0.7504078303425775,1.4437194127243067
cumulative,71,38387,4904,Random Forest,42,depth=20,0.8819804567145849,0.10756339506057656,0.37112561174551384,0.9045676998368679,1.7936378466557912
cumulative,71,38387,4904,XGBoost,42,depth=3,0.8549327392566671,0.11484638601541519,0.32504078303425776,0.766721044045677,1.5028548123980423
cumulative,71,38387,4904,LightGBM,42,leaves=31,0.8909916119952913,0.0993038666592955,0.2699836867862969,0.6241843393148451,1.2145187601957586
cumulative,71,38387,4904,Dummy,7,const,0.35053017944535075,0.35053017944535075,0.7010603588907015,1.7526508972267536,3.505301794453507
cumulative,71,38387,4904,Logistic Regression,7,C=0.1,0.8090764068767591,0.13813239214032955,0.33442088091353994,0.7504078303425775,1.4437194127243067
cumulative,71,38387,4904,Random Forest,7,depth=20,0.8873899972850285,0.10722591641055965,0.35195758564437196,0.8627650897226754,1.7141109298531811
cumulative,71,38387,4904,XGBoost,7,depth=3,0.8549327392566671,0.11484638601541519,0.32504078303425776,0.766721044045677,1.5028548123980423
cumulative,71,38387,4904,LightGBM,7,leaves=31,0.8909916119952913,0.0993038666592955,0.2699836867862969,0.6241843393148451,1.2145187601957586
cumulative,71,38387,4904,Dummy,123,const,0.35053017944535075,0.35053017944535075,0.7010603588907015,1.7526508972267536,3.505301794453507
cumulative,71,38387,4904,Logistic Regression,123,C=0.1,0.8090764068767591,0.13813239214032955,0.33442088091353994,0.7504078303425775,1.4437194127243067
cumulative,71,38387,4904,Random Forest,123,depth=20,0.8877911855783142,0.10745160788993569,0.3509380097879282,0.8629690048939641,1.7163539967373573
cumulative,71,38387,4904,XGBoost,123,depth=3,0.8549327392566671,0.11484638601541519,0.32504078303425776,0.766721044045677,1.5028548123980423
cumulative,71,38387,4904,LightGBM,123,leaves=31,0.8909916119952913,0.0993038666592955,0.2699836867862969,0.6241843393148451,1.2145187601957586
cumulative,72,39516,5092,Dummy,42,const,0.36213668499607227,0.36213668499607227,0.7242733699921445,1.8106834249803614,3.621366849960723
cumulative,72,39516,5092,Logistic Regression,42,C=0.1,0.8113716200836691,0.13905830900549923,0.3642969363707777,0.8267871170463472,1.597604084838963
cumulative,72,39516,5092,Random Forest,42,depth=20,0.8941298078480808,0.10769229596986453,0.3629222309505106,0.8902199528672428,1.7690494893951296
cumulative,72,39516,5092,XGBoost,42,depth=3,0.8885775202686109,0.10449888557195663,0.3065593087195601,0.7313432835820896,1.4393165750196386
cumulative,72,39516,5092,LightGBM,42,leaves=15,0.8944576828477513,0.1013932545843953,0.26394344069128045,0.6215632364493323,1.2175962293794187
cumulative,72,39516,5092,Dummy,7,const,0.36213668499607227,0.36213668499607227,0.7242733699921445,1.8106834249803614,3.621366849960723
cumulative,72,39516,5092,Logistic Regression,7,C=0.1,0.8113716200836691,0.13905830900549923,0.3642969363707777,0.8267871170463472,1.597604084838963
cumulative,72,39516,5092,Random Forest,7,depth=20,0.8917795444338117,0.10979203357590225,0.37490180675569523,0.9198743126472899,1.8281618224666143
cumulative,72,39516,5092,XGBoost,7,depth=3,0.8885775202686109,0.10449888557195663,0.3065593087195601,0.7313432835820896,1.4393165750196386
cumulative,72,39516,5092,LightGBM,7,leaves=15,0.8944576828477513,0.1013932545843953,0.26394344069128045,0.6215632364493323,1.2175962293794187
cumulative,72,39516,5092,Dummy,123,const,0.36213668499607227,0.36213668499607227,0.7242733699921445,1.8106834249803614,3.621366849960723
cumulative,72,39516,5092,Logistic Regression,123,C=0.1,0.8113716200836691,0.13905830900549923,0.3642969363707777,0.8267871170463472,1.597604084838963
cumulative,72,39516,5092,Random Forest,123,depth=20,0.8910679240849312,0.10831363054399107,0.3605655930871956,0.8713668499607227,1.722702278083268
cumulative,72,39516,5092,XGBoost,123,depth=3,0.8885775202686109,0.10449888557195663,0.3065593087195601,0.7313432835820896,1.4393165750196386
cumulative,72,39516,5092,LightGBM,123,leaves=15,0.8944576828477513,0.1013932545843953,0.26394344069128045,0.6215632364493323,1.2175962293794187
cumulative,73,40779,5032,Dummy,42,const,0.36466613672496023,0.36466613672496023,0.7293322734499205,1.8233306836248013,3.6466613672496027
cumulative,73,40779,5032,Logistic Regression,42,C=0.1,0.8177892797258446,0.134209137766171,0.38076311605723373,0.8726152623211447,1.692368839427663
cumulative,73,40779,5032,Random Forest,42,depth=10,0.8718623308107722,0.1271256920097842,0.4813195548489666,1.1997217806041336,2.3970588235294117
cumulative,73,40779,5032,XGBoost,42,depth=3,0.8873256263161982,0.10569504648447037,0.31498410174880764,0.7525834658187599,1.4819157392686804
cumulative,73,40779,5032,LightGBM,42,leaves=15,0.886051575839541,0.1102080311590268,0.33068362480127184,0.793918918918919,1.5659777424483308
cumulative,73,40779,5032,Dummy,7,const,0.36466613672496023,0.36466613672496023,0.7293322734499205,1.8233306836248013,3.6466613672496027
cumulative,73,40779,5032,Logistic Regression,7,C=0.1,0.8177892797258446,0.134209137766171,0.38076311605723373,0.8726152623211447,1.692368839427663
cumulative,73,40779,5032,Random Forest,7,depth=10,0.874499389670206,0.1261670578527431,0.47217806041335453,1.1762718600953894,2.3497615262321143
cumulative,73,40779,5032,XGBoost,7,depth=3,0.8873256263161982,0.10569504648447037,0.31498410174880764,0.7525834658187599,1.4819157392686804
cumulative,73,40779,5032,LightGBM,7,leaves=15,0.886051575839541,0.1102080311590268,0.33068362480127184,0.793918918918919,1.5659777424483308
cumulative,73,40779,5032,Dummy,123,const,0.36466613672496023,0.36466613672496023,0.7293322734499205,1.8233306836248013,3.6466613672496027
cumulative,73,40779,5032,Logistic Regression,123,C=0.1,0.8177892797258446,0.134209137766171,0.38076311605723373,0.8726152623211447,1.692368839427663
cumulative,73,40779,5032,Random Forest,123,depth=10,0.8729873400069248,0.1277529415552768,0.48012718600953896,1.1973370429252783,2.39268680445151
cumulative,73,40779,5032,XGBoost,123,depth=3,0.8873256263161982,0.10569504648447037,0.31498410174880764,0.7525834658187599,1.4819157392686804
cumulative,73,40779,5032,LightGBM,123,leaves=15,0.886051575839541,0.1102080311590268,0.33068362480127184,0.793918918918919,1.5659777424483308
cumulative,74,42231,5048,Dummy,42,const,0.40570522979397783,0.40570522979397783,0.8114104595879557,2.028526148969889,4.057052297939778
cumulative,74,42231,5048,Logistic Regression,42,C=0.1,0.8664419474239066,0.12287748360371063,0.3444928684627575,0.7919968304278923,1.5378367670364501
cumulative,74,42231,5048,Random Forest,42,depth=10,0.9161019828583934,0.12231923267136147,0.5085182250396196,1.269215530903328,2.5370443740095086
cumulative,74,42231,5048,XGBoost,42,depth=3,0.9268174025519325,0.09552036970853806,0.28486529318542,0.6824484944532488,1.3450871632329635
cumulative,74,42231,5048,LightGBM,42,leaves=15,0.9229560205249734,0.09921278428952673,0.2759508716323296,0.6521394611727417,1.2791204437400951
cumulative,74,42231,5048,Dummy,7,const,0.40570522979397783,0.40570522979397783,0.8114104595879557,2.028526148969889,4.057052297939778
cumulative,74,42231,5048,Logistic Regression,7,C=0.1,0.8664419474239066,0.12287748360371063,0.3444928684627575,0.7919968304278923,1.5378367670364501
cumulative,74,42231,5048,Random Forest,7,depth=10,0.9225840659013806,0.11902150466307485,0.5023771790808241,1.252377179080824,2.502377179080824
cumulative,74,42231,5048,XGBoost,7,depth=3,0.9268174025519325,0.09552036970853806,0.28486529318542,0.6824484944532488,1.3450871632329635
cumulative,74,42231,5048,LightGBM,7,leaves=15,0.9229560205249734,0.09921278428952673,0.2759508716323296,0.6521394611727417,1.2791204437400951
cumulative,74,42231,5048,Dummy,123,const,0.40570522979397783,0.40570522979397783,0.8114104595879557,2.028526148969889,4.057052297939778
cumulative,74,42231,5048,Logistic Regression,123,C=0.1,0.8664419474239066,0.12287748360371063,0.3444928684627575,0.7919968304278923,1.5378367670364501
cumulative,74,42231,5048,Random Forest,123,depth=10,0.9176807169952786,0.12247988322099113,0.5055467511885895,1.2614896988906497,2.5213946117274166
cumulative,74,42231,5048,XGBoost,123,depth=3,0.9268174025519325,0.09552036970853806,0.28486529318542,0.6824484944532488,1.3450871632329635
cumulative,74,42231,5048,LightGBM,123,leaves=15,0.9229560205249734,0.09921278428952673,0.2759508716323296,0.6521394611727417,1.2791204437400951
cumulative,75,43291,5047,Dummy,42,const,0.397463839904894,0.397463839904894,0.794927679809788,1.98731919952447,3.97463839904894
cumulative,75,43291,5047,Logistic Regression,42,C=0.1,0.8832466818982823,0.11520819079760715,0.3394095502278581,0.7965127798692292,1.558351495938181
cumulative,75,43291,5047,Random Forest,42,depth=20,0.9286588949131234,0.1091639445743159,0.4254012284525461,1.0572617396473152,2.110362591638597
cumulative,75,43291,5047,XGBoost,42,depth=3,0.9258035902416173,0.09598056972026825,0.32791757479690903,0.7921537547057658,1.565880721220527
cumulative,75,43291,5047,LightGBM,42,leaves=15,0.9264683950554974,0.09616312621474077,0.2894788983554587,0.6918961759461066,1.3625916385971863
cumulative,75,43291,5047,Dummy,7,const,0.397463839904894,0.397463839904894,0.794927679809788,1.98731919952447,3.97463839904894
cumulative,75,43291,5047,Logistic Regression,7,C=0.1,0.8832466818982823,0.11520819079760715,0.3394095502278581,0.7965127798692292,1.558351495938181
cumulative,75,43291,5047,Random Forest,7,depth=20,0.9271574785430811,0.11037900606398582,0.44501684168813155,1.1071923915197146,2.2108183079056865
cumulative,75,43291,5047,XGBoost,7,depth=3,0.9258035902416173,0.09598056972026825,0.32791757479690903,0.7921537547057658,1.565880721220527
cumulative,75,43291,5047,LightGBM,7,leaves=15,0.9264683950554974,0.09616312621474077,0.2894788983554587,0.6918961759461066,1.3625916385971863
cumulative,75,43291,5047,Dummy,123,const,0.397463839904894,0.397463839904894,0.794927679809788,1.98731919952447,3.97463839904894
cumulative,75,43291,5047,Logistic Regression,123,C=0.1,0.8832466818982823,0.11520819079760715,0.3394095502278581,0.7965127798692292,1.558351495938181
cumulative,75,43291,5047,Random Forest,123,depth=20,0.9332250047787287,0.10686892828908458,0.40855954032098274,1.0160491381018426,2.0285318010699425
cumulative,75,43291,5047,XGBoost,123,depth=3,0.9258035902416173,0.09598056972026825,0.32791757479690903,0.7921537547057658,1.565880721220527
cumulative,75,43291,5047,LightGBM,123,leaves=15,0.9264683950554974,0.09616312621474077,0.2894788983554587,0.6918961759461066,1.3625916385971863
cumulative,76,44608,4856,Dummy,42,const,0.39682866556836904,0.39682866556836904,0.7936573311367381,1.9841433278418452,3.9682866556836904
cumulative,76,44608,4856,Logistic Regression,42,C=0.1,0.8686953248176772,0.12368782785340073,0.3408154859967051,0.7868616144975288,1.5302718286655683
cumulative,76,44608,4856,Random Forest,42,depth=20,0.9217590660659783,0.10839763346432796,0.45799011532125206,1.134472817133443,2.2619439868204285
cumulative,76,44608,4856,XGBoost,42,depth=3,0.9044012312729519,0.10285435616970062,0.37191103789126856,0.8883855024711697,1.7491762767710048
cumulative,76,44608,4856,LightGBM,42,leaves=15,0.9206401566531767,0.09535225002460723,0.2800658978583196,0.6618616144975288,1.2981878088962109
cumulative,76,44608,4856,Dummy,7,const,0.39682866556836904,0.39682866556836904,0.7936573311367381,1.9841433278418452,3.9682866556836904
cumulative,76,44608,4856,Logistic Regression,7,C=0.1,0.8686953248176772,0.12368782785340073,0.3408154859967051,0.7868616144975288,1.5302718286655683
cumulative,76,44608,4856,Random Forest,7,depth=20,0.9198086751831069,0.11072683331035046,0.4063014827018122,1.0061779242174629,2.0059719934102143
cumulative,76,44608,4856,XGBoost,7,depth=3,0.9044012312729519,0.10285435616970062,0.37191103789126856,0.8883855024711697,1.7491762767710048
cumulative,76,44608,4856,LightGBM,7,leaves=15,0.9206401566531767,0.09535225002460723,0.2800658978583196,0.6618616144975288,1.2981878088962109
cumulative,76,44608,4856,Dummy,123,const,0.39682866556836904,0.39682866556836904,0.7936573311367381,1.9841433278418452,3.9682866556836904
cumulative,76,44608,4856,Logistic Regression,123,C=0.1,0.8686953248176772,0.12368782785340073,0.3408154859967051,0.7868616144975288,1.5302718286655683
cumulative,76,44608,4856,Random Forest,123,depth=10,0.9114431813488509,0.12241717276423375,0.5053542009884678,1.259678747940692,2.5168863261943986
cumulative,76,44608,4856,XGBoost,123,depth=3,0.9044012312729519,0.10285435616970062,0.37191103789126856,0.8883855024711697,1.7491762767710048
cumulative,76,44608,4856,LightGBM,123,leaves=15,0.9206401566531767,0.09535225002460723,0.2800658978583196,0.6618616144975288,1.2981878088962109
cumulative,77,45811,4667,Dummy,42,const,0.39018641525605313,0.39018641525605313,0.7803728305121063,1.9509320762802658,3.9018641525605315
cumulative,77,45811,4667,Logistic Regression,42,C=0.1,0.8437274561004916,0.13636665964598038,0.3428326548103707,0.7670880651382044,1.474180415684594
cumulative,77,45811,4667,Random Forest,42,depth=20,0.9071543308221175,0.11172582657893844,0.3640454253267624,0.8975787443754017,1.7868009427898008
cumulative,77,45811,4667,XGBoost,42,depth=3,0.8967826376695021,0.10567739605903625,0.3124062566959503,0.7205913863295479,1.4008999357188772
cumulative,77,45811,4667,LightGBM,42,leaves=63,0.9179781844182707,0.09366802866780809,0.25776730233554745,0.6042425541032783,1.1817013070494964
cumulative,77,45811,4667,Dummy,7,const,0.39018641525605313,0.39018641525605313,0.7803728305121063,1.9509320762802658,3.9018641525605315
cumulative,77,45811,4667,Logistic Regression,7,C=0.1,0.8437274561004916,0.13636665964598038,0.3428326548103707,0.7670880651382044,1.474180415684594
cumulative,77,45811,4667,Random Forest,7,depth=10,0.8904789694597918,0.129688946851155,0.5307478037283051,1.3233340475680309,2.6443111206342405
cumulative,77,45811,4667,XGBoost,7,depth=3,0.8967826376695021,0.10567739605903625,0.3124062566959503,0.7205913863295479,1.4008999357188772
cumulative,77,45811,4667,LightGBM,7,leaves=63,0.9179781844182707,0.09366802866780809,0.25776730233554745,0.6042425541032783,1.1817013070494964
cumulative,77,45811,4667,Dummy,123,const,0.39018641525605313,0.39018641525605313,0.7803728305121063,1.9509320762802658,3.9018641525605315
cumulative,77,45811,4667,Logistic Regression,123,C=0.1,0.8437274561004916,0.13636665964598038,0.3428326548103707,0.7670880651382044,1.474180415684594
cumulative,77,45811,4667,Random Forest,123,depth=20,0.9041138588447056,0.115235566604853,0.39811442039854295,0.9856438825798157,1.964859652881937
cumulative,77,45811,4667,XGBoost,123,depth=3,0.8967826376695021,0.10567739605903625,0.3124062566959503,0.7205913863295479,1.4008999357188772
cumulative,77,45811,4667,LightGBM,123,leaves=63,0.9179781844182707,0.09366802866780809,0.25776730233554745,0.6042425541032783,1.1817013070494964
cumulative,78,47279,4200,Dummy,42,const,0.33666666666666667,0.33666666666666667,0.6733333333333333,1.6833333333333333,3.3666666666666667
cumulative,78,47279,4200,Logistic Regression,42,C=0.1,0.7481531155016391,0.15571178780647593,0.39595238095238094,0.8795238095238095,1.6854761904761906
cumulative,78,47279,4200,Random Forest,42,depth=10,0.8011976452394729,0.13955492371108336,0.4930952380952381,1.2216666666666667,2.435952380952381
cumulative,78,47279,4200,XGBoost,42,depth=3,0.8028019296906894,0.12589114904403687,0.3680952380952381,0.8502380952380952,1.6538095238095238
cumulative,78,47279,4200,LightGBM,42,leaves=15,0.8413628457142242,0.11049769046898389,0.31166666666666665,0.7188095238095238,1.3973809523809524
cumulative,78,47279,4200,Dummy,7,const,0.33666666666666667,0.33666666666666667,0.6733333333333333,1.6833333333333333,3.3666666666666667
cumulative,78,47279,4200,Logistic Regression,7,C=0.1,0.7481531155016391,0.15571178780647593,0.39595238095238094,0.8795238095238095,1.6854761904761906
cumulative,78,47279,4200,Random Forest,7,depth=10,0.7958688679052074,0.1423449121461438,0.4928571428571429,1.2214285714285715,2.4357142857142855
cumulative,78,47279,4200,XGBoost,7,depth=3,0.8028019296906894,0.12589114904403687,0.3680952380952381,0.8502380952380952,1.6538095238095238
cumulative,78,47279,4200,LightGBM,7,leaves=15,0.8413628457142242,0.11049769046898389,0.31166666666666665,0.7188095238095238,1.3973809523809524
cumulative,78,47279,4200,Dummy,123,const,0.33666666666666667,0.33666666666666667,0.6733333333333333,1.6833333333333333,3.3666666666666667
cumulative,78,47279,4200,Logistic Regression,123,C=0.1,0.7481531155016391,0.15571178780647593,0.39595238095238094,0.8795238095238095,1.6854761904761906
cumulative,78,47279,4200,Random Forest,123,depth=10,0.7990655001120829,0.1407450664347307,0.5061904761904762,1.2583333333333333,2.511904761904762
cumulative,78,47279,4200,XGBoost,123,depth=3,0.8028019296906894,0.12589114904403687,0.3680952380952381,0.8502380952380952,1.6538095238095238
cumulative,78,47279,4200,LightGBM,123,leaves=15,0.8413628457142242,0.11049769046898389,0.31166666666666665,0.7188095238095238,1.3973809523809524
cumulative,79,48338,4247,Dummy,42,const,0.34024016953143393,0.34024016953143393,0.6804803390628679,1.7012008476571698,3.4024016953143397
cumulative,79,48338,4247,Logistic Regression,42,C=0.1,0.7271335699892271,0.1616757810944113,0.4250058865081234,0.9484341888391806,1.8208146927242759
cumulative,79,48338,4247,Random Forest,42,depth=10,0.7711324524953508,0.14881886691993565,0.52130915940664,1.2898516599952907,2.5707558276430422
cumulative,79,48338,4247,XGBoost,42,depth=9,0.8212962532688147,0.12538325786590576,0.29220626324464327,0.6609371320932423,1.2754885801742406
cumulative,79,48338,4247,LightGBM,42,leaves=15,0.8166358256850492,0.12278458866465966,0.3369437249823405,0.7657169766894278,1.4803390628679067
cumulative,79,48338,4247,Dummy,7,const,0.34024016953143393,0.34024016953143393,0.6804803390628679,1.7012008476571698,3.4024016953143397
cumulative,79,48338,4247,Logistic Regression,7,C=0.1,0.7271335699892271,0.1616757810944113,0.4250058865081234,0.9484341888391806,1.8208146927242759
cumulative,79,48338,4247,Random Forest,7,depth=10,0.7569482407886232,0.15618896038157012,0.5413232870261361,1.3437720744054626,2.6811867200376738
cumulative,79,48338,4247,XGBoost,7,depth=9,0.8212962532688147,0.12538325786590576,0.29220626324464327,0.6609371320932423,1.2754885801742406
cumulative,79,48338,4247,LightGBM,7,leaves=15,0.8166358256850492,0.12278458866465966,0.3369437249823405,0.7657169766894278,1.4803390628679067
cumulative,79,48338,4247,Dummy,123,const,0.34024016953143393,0.34024016953143393,0.6804803390628679,1.7012008476571698,3.4024016953143397
cumulative,79,48338,4247,Logistic Regression,123,C=0.1,0.7271335699892271,0.1616757810944113,0.4250058865081234,0.9484341888391806,1.8208146927242759
cumulative,79,48338,4247,Random Forest,123,depth=10,0.759875234655827,0.15228388071692303,0.5304921120791146,1.3131622321638803,2.6176124323051564
cumulative,79,48338,4247,XGBoost,123,depth=9,0.8212962532688147,0.12538325786590576,0.29220626324464327,0.6609371320932423,1.2754885801742406
cumulative,79,48338,4247,LightGBM,123,leaves=15,0.8166358256850492,0.12278458866465966,0.3369437249823405,0.7657169766894278,1.4803390628679067
cumulative,80,49464,4151,Dummy,42,const,0.3218501565887738,0.3218501565887738,0.6437003131775476,1.609250782943869,3.218501565887738
cumulative,80,49464,4151,Logistic Regression,42,C=0.1,0.7187368364121905,0.15544527530304308,0.40592628282341603,0.9118284750662491,1.754998795470971
cumulative,80,49464,4151,Random Forest,42,depth=20,0.8090391643600535,0.1287980096967165,0.4463984582028427,1.0990122861960974,2.1867019995181884
cumulative,80,49464,4151,XGBoost,42,depth=9,0.8107097707126613,0.12259554117918015,0.2854733799084558,0.6446639364008673,1.2433148638882197
cumulative,80,49464,4151,LightGBM,42,leaves=15,0.8017270307097744,0.12177694003846169,0.3452180197542761,0.8019754276078054,1.563237774030354
cumulative,80,49464,4151,Dummy,7,const,0.3218501565887738,0.3218501565887738,0.6437003131775476,1.609250782943869,3.218501565887738
cumulative,80,49464,4151,Logistic Regression,7,C=0.1,0.7187368364121905,0.15544527530304308,0.40592628282341603,0.9118284750662491,1.754998795470971
cumulative,80,49464,4151,Random Forest,7,depth=20,0.8139641629979262,0.1265420590397086,0.4317032040472175,1.06046735726331,2.108407612623464
cumulative,80,49464,4151,XGBoost,7,depth=9,0.8107097707126613,0.12259554117918015,0.2854733799084558,0.6446639364008673,1.2433148638882197
cumulative,80,49464,4151,LightGBM,7,leaves=15,0.8017270307097744,0.12177694003846169,0.3452180197542761,0.8019754276078054,1.563237774030354
cumulative,80,49464,4151,Dummy,123,const,0.3218501565887738,0.3218501565887738,0.6437003131775476,1.609250782943869,3.218501565887738
cumulative,80,49464,4151,Logistic Regression,123,C=0.1,0.7187368364121905,0.15544527530304308,0.40592628282341603,0.9118284750662491,1.754998795470971
cumulative,80,49464,4151,Random Forest,123,depth=10,0.7689930218808565,0.14263266766811394,0.5071067212719826,1.2551192483738858,2.5018067935437243
cumulative,80,49464,4151,XGBoost,123,depth=9,0.8107097707126613,0.12259554117918015,0.2854733799084558,0.6446639364008673,1.2433148638882197
cumulative,80,49464,4151,LightGBM,123,leaves=15,0.8017270307097744,0.12177694003846169,0.3452180197542761,0.8019754276078054,1.563237774030354
cumulative,81,50478,4236,Dummy,42,const,0.32082152974504247,0.32082152974504247,0.6416430594900849,1.6041076487252124,3.2082152974504248
cumulative,81,50478,4236,Logistic Regression,42,C=0.1,0.7258379273044231,0.15196567198372188,0.3970727101038716,0.897780925401322,1.7322946175637395
cumulative,81,50478,4236,Random Forest,42,depth=10,0.7664942640128624,0.14397653912751537,0.5134560906515581,1.273371104815864,2.539896128423041
cumulative,81,50478,4236,XGBoost,42,depth=3,0.7791840008188863,0.1316181868314743,0.3947119924457035,0.9329556185080264,1.8300283286118981
cumulative,81,50478,4236,LightGBM,42,leaves=31,0.814500563647836,0.11587215174466116,0.28517469310670446,0.6449480642115203,1.2445703493862135
cumulative,81,50478,4236,Dummy,7,const,0.32082152974504247,0.32082152974504247,0.6416430594900849,1.6041076487252124,3.2082152974504248
cumulative,81,50478,4236,Logistic Regression,7,C=0.1,0.7258379273044231,0.15196567198372188,0.3970727101038716,0.897780925401322,1.7322946175637395
cumulative,81,50478,4236,Random Forest,7,depth=20,0.8023176312483884,0.13146723344998093,0.4688385269121813,1.1558073654390935,2.300755429650614
cumulative,81,50478,4236,XGBoost,7,depth=3,0.7791840008188863,0.1316181868314743,0.3947119924457035,0.9329556185080264,1.8300283286118981
cumulative,81,50478,4236,LightGBM,7,leaves=31,0.814500563647836,0.11587215174466116,0.28517469310670446,0.6449480642115203,1.2445703493862135
cumulative,81,50478,4236,Dummy,123,const,0.32082152974504247,0.32082152974504247,0.6416430594900849,1.6041076487252124,3.2082152974504248
cumulative,81,50478,4236,Logistic Regression,123,C=0.1,0.7258379273044231,0.15196567198372188,0.3970727101038716,0.897780925401322,1.7322946175637395
cumulative,81,50478,4236,Random Forest,123,depth=10,0.7651296989606404,0.1433878337803372,0.5292728989612843,1.3146836638338055,2.6237016052880073
cumulative,81,50478,4236,XGBoost,123,depth=3,0.7791840008188863,0.1316181868314743,0.3947119924457035,0.9329556185080264,1.8300283286118981
cumulative,81,50478,4236,LightGBM,123,leaves=31,0.814500563647836,0.11587215174466116,0.28517469310670446,0.6449480642115203,1.2445703493862135
cumulative,82,51479,4420,Dummy,42,const,0.33665158371040727,0.33665158371040727,0.6733031674208145,1.6832579185520362,3.3665158371040724
cumulative,82,51479,4420,Logistic Regression,42,C=0.1,0.7467795073192695,0.1524968679894118,0.4122171945701357,0.9409502262443439,1.8221719457013574
cumulative,82,51479,4420,Random Forest,42,depth=20,0.8015378107814697,0.13994469781263796,0.47918552036199097,1.1830316742081448,2.356108597285068
cumulative,82,51479,4420,XGBoost,42,depth=3,0.8096475365321102,0.12689056992530823,0.34751131221719456,0.8002262443438914,1.5547511312217195
cumulative,82,51479,4420,LightGBM,42,leaves=31,0.8295577518271549,0.12015762675204779,0.2850678733031674,0.6407239819004525,1.2334841628959277
cumulative,82,51479,4420,Dummy,7,const,0.33665158371040727,0.33665158371040727,0.6733031674208145,1.6832579185520362,3.3665158371040724
cumulative,82,51479,4420,Logistic Regression,7,C=0.1,0.7467795073192695,0.1524968679894118,0.4122171945701357,0.9409502262443439,1.8221719457013574
cumulative,82,51479,4420,Random Forest,7,depth=20,0.8104560615415886,0.13593732199413977,0.4809954751131222,1.191628959276018,2.3760180995475113
cumulative,82,51479,4420,XGBoost,7,depth=3,0.8096475365321102,0.12689056992530823,0.34751131221719456,0.8002262443438914,1.5547511312217195
cumulative,82,51479,4420,LightGBM,7,leaves=31,0.8295577518271549,0.12015762675204779,0.2850678733031674,0.6407239819004525,1.2334841628959277
cumulative,82,51479,4420,Dummy,123,const,0.33665158371040727,0.33665158371040727,0.6733031674208145,1.6832579185520362,3.3665158371040724
cumulative,82,51479,4420,Logistic Regression,123,C=0.1,0.7467795073192695,0.1524968679894118,0.4122171945701357,0.9409502262443439,1.8221719457013574
cumulative,82,51479,4420,Random Forest,123,depth=20,0.8123135679196147,0.13384567171600303,0.4635746606334842,1.1402714932126696,2.268099547511312
cumulative,82,51479,4420,XGBoost,123,depth=3,0.8096475365321102,0.12689056992530823,0.34751131221719456,0.8002262443438914,1.5547511312217195
cumulative,82,51479,4420,LightGBM,123,leaves=31,0.8295577518271549,0.12015762675204779,0.2850678733031674,0.6407239819004525,1.2334841628959277
cumulative,83,52585,4529,Dummy,42,const,0.35062927798631044,0.35062927798631044,0.7012585559726209,1.7531463899315523,3.5062927798631045
cumulative,83,52585,4529,Logistic Regression,42,C=0.1,0.7524770880084897,0.15505989391839436,0.4241554427025834,0.9772576727754472,1.8990947228968866
cumulative,83,52585,4529,Random Forest,42,depth=20,0.8017950510767059,0.14599526540111374,0.5301391035548686,1.3144181938617796,2.6215500110399645
cumulative,83,52585,4529,XGBoost,42,depth=9,0.8118809932197599,0.13921377062797546,0.3475380878781188,0.8026054316626187,1.5610510046367851
cumulative,83,52585,4529,LightGBM,42,leaves=63,0.8215288360406674,0.12880545675629845,0.3201589754912784,0.7315080591742107,1.417089865312431
cumulative,83,52585,4529,Dummy,7,const,0.35062927798631044,0.35062927798631044,0.7012585559726209,1.7531463899315523,3.5062927798631045
cumulative,83,52585,4529,Logistic Regression,7,C=0.1,0.7524770880084897,0.15505989391839436,0.4241554427025834,0.9772576727754472,1.8990947228968866
cumulative,83,52585,4529,Random Forest,7,depth=20,0.7991389309663126,0.1470349756407011,0.5310223007286377,1.317288584676529,2.627732391256348
cumulative,83,52585,4529,XGBoost,7,depth=9,0.8118809932197599,0.13921377062797546,0.3475380878781188,0.8026054316626187,1.5610510046367851
cumulative,83,52585,4529,LightGBM,7,leaves=63,0.8215288360406674,0.12880545675629845,0.3201589754912784,0.7315080591742107,1.417089865312431
cumulative,83,52585,4529,Dummy,123,const,0.35062927798631044,0.35062927798631044,0.7012585559726209,1.7531463899315523,3.5062927798631045
cumulative,83,52585,4529,Logistic Regression,123,C=0.1,0.7524770880084897,0.15505989391839436,0.4241554427025834,0.9772576727754472,1.8990947228968866
cumulative,83,52585,4529,Random Forest,123,depth=None,0.7881459043820465,0.15183299985953994,0.5341134908368294,1.3203797747847208,2.6308235813645395
cumulative,83,52585,4529,XGBoost,123,depth=9,0.8118809932197599,0.13921377062797546,0.3475380878781188,0.8026054316626187,1.5610510046367851
cumulative,83,52585,4529,LightGBM,123,leaves=63,0.8215288360406674,0.12880545675629845,0.3201589754912784,0.7315080591742107,1.417089865312431
cumulative,84,53615,4586,Dummy,42,const,0.3648059310946358,0.3648059310946358,0.7296118621892717,1.8240296554731792,3.6480593109463584
cumulative,84,53615,4586,Logistic Regression,42,C=0.1,0.7561955817285324,0.1585844062252043,0.4441779328390755,1.0303096380287833,2.0071958133449628
cumulative,84,53615,4586,Random Forest,42,depth=10,0.7747135895494,0.16886832267476404,0.6138246838203227,1.5329262974269515,3.0647623201046663
cumulative,84,53615,4586,XGBoost,42,depth=3,0.8132386609719943,0.13516966998577118,0.39031836022677713,0.9116877453118186,1.7806367204535543
cumulative,84,53615,4586,LightGBM,42,leaves=31,0.8220754170108092,0.13035587353900455,0.33013519406890535,0.75207152202355,1.455298735281291
cumulative,84,53615,4586,Dummy,7,const,0.3648059310946358,0.3648059310946358,0.7296118621892717,1.8240296554731792,3.6480593109463584
cumulative,84,53615,4586,Logistic Regression,7,C=0.1,0.7561955817285324,0.1585844062252043,0.4441779328390755,1.0303096380287833,2.0071958133449628
cumulative,84,53615,4586,Random Forest,7,depth=10,0.7724420318424017,0.16943602204342226,0.6046663759267336,1.5093763628434365,3.0172263410379414
cumulative,84,53615,4586,XGBoost,7,depth=3,0.8132386609719943,0.13516966998577118,0.39031836022677713,0.9116877453118186,1.7806367204535543
cumulative,84,53615,4586,LightGBM,7,leaves=31,0.8220754170108092,0.13035587353900455,0.33013519406890535,0.75207152202355,1.455298735281291
cumulative,84,53615,4586,Dummy,123,const,0.3648059310946358,0.3648059310946358,0.7296118621892717,1.8240296554731792,3.6480593109463584
cumulative,84,53615,4586,Logistic Regression,123,C=0.1,0.7561955817285324,0.1585844062252043,0.4441779328390755,1.0303096380287833,2.0071958133449628
cumulative,84,53615,4586,Random Forest,123,depth=20,0.7983269364089548,0.16053201605471273,0.5630178805058875,1.3996947230702137,2.794156127344091
cumulative,84,53615,4586,XGBoost,123,depth=3,0.8132386609719943,0.13516966998577118,0.39031836022677713,0.9116877453118186,1.7806367204535543
cumulative,84,53615,4586,LightGBM,123,leaves=31,0.8220754170108092,0.13035587353900455,0.33013519406890535,0.75207152202355,1.455298735281291
cumulative,85,54714,4623,Dummy,42,const,0.36577979666882976,0.36577979666882976,0.7315595933376595,1.828898983344149,3.657797966688298
cumulative,85,54714,4623,Logistic Regression,42,C=0.1,0.7602082854065201,0.15768782215673738,0.45489941596365996,1.0700843608046724,2.0953926022063594
cumulative,85,54714,4623,Random Forest,42,depth=10,0.8031218919668476,0.1554061447411919,0.6052346960847934,1.5117888816785636,3.0227125243348474
cumulative,85,54714,4623,XGBoost,42,depth=6,0.8207153792682444,0.1360340416431427,0.37226908933592906,0.8693489076357344,1.6978152714687433
cumulative,85,54714,4623,LightGBM,42,leaves=31,0.8341186124323056,0.12977528584240353,0.33592905040017307,0.7720095176292451,1.498810296344365
cumulative,85,54714,4623,Dummy,7,const,0.36577979666882976,0.36577979666882976,0.7315595933376595,1.828898983344149,3.657797966688298
cumulative,85,54714,4623,Logistic Regression,7,C=0.1,0.7602082854065201,0.15768782215673738,0.45489941596365996,1.0700843608046724,2.0953926022063594
cumulative,85,54714,4623,Random Forest,7,depth=10,0.7981032475368888,0.15853621794259196,0.5965823058619943,1.4895089768548562,2.9777200951762923
cumulative,85,54714,4623,XGBoost,7,depth=6,0.8207153792682444,0.1360340416431427,0.37226908933592906,0.8693489076357344,1.6978152714687433
cumulative,85,54714,4623,LightGBM,7,leaves=31,0.8341186124323056,0.12977528584240353,0.33592905040017307,0.7720095176292451,1.498810296344365
cumulative,85,54714,4623,Dummy,123,const,0.36577979666882976,0.36577979666882976,0.7315595933376595,1.828898983344149,3.657797966688298
cumulative,85,54714,4623,Logistic Regression,123,C=0.1,0.7602082854065201,0.15768782215673738,0.45489941596365996,1.0700843608046724,2.0953926022063594
cumulative,85,54714,4623,Random Forest,123,depth=10,0.7939739844752737,0.15841731806706238,0.600043261951114,1.498810296344365,2.99675535366645
cumulative,85,54714,4623,XGBoost,123,depth=6,0.8207153792682444,0.1360340416431427,0.37226908933592906,0.8693489076357344,1.6978152714687433
cumulative,85,54714,4623,LightGBM,123,leaves=31,0.8341186124323056,0.12977528584240353,0.33592905040017307,0.7720095176292451,1.498810296344365
cumulative,86,55899,4535,Dummy,42,const,0.375303197353914,0.375303197353914,0.750606394707828,1.87651598676957,3.75303197353914
cumulative,86,55899,4535,Logistic Regression,42,C=0.1,0.7966419417607835,0.1493425072154442,0.42359426681367146,1.0011025358324146,1.9636163175303198
cumulative,86,55899,4535,Random Forest,42,depth=20,0.843109942264248,0.13802519803953947,0.530760749724366,1.3192943770672547,2.6335170893054025
cumulative,86,55899,4535,XGBoost,42,depth=9,0.8492831142904291,0.1308436244726181,0.3173098125689085,0.7188533627342889,1.388092613009923
cumulative,86,55899,4535,LightGBM,42,leaves=31,0.859135413982059,0.12438974982634354,0.3089305402425579,0.6998897464167585,1.3514884233737596
cumulative,86,55899,4535,Dummy,7,const,0.375303197353914,0.375303197353914,0.750606394707828,1.87651598676957,3.75303197353914
cumulative,86,55899,4535,Logistic Regression,7,C=0.1,0.7966419417607835,0.1493425072154442,0.42359426681367146,1.0011025358324146,1.9636163175303198
cumulative,86,55899,4535,Random Forest,7,depth=20,0.8473781913890865,0.138062341964486,0.5289966923925028,1.3155457552370453,2.626460859977949
cumulative,86,55899,4535,XGBoost,7,depth=9,0.8492831142904291,0.1308436244726181,0.3173098125689085,0.7188533627342889,1.388092613009923
cumulative,86,55899,4535,LightGBM,7,leaves=31,0.859135413982059,0.12438974982634354,0.3089305402425579,0.6998897464167585,1.3514884233737596
cumulative,86,55899,4535,Dummy,123,const,0.375303197353914,0.375303197353914,0.750606394707828,1.87651598676957,3.75303197353914
cumulative,86,55899,4535,Logistic Regression,123,C=0.1,0.7966419417607835,0.1493425072154442,0.42359426681367146,1.0011025358324146,1.9636163175303198
cumulative,86,55899,4535,Random Forest,123,depth=10,0.8267936232906322,0.1536052305495441,0.5706725468577729,1.424696802646086,2.8480705622932745
cumulative,86,55899,4535,XGBoost,123,depth=9,0.8492831142904291,0.1308436244726181,0.3173098125689085,0.7188533627342889,1.388092613009923
cumulative,86,55899,4535,LightGBM,123,leaves=31,0.859135413982059,0.12438974982634354,0.3089305402425579,0.6998897464167585,1.3514884233737596
cumulative,87,57114,4610,Dummy,42,const,0.3657266811279826,0.3657266811279826,0.7314533622559652,1.8286334056399132,3.6572668112798263
cumulative,87,57114,4610,Logistic Regression,42,C=0.1,0.8129232628269246,0.1400846843591448,0.4071583514099783,0.9700650759219089,1.90824295010846
cumulative,87,57114,4610,Random Forest,42,depth=20,0.8472768112901986,0.13477574254891025,0.4913232104121475,1.2221258134490238,2.440130151843818
cumulative,87,57114,4610,XGBoost,42,depth=6,0.8584812321553172,0.1212019994854927,0.3143167028199566,0.7177874186550977,1.390238611713666
cumulative,87,57114,4610,LightGBM,42,leaves=31,0.8639825456518059,0.1190737531086436,0.3036876355748373,0.6817787418655098,1.3119305856832972
cumulative,87,57114,4610,Dummy,7,const,0.3657266811279826,0.3657266811279826,0.7314533622559652,1.8286334056399132,3.6572668112798263
cumulative,87,57114,4610,Logistic Regression,7,C=0.1,0.8129232628269246,0.1400846843591448,0.4071583514099783,0.9700650759219089,1.90824295010846
cumulative,87,57114,4610,Random Forest,7,depth=20,0.8476346393730276,0.1355397943021583,0.4822125813449024,1.1967462039045553,2.38763557483731
cumulative,87,57114,4610,XGBoost,7,depth=6,0.8584812321553172,0.1212019994854927,0.3143167028199566,0.7177874186550977,1.390238611713666
cumulative,87,57114,4610,LightGBM,7,leaves=31,0.8639825456518059,0.1190737531086436,0.3036876355748373,0.6817787418655098,1.3119305856832972
cumulative,87,57114,4610,Dummy,123,const,0.3657266811279826,0.3657266811279826,0.7314533622559652,1.8286334056399132,3.6572668112798263
cumulative,87,57114,4610,Logistic Regression,123,C=0.1,0.8129232628269246,0.1400846843591448,0.4071583514099783,0.9700650759219089,1.90824295010846
cumulative,87,57114,4610,Random Forest,123,depth=20,0.8473707511128152,0.13470823933250314,0.4830802603036876,1.1950108459869848,2.3815618221258132
cumulative,87,57114,4610,XGBoost,123,depth=6,0.8584812321553172,0.1212019994854927,0.3143167028199566,0.7177874186550977,1.390238611713666
cumulative,87,57114,4610,LightGBM,123,leaves=31,0.8639825456518059,0.1190737531086436,0.3036876355748373,0.6817787418655098,1.3119305856832972
cumulative,88,58201,4800,Dummy,42,const,0.36291666666666667,0.36291666666666667,0.7258333333333333,1.8145833333333334,3.629166666666667
cumulative,88,58201,4800,Logistic Regression,42,C=0.1,0.8297996159108911,0.13196896230463,0.3858333333333333,0.9239583333333333,1.8208333333333333
cumulative,88,58201,4800,Random Forest,42,depth=10,0.8698331604455383,0.12962195028486675,0.48020833333333335,1.1970833333333333,2.391875
cumulative,88,58201,4800,XGBoost,42,depth=6,0.872525701153704,0.11474157869815826,0.2891666666666667,0.6647916666666667,1.2908333333333333
cumulative,88,58201,4800,LightGBM,42,leaves=31,0.885044782663194,0.10983806725014134,0.30041666666666667,0.6991666666666667,1.36375
cumulative,88,58201,4800,Dummy,7,const,0.36291666666666667,0.36291666666666667,0.7258333333333333,1.8145833333333334,3.629166666666667
cumulative,88,58201,4800,Logistic Regression,7,C=0.1,0.8297996159108911,0.13196896230463,0.3858333333333333,0.9239583333333333,1.8208333333333333
cumulative,88,58201,4800,Random Forest,7,depth=10,0.8662897714550687,0.1339311144241714,0.4814583333333333,1.2002083333333333,2.398125
cumulative,88,58201,4800,XGBoost,7,depth=6,0.872525701153704,0.11474157869815826,0.2891666666666667,0.6647916666666667,1.2908333333333333
cumulative,88,58201,4800,LightGBM,7,leaves=31,0.885044782663194,0.10983806725014134,0.30041666666666667,0.6991666666666667,1.36375
cumulative,88,58201,4800,Dummy,123,const,0.36291666666666667,0.36291666666666667,0.7258333333333333,1.8145833333333334,3.629166666666667
cumulative,88,58201,4800,Logistic Regression,123,C=0.1,0.8297996159108911,0.13196896230463,0.3858333333333333,0.9239583333333333,1.8208333333333333
cumulative,88,58201,4800,Random Forest,123,depth=20,0.8692568771715624,0.13014566876008418,0.46020833333333333,1.1458333333333333,2.2885416666666667
cumulative,88,58201,4800,XGBoost,123,depth=6,0.872525701153704,0.11474157869815826,0.2891666666666667,0.6647916666666667,1.2908333333333333
cumulative,88,58201,4800,LightGBM,123,leaves=31,0.885044782663194,0.10983806725014134,0.30041666666666667,0.6991666666666667,1.36375
cumulative,89,59337,5033,Dummy,42,const,0.3828730379495331,0.3828730379495331,0.7657460758990662,1.9143651897476655,3.828730379495331
cumulative,89,59337,5033,Logistic Regression,42,C=0.1,0.838631654462196,0.133825587608841,0.3920127160739122,0.9314524140671567,1.8305185773892312
cumulative,89,59337,5033,Random Forest,42,depth=10,0.8808573683034234,0.1380734777391135,0.4937413073713491,1.2328631035167892,2.4647327637591894
cumulative,89,59337,5033,XGBoost,42,depth=3,0.884735387241312,0.11577260494232178,0.34730776872640573,0.8342936618319094,1.6459368170077489
cumulative,89,59337,5033,LightGBM,42,leaves=31,0.8960975330792331,0.11083669609299217,0.30260282137889927,0.718656864693026,1.4120802702165707
cumulative,89,59337,5033,Dummy,7,const,0.3828730379495331,0.3828730379495331,0.7657460758990662,1.9143651897476655,3.828730379495331
cumulative,89,59337,5033,Logistic Regression,7,C=0.1,0.838631654462196,0.133825587608841,0.3920127160739122,0.9314524140671567,1.8305185773892312
cumulative,89,59337,5033,Random Forest,7,depth=10,0.8795975973002715,0.13890417431439234,0.4945360619908603,1.2342539241009338,2.4671170276177232
cumulative,89,59337,5033,XGBoost,7,depth=3,0.884735387241312,0.11577260494232178,0.34730776872640573,0.8342936618319094,1.6459368170077489
cumulative,89,59337,5033,LightGBM,7,leaves=31,0.8960975330792331,0.11083669609299217,0.30260282137889927,0.718656864693026,1.4120802702165707
cumulative,89,59337,5033,Dummy,123,const,0.3828730379495331,0.3828730379495331,0.7657460758990662,1.9143651897476655,3.828730379495331
cumulative,89,59337,5033,Logistic Regression,123,C=0.1,0.838631654462196,0.133825587608841,0.3920127160739122,0.9314524140671567,1.8305185773892312
cumulative,89,59337,5033,Random Forest,123,depth=10,0.8869960181421312,0.13228003679807934,0.4830121200079475,1.2054440691436519,2.4094973177031593
cumulative,89,59337,5033,XGBoost,123,depth=3,0.884735387241312,0.11577260494232178,0.34730776872640573,0.8342936618319094,1.6459368170077489
cumulative,89,59337,5033,LightGBM,123,leaves=31,0.8960975330792331,0.11083669609299217,0.30260282137889927,0.718656864693026,1.4120802702165707
cumulative,90,60434,5234,Dummy,42,const,0.37351929690485286,0.37351929690485286,0.7470385938097057,1.8675964845242645,3.735192969048529
cumulative,90,60434,5234,Logistic Regression,42,C=0.1,0.8421509580308714,0.1289362269480735,0.38288116163546043,0.9130683989300726,1.796713794421093
cumulative,90,60434,5234,Random Forest,42,depth=None,0.8839526543448811,0.12875519173335595,0.47669086740542604,1.188574703859381,2.3750477646159727
cumulative,90,60434,5234,XGBoost,42,depth=3,0.8867477737190295,0.11183157563209534,0.33282384409629345,0.7930836836071838,1.5601834161253343
cumulative,90,60434,5234,LightGBM,42,leaves=15,0.8950847016999088,0.11135801182021611,0.3119984715322889,0.7447458922430263,1.465991593427589
cumulative,90,60434,5234,Dummy,7,const,0.37351929690485286,0.37351929690485286,0.7470385938097057,1.8675964845242645,3.735192969048529
cumulative,90,60434,5234,Logistic Regression,7,C=0.1,0.8421509580308714,0.1289362269480735,0.38288116163546043,0.9130683989300726,1.796713794421093
cumulative,90,60434,5234,Random Forest,7,depth=None,0.8861757511876365,0.12741933621425441,0.4551012609858617,1.1354604508979749,2.26939243408483
cumulative,90,60434,5234,XGBoost,7,depth=3,0.8867477737190295,0.11183157563209534,0.33282384409629345,0.7930836836071838,1.5601834161253343
cumulative,90,60434,5234,LightGBM,7,leaves=15,0.8950847016999088,0.11135801182021611,0.3119984715322889,0.7447458922430263,1.465991593427589
cumulative,90,60434,5234,Dummy,123,const,0.37351929690485286,0.37351929690485286,0.7470385938097057,1.8675964845242645,3.735192969048529
cumulative,90,60434,5234,Logistic Regression,123,C=0.1,0.8421509580308714,0.1289362269480735,0.38288116163546043,0.9130683989300726,1.796713794421093
cumulative,90,60434,5234,Random Forest,123,depth=20,0.8884050345274788,0.12626346938033253,0.45949560565533054,1.1410011463507834,2.276843714176538
cumulative,90,60434,5234,XGBoost,123,depth=3,0.8867477737190295,0.11183157563209534,0.33282384409629345,0.7930836836071838,1.5601834161253343
cumulative,90,60434,5234,LightGBM,123,leaves=15,0.8950847016999088,0.11135801182021611,0.3119984715322889,0.7447458922430263,1.465991593427589
cumulative,91,61724,5478,Dummy,42,const,0.39357429718875503,0.39357429718875503,0.7871485943775101,1.9678714859437751,3.9357429718875503
cumulative,91,61724,5478,Logistic Regression,42,C=0.1,0.8429741704518506,0.13703078544282346,0.4213216502373129,1.019897772909821,2.0175246440306682
cumulative,91,61724,5478,Random Forest,42,depth=20,0.8934471107754877,0.1340753815451592,0.4954362906170135,1.2320189850310332,2.4596568090543993
cumulative,91,61724,5478,XGBoost,42,depth=9,0.8856694661099618,0.12632709741592407,0.34209565534866737,0.8163563344286235,1.606790799561884
cumulative,91,61724,5478,LightGBM,42,leaves=31,0.8992177743529317,0.11871977966889395,0.337166849215042,0.8125228185469149,1.60478276743337
cumulative,91,61724,5478,Dummy,7,const,0.39357429718875503,0.39357429718875503,0.7871485943775101,1.9678714859437751,3.9357429718875503
cumulative,91,61724,5478,Logistic Regression,7,C=0.1,0.8429741704518506,0.13703078544282346,0.4213216502373129,1.019897772909821,2.0175246440306682
cumulative,91,61724,5478,Random Forest,7,depth=20,0.8955882916281215,0.1343507819099706,0.4954362906170135,1.2342095655348668,2.465498357064622
cumulative,91,61724,5478,XGBoost,7,depth=9,0.8856694661099618,0.12632709741592407,0.34209565534866737,0.8163563344286235,1.606790799561884
cumulative,91,61724,5478,LightGBM,7,leaves=31,0.8992177743529317,0.11871977966889395,0.337166849215042,0.8125228185469149,1.60478276743337
cumulative,91,61724,5478,Dummy,123,const,0.39357429718875503,0.39357429718875503,0.7871485943775101,1.9678714859437751,3.9357429718875503
cumulative,91,61724,5478,Logistic Regression,123,C=0.1,0.8429741704518506,0.13703078544282346,0.4213216502373129,1.019897772909821,2.0175246440306682
cumulative,91,61724,5478,Random Forest,123,depth=None,0.8870725344081654,0.13985359343815879,0.5195326761591822,1.292259948886455,2.580138736765243
cumulative,91,61724,5478,XGBoost,123,depth=9,0.8856694661099618,0.12632709741592407,0.34209565534866737,0.8163563344286235,1.606790799561884
cumulative,91,61724,5478,LightGBM,123,leaves=31,0.8992177743529317,0.11871977966889395,0.337166849215042,0.8125228185469149,1.60478276743337
cumulative,92,63001,5621,Dummy,42,const,0.4200320227717488,0.4200320227717488,0.8400640455434976,2.100160113858744,4.200320227717488
cumulative,92,63001,5621,Logistic Regression,42,C=0.1,0.8599594713055985,0.1401190562551587,0.436399217221135,1.0640455434975984,2.1101227539583705
cumulative,92,63001,5621,Random Forest,42,depth=20,0.9046814852239129,0.1426818543171223,0.5212595623554528,1.296210638676392,2.587795765877958
cumulative,92,63001,5621,XGBoost,42,depth=9,0.9038782828224938,0.1269650161266327,0.34887030777441735,0.8430884184308842,1.6667852695249956
cumulative,92,63001,5621,LightGBM,42,leaves=31,0.9110799767451245,0.12046730205424479,0.3472691691869774,0.8393524283935243,1.659491193737769
cumulative,92,63001,5621,Dummy,7,const,0.4200320227717488,0.4200320227717488,0.8400640455434976,2.100160113858744,4.200320227717488
cumulative,92,63001,5621,Logistic Regression,7,C=0.1,0.8599594713055985,0.1401190562551587,0.436399217221135,1.0640455434975984,2.1101227539583705
cumulative,92,63001,5621,Random Forest,7,depth=None,0.9011742132255389,0.1427393341886248,0.5280199252801993,1.3173812488880983,2.632983454901263
cumulative,92,63001,5621,XGBoost,7,depth=9,0.9038782828224938,0.1269650161266327,0.34887030777441735,0.8430884184308842,1.6667852695249956
cumulative,92,63001,5621,LightGBM,7,leaves=31,0.9110799767451245,0.12046730205424479,0.3472691691869774,0.8393524283935243,1.659491193737769
cumulative,92,63001,5621,Dummy,123,const,0.4200320227717488,0.4200320227717488,0.8400640455434976,2.100160113858744,4.200320227717488
cumulative,92,63001,5621,Logistic Regression,123,C=0.1,0.8599594713055985,0.1401190562551587,0.436399217221135,1.0640455434975984,2.1101227539583705
cumulative,92,63001,5621,Random Forest,123,depth=None,0.9020920727239096,0.14342734101891688,0.538160469667319,1.3397971891122575,2.675858388187155
cumulative,92,63001,5621,XGBoost,123,depth=9,0.9038782828224938,0.1269650161266327,0.34887030777441735,0.8430884184308842,1.6667852695249956
cumulative,92,63001,5621,LightGBM,123,leaves=31,0.9110799767451245,0.12046730205424479,0.3472691691869774,0.8393524283935243,1.659491193737769
cumulative,93,64370,5658,Dummy,42,const,0.40279250618593143,0.40279250618593143,0.8055850123718629,2.013962530929657,4.027925061859314
cumulative,93,64370,5658,Logistic Regression,42,C=1.0,0.8541545634584513,0.13903411159884643,0.4383174266525274,1.0767055496641922,2.1406857546836338
cumulative,93,64370,5658,Random Forest,42,depth=20,0.895078178804779,0.1418954406789039,0.5372923294450336,1.3400494874513962,2.6779780841286676
cumulative,93,64370,5658,XGBoost,42,depth=3,0.8972067745203561,0.1119537428021431,0.34959349593495936,0.8352774832096147,1.6447507953340403
cumulative,93,64370,5658,LightGBM,42,leaves=31,0.8952400329232554,0.12306421330609821,0.3543655001767409,0.8554259455638035,1.6905266878755745
cumulative,93,64370,5658,Dummy,7,const,0.40279250618593143,0.40279250618593143,0.8055850123718629,2.013962530929657,4.027925061859314
cumulative,93,64370,5658,Logistic Regression,7,C=1.0,0.8541545634584513,0.13903411159884643,0.4383174266525274,1.0767055496641922,2.1406857546836338
cumulative,93,64370,5658,Random Forest,7,depth=20,0.8894627453391843,0.14545200195948563,0.5348179568752209,1.3338635560268646,2.665606221279604
cumulative,93,64370,5658,XGBoost,7,depth=3,0.8972067745203561,0.1119537428021431,0.34959349593495936,0.8352774832096147,1.6447507953340403
cumulative,93,64370,5658,LightGBM,7,leaves=31,0.8952400329232554,0.12306421330609821,0.3543655001767409,0.8554259455638035,1.6905266878755745
cumulative,93,64370,5658,Dummy,123,const,0.40279250618593143,0.40279250618593143,0.8055850123718629,2.013962530929657,4.027925061859314
cumulative,93,64370,5658,Logistic Regression,123,C=1.0,0.8541545634584513,0.13903411159884643,0.4383174266525274,1.0767055496641922,2.1406857546836338
cumulative,93,64370,5658,Random Forest,123,depth=20,0.8872326679064803,0.14894739758835457,0.545068928950159,1.3600212089077413,2.718275008837045
cumulative,93,64370,5658,XGBoost,123,depth=3,0.8972067745203561,0.1119537428021431,0.34959349593495936,0.8352774832096147,1.6447507953340403
cumulative,93,64370,5658,LightGBM,123,leaves=31,0.8952400329232554,0.12306421330609821,0.3543655001767409,0.8554259455638035,1.6905266878755745
cumulative,94,65668,5756,Dummy,42,const,0.4223419041000695,0.4223419041000695,0.844683808200139,2.1117095205003475,4.223419041000695
cumulative,94,65668,5756,Logistic Regression,42,C=0.1,0.8603798786748696,0.1428125842378209,0.4402362751911049,1.0797428769979152,2.145587213342599
cumulative,94,65668,5756,Random Forest,42,depth=20,0.9031944376575651,0.14359109329973613,0.5319666435024323,1.3267894371091036,2.651494093120222
cumulative,94,65668,5756,XGBoost,42,depth=6,0.8966183181380857,0.13708068430423737,0.39089645587213345,0.9464906184850591,1.8724808895066019
cumulative,94,65668,5756,LightGBM,42,leaves=31,0.9017809617308108,0.13094345577141528,0.396455872133426,0.9645587213342599,1.9113968033356497
cumulative,94,65668,5756,Dummy,7,const,0.4223419041000695,0.4223419041000695,0.844683808200139,2.1117095205003475,4.223419041000695
cumulative,94,65668,5756,Logistic Regression,7,C=0.1,0.8603798786748696,0.1428125842378209,0.4402362751911049,1.0797428769979152,2.145587213342599
cumulative,94,65668,5756,Random Forest,7,depth=20,0.9072087814484334,0.13832595814506216,0.5238012508686588,1.3061153578874218,2.6099722029186934
cumulative,94,65668,5756,XGBoost,7,depth=6,0.8966183181380857,0.13708068430423737,0.39089645587213345,0.9464906184850591,1.8724808895066019
cumulative,94,65668,5756,LightGBM,7,leaves=31,0.9017809617308108,0.13094345577141528,0.396455872133426,0.9645587213342599,1.9113968033356497
cumulative,94,65668,5756,Dummy,123,const,0.4223419041000695,0.4223419041000695,0.844683808200139,2.1117095205003475,4.223419041000695
cumulative,94,65668,5756,Logistic Regression,123,C=0.1,0.8603798786748696,0.1428125842378209,0.4402362751911049,1.0797428769979152,2.145587213342599
cumulative,94,65668,5756,Random Forest,123,depth=20,0.9016348858679007,0.14054993705211602,0.5191104933981932,1.2941278665740097,2.585823488533704
cumulative,94,65668,5756,XGBoost,123,depth=6,0.8966183181380857,0.13708068430423737,0.39089645587213345,0.9464906184850591,1.8724808895066019
cumulative,94,65668,5756,LightGBM,123,leaves=31,0.9017809617308108,0.13094345577141528,0.396455872133426,0.9645587213342599,1.9113968033356497
cumulative,95,67202,5375,Dummy,42,const,0.4204651162790698,0.4204651162790698,0.8409302325581396,2.1023255813953488,4.2046511627906975
cumulative,95,67202,5375,Logistic Regression,42,C=0.1,0.8687383182183046,0.13270872604731615,0.37730232558139537,0.9192558139534883,1.8225116279069768
cumulative,95,67202,5375,Random Forest,42,depth=20,0.8916719790004145,0.13737579056018057,0.4612093023255814,1.1488372093023256,2.2948837209302324
cumulative,95,67202,5375,XGBoost,42,depth=6,0.8930853222440068,0.12784746289253235,0.33525581395348836,0.8046511627906977,1.5869767441860465
cumulative,95,67202,5375,LightGBM,42,leaves=31,0.8918301753830861,0.1250195695885787,0.34213953488372095,0.8254883720930233,1.6310697674418604
cumulative,95,67202,5375,Dummy,7,const,0.4204651162790698,0.4204651162790698,0.8409302325581396,2.1023255813953488,4.2046511627906975
cumulative,95,67202,5375,Logistic Regression,7,C=0.1,0.8687383182183046,0.13270872604731615,0.37730232558139537,0.9192558139534883,1.8225116279069768
cumulative,95,67202,5375,Random Forest,7,depth=20,0.8935979643332544,0.13495531076946132,0.4617674418604651,1.1505116279069767,2.2984186046511628
cumulative,95,67202,5375,XGBoost,7,depth=6,0.8930853222440068,0.12784746289253235,0.33525581395348836,0.8046511627906977,1.5869767441860465
cumulative,95,67202,5375,LightGBM,7,leaves=31,0.8918301753830861,0.1250195695885787,0.34213953488372095,0.8254883720930233,1.6310697674418604
cumulative,95,67202,5375,Dummy,123,const,0.4204651162790698,0.4204651162790698,0.8409302325581396,2.1023255813953488,4.2046511627906975
cumulative,95,67202,5375,Logistic Regression,123,C=0.1,0.8687383182183046,0.13270872604731615,0.37730232558139537,0.9192558139534883,1.8225116279069768
cumulative,95,67202,5375,Random Forest,123,depth=10,0.8946205965862735,0.1386422543667104,0.4768372093023256,1.1912558139534883,2.381953488372093
cumulative,95,67202,5375,XGBoost,123,depth=6,0.8930853222440068,0.12784746289253235,0.33525581395348836,0.8046511627906977,1.5869767441860465
cumulative,95,67202,5375,LightGBM,123,leaves=31,0.8918301753830861,0.1250195695885787,0.34213953488372095,0.8254883720930233,1.6310697674418604
cumulative,96,68622,4956,Dummy,42,const,0.37873284907183213,0.37873284907183213,0.7574656981436643,1.8936642453591606,3.787328490718321
cumulative,96,68622,4956,Logistic Regression,42,C=1.0,0.834570523458883,0.13469988307522732,0.36380145278450365,0.8771186440677966,1.7326472962066182
cumulative,96,68622,4956,Random Forest,42,depth=10,0.862512678673015,0.1365625692297484,0.45076674737691685,1.1251008878127522,2.2489911218724776
cumulative,96,68622,4956,XGBoost,42,depth=3,0.8636128263832442,0.12654708325862885,0.3331315577078289,0.79317998385795,1.5599273607748183
cumulative,96,68622,4956,LightGBM,42,leaves=15,0.8656158652328294,0.12544976439304842,0.3502824858757062,0.8393866020984665,1.6545601291364003
cumulative,96,68622,4956,Dummy,7,const,0.37873284907183213,0.37873284907183213,0.7574656981436643,1.8936642453591606,3.787328490718321
cumulative,96,68622,4956,Logistic Regression,7,C=1.0,0.834570523458883,0.13469988307522732,0.36380145278450365,0.8771186440677966,1.7326472962066182
cumulative,96,68622,4956,Random Forest,7,depth=10,0.8604006007202307,0.1382022197383728,0.4477401129943503,1.1172316384180792,2.233050847457627
cumulative,96,68622,4956,XGBoost,7,depth=3,0.8636128263832442,0.12654708325862885,0.3331315577078289,0.79317998385795,1.5599273607748183
cumulative,96,68622,4956,LightGBM,7,leaves=15,0.8656158652328294,0.12544976439304842,0.3502824858757062,0.8393866020984665,1.6545601291364003
cumulative,96,68622,4956,Dummy,123,const,0.37873284907183213,0.37873284907183213,0.7574656981436643,1.8936642453591606,3.787328490718321
cumulative,96,68622,4956,Logistic Regression,123,C=1.0,0.834570523458883,0.13469988307522732,0.36380145278450365,0.8771186440677966,1.7326472962066182
cumulative,96,68622,4956,Random Forest,123,depth=10,0.8646313792139037,0.13777398155245707,0.4539951573849879,1.133777239709443,2.2667473769168685
cumulative,96,68622,4956,XGBoost,123,depth=3,0.8636128263832442,0.12654708325862885,0.3331315577078289,0.79317998385795,1.5599273607748183
cumulative,96,68622,4956,LightGBM,123,leaves=15,0.8656158652328294,0.12544976439304842,0.3502824858757062,0.8393866020984665,1.6545601291364003
cumulative,97,70028,4440,Dummy,42,const,0.3668918918918919,0.3668918918918919,0.7337837837837838,1.8344594594594594,3.668918918918919
cumulative,97,70028,4440,Logistic Regression,42,C=0.1,0.8116789709884225,0.14205688923982718,0.3572072072072072,0.840990990990991,1.6472972972972972
cumulative,97,70028,4440,Random Forest,42,depth=10,0.855859929131447,0.1339804898049698,0.41283783783783784,1.0304054054054055,2.059684684684685
cumulative,97,70028,4440,XGBoost,42,depth=3,0.8531595060814442,0.12665599584579468,0.31373873873873875,0.7373873873873874,1.4434684684684684
cumulative,97,70028,4440,LightGBM,42,leaves=15,0.8580963762667082,0.12258968136051344,0.34864864864864864,0.8351351351351352,1.645945945945946
cumulative,97,70028,4440,Dummy,7,const,0.3668918918918919,0.3668918918918919,0.7337837837837838,1.8344594594594594,3.668918918918919
cumulative,97,70028,4440,Logistic Regression,7,C=0.1,0.8116789709884225,0.14205688923982718,0.3572072072072072,0.840990990990991,1.6472972972972972
cumulative,97,70028,4440,Random Forest,7,depth=10,0.8574670588859208,0.133921063582077,0.41644144144144146,1.0394144144144144,2.0777027027027026
cumulative,97,70028,4440,XGBoost,7,depth=3,0.8531595060814442,0.12665599584579468,0.31373873873873875,0.7373873873873874,1.4434684684684684
cumulative,97,70028,4440,LightGBM,7,leaves=15,0.8580963762667082,0.12258968136051344,0.34864864864864864,0.8351351351351352,1.645945945945946
cumulative,97,70028,4440,Dummy,123,const,0.3668918918918919,0.3668918918918919,0.7337837837837838,1.8344594594594594,3.668918918918919
cumulative,97,70028,4440,Logistic Regression,123,C=0.1,0.8116789709884225,0.14205688923982718,0.3572072072072072,0.840990990990991,1.6472972972972972
cumulative,97,70028,4440,Random Forest,123,depth=10,0.8553186419794309,0.13435678017395272,0.4204954954954955,1.0495495495495495,2.097972972972973
cumulative,97,70028,4440,XGBoost,123,depth=3,0.8531595060814442,0.12665599584579468,0.31373873873873875,0.7373873873873874,1.4434684684684684
cumulative,97,70028,4440,LightGBM,123,leaves=15,0.8580963762667082,0.12258968136051344,0.34864864864864864,0.8351351351351352,1.645945945945946
cumulative,98,71424,3981,Dummy,42,const,0.3388595830193419,0.3388595830193419,0.6777191660386838,1.6942979150967095,3.388595830193419
cumulative,98,71424,3981,Logistic Regression,42,C=1.0,0.7764058979802029,0.14831101990152948,0.3622205476011052,0.8362220547601106,1.626224566691786
cumulative,98,71424,3981,Random Forest,42,depth=10,0.823797656819139,0.13442925052430488,0.423260487314745,1.0562672695302688,2.1112785732228083
cumulative,98,71424,3981,XGBoost,42,depth=6,0.822903010811809,0.13225200772285461,0.3627229339361969,0.870635518713891,1.7171564933433812
cumulative,98,71424,3981,LightGBM,42,leaves=15,0.8221560891237769,0.12800409384478617,0.3441346395378046,0.8234112032152725,1.6222054760110525
cumulative,98,71424,3981,Dummy,7,const,0.3388595830193419,0.3388595830193419,0.6777191660386838,1.6942979150967095,3.388595830193419
cumulative,98,71424,3981,Logistic Regression,7,C=1.0,0.7764058979802029,0.14831101990152948,0.3622205476011052,0.8362220547601106,1.626224566691786
cumulative,98,71424,3981,Random Forest,7,depth=10,0.8188991503629599,0.13751346254396982,0.43933685003767897,1.0964581763376036,2.191660386837478
cumulative,98,71424,3981,XGBoost,7,depth=6,0.822903010811809,0.13225200772285461,0.3627229339361969,0.870635518713891,1.7171564933433812
cumulative,98,71424,3981,LightGBM,7,leaves=15,0.8221560891237769,0.12800409384478617,0.3441346395378046,0.8234112032152725,1.6222054760110525
cumulative,98,71424,3981,Dummy,123,const,0.3388595830193419,0.3388595830193419,0.6777191660386838,1.6942979150967095,3.388595830193419
cumulative,98,71424,3981,Logistic Regression,123,C=1.0,0.7764058979802029,0.14831101990152948,0.3622205476011052,0.8362220547601106,1.626224566691786
cumulative,98,71424,3981,Random Forest,123,depth=20,0.8208566042232258,0.13497562362891893,0.4250188394875659,1.0602863602110022,2.1190655614167295
cumulative,98,71424,3981,XGBoost,123,depth=6,0.822903010811809,0.13225200772285461,0.3627229339361969,0.870635518713891,1.7171564933433812
cumulative,98,71424,3981,LightGBM,123,leaves=15,0.8221560891237769,0.12800409384478617,0.3441346395378046,0.8234112032152725,1.6222054760110525
cumulative,99,72577,3726,Dummy,42,const,0.3234031132581857,0.3234031132581857,0.6468062265163714,1.6170155662909287,3.2340311325818574
cumulative,99,72577,3726,Logistic Regression,42,C=0.1,0.6848110645465152,0.16788199055499445,0.4318303811057434,0.9954374664519592,1.934782608695652
cumulative,99,72577,3726,Random Forest,42,depth=10,0.7618398641454887,0.14952500520008613,0.4973161567364466,1.2396672034353193,2.4769189479334406
cumulative,99,72577,3726,XGBoost,42,depth=3,0.7715113465819488,0.1388125866651535,0.3961352657004831,0.9565217391304348,1.890499194847021
cumulative,99,72577,3726,LightGBM,42,leaves=15,0.7793301656041033,0.1370621084110021,0.3915727321524423,0.9495437466451959,1.8794954374664519
cumulative,99,72577,3726,Dummy,7,const,0.3234031132581857,0.3234031132581857,0.6468062265163714,1.6170155662909287,3.2340311325818574
cumulative,99,72577,3726,Logistic Regression,7,C=0.1,0.6848110645465152,0.16788199055499445,0.4318303811057434,0.9954374664519592,1.934782608695652
cumulative,99,72577,3726,Random Forest,7,depth=10,0.7549548107362847,0.15286377303091234,0.49838969404186795,1.2431561996779388,2.48443370907139
cumulative,99,72577,3726,XGBoost,7,depth=3,0.7715113465819488,0.1388125866651535,0.3961352657004831,0.9565217391304348,1.890499194847021
cumulative,99,72577,3726,LightGBM,7,leaves=15,0.7793301656041033,0.1370621084110021,0.3915727321524423,0.9495437466451959,1.8794954374664519
cumulative,99,72577,3726,Dummy,123,const,0.3234031132581857,0.3234031132581857,0.6468062265163714,1.6170155662909287,3.2340311325818574
cumulative,99,72577,3726,Logistic Regression,123,C=0.1,0.6848110645465152,0.16788199055499445,0.4318303811057434,0.9954374664519592,1.934782608695652
cumulative,99,72577,3726,Random Forest,123,depth=10,0.7615041258046485,0.1513000909801217,0.4927536231884058,1.2278582930756843,2.453032742887815
cumulative,99,72577,3726,XGBoost,123,depth=3,0.7715113465819488,0.1388125866651535,0.3961352657004831,0.9565217391304348,1.890499194847021
cumulative,99,72577,3726,LightGBM,123,leaves=15,0.7793301656041033,0.1370621084110021,0.3915727321524423,0.9495437466451959,1.8794954374664519
cumulative,100,73578,3343,Dummy,42,const,0.3353275501046964,0.3353275501046964,0.6706551002093928,1.676637750523482,3.353275501046964
cumulative,100,73578,3343,Logistic Regression,42,C=10.0,0.6947275778448398,0.16980181421160423,0.4349386778342806,1.0047861202512713,1.9545318576129225
cumulative,100,73578,3343,Random Forest,42,depth=10,0.7725224791289799,0.1521329915990764,0.5112174693389171,1.2731079868381694,2.5429255160035895
cumulative,100,73578,3343,XGBoost,42,depth=3,0.7631615827384949,0.14613941311836243,0.41160634160933296,0.9769667962907568,1.9192342207597965
cumulative,100,73578,3343,LightGBM,42,leaves=15,0.7809872909064943,0.14571902183270238,0.4409213281483697,1.087047562069997,2.1639246186060426
cumulative,100,73578,3343,Dummy,7,const,0.3353275501046964,0.3353275501046964,0.6706551002093928,1.676637750523482,3.353275501046964
cumulative,100,73578,3343,Logistic Regression,7,C=10.0,0.6947275778448398,0.16980181421160423,0.4349386778342806,1.0047861202512713,1.9545318576129225
cumulative,100,73578,3343,Random Forest,7,depth=10,0.7739748329196543,0.15233338664184815,0.5201914448100509,1.2982351181573437,2.594974573736165
cumulative,100,73578,3343,XGBoost,7,depth=3,0.7631615827384949,0.14613941311836243,0.41160634160933296,0.9769667962907568,1.9192342207597965
cumulative,100,73578,3343,LightGBM,7,leaves=15,0.7809872909064943,0.14571902183270238,0.4409213281483697,1.087047562069997,2.1639246186060426
cumulative,100,73578,3343,Dummy,123,const,0.3353275501046964,0.3353275501046964,0.6706551002093928,1.676637750523482,3.353275501046964
cumulative,100,73578,3343,Logistic Regression,123,C=10.0,0.6947275778448398,0.16980181421160423,0.4349386778342806,1.0047861202512713,1.9545318576129225
cumulative,100,73578,3343,Random Forest,123,depth=10,0.7730378495020811,0.15204017007373669,0.5169009871373018,1.288662877654801,2.5749326951839664
cumulative,100,73578,3343,XGBoost,123,depth=3,0.7631615827384949,0.14613941311836243,0.41160634160933296,0.9769667962907568,1.9192342207597965
cumulative,100,73578,3343,LightGBM,123,leaves=15,0.7809872909064943,0.14571902183270238,0.4409213281483697,1.087047562069997,2.1639246186060426
cumulative,101,74468,3158,Dummy,42,const,0.3480050664977834,0.3480050664977834,0.6960101329955668,1.740025332488917,3.480050664977834
cumulative,101,74468,3158,Logistic Regression,42,C=10.0,0.7149197394882504,0.16458116872086684,0.4654844838505383,1.1000633312222925,2.1576947435085496
cumulative,101,74468,3158,Random Forest,42,depth=10,0.7759099365967701,0.15860671220517,0.5636478784040532,1.4062697910069664,2.810639645345155
cumulative,101,74468,3158,XGBoost,42,depth=3,0.795454267201518,0.14085619151592255,0.42020265991133626,1.0177327422419253,2.0136162127929067
cumulative,101,74468,3158,LightGBM,42,leaves=15,0.7957030791140076,0.1477148405817408,0.45440151994933503,1.1212792906903104,2.232742241925269
cumulative,101,74468,3158,Dummy,7,const,0.3480050664977834,0.3480050664977834,0.6960101329955668,1.740025332488917,3.480050664977834
cumulative,101,74468,3158,Logistic Regression,7,C=10.0,0.7149197394882504,0.16458116872086684,0.4654844838505383,1.1000633312222925,2.1576947435085496
cumulative,101,74468,3158,Random Forest,7,depth=10,0.7809960346995815,0.1584268128817993,0.5702976567447752,1.4233692210259659,2.845155161494617
cumulative,101,74468,3158,XGBoost,7,depth=3,0.795454267201518,0.14085619151592255,0.42020265991133626,1.0177327422419253,2.0136162127929067
cumulative,101,74468,3158,LightGBM,7,leaves=15,0.7957030791140076,0.1477148405817408,0.45440151994933503,1.1212792906903104,2.232742241925269
cumulative,101,74468,3158,Dummy,123,const,0.3480050664977834,0.3480050664977834,0.6960101329955668,1.740025332488917,3.480050664977834
cumulative,101,74468,3158,Logistic Regression,123,C=10.0,0.7149197394882504,0.16458116872086684,0.4654844838505383,1.1000633312222925,2.1576947435085496
cumulative,101,74468,3158,Random Forest,123,depth=10,0.776807955251005,0.15889999796751486,0.5661811272957568,1.4135528815706142,2.8258391386953767
cumulative,101,74468,3158,XGBoost,123,depth=3,0.795454267201518,0.14085619151592255,0.42020265991133626,1.0177327422419253,2.0136162127929067
cumulative,101,74468,3158,LightGBM,123,leaves=15,0.7957030791140076,0.1477148405817408,0.45440151994933503,1.1212792906903104,2.232742241925269
cumulative,102,75405,3298,Dummy,42,const,0.3486961795027289,0.3486961795027289,0.6973923590054578,1.7434808975136447,3.4869617950272893
cumulative,102,75405,3298,Logistic Regression,42,C=10.0,0.6975773418800435,0.17002912378248528,0.4478471801091571,1.0463917525773196,2.043966040024257
cumulative,102,75405,3298,Random Forest,42,depth=10,0.753586992735246,0.16566553270930376,0.6252274105518496,1.5603395997574288,3.1188599151000607
cumulative,102,75405,3298,XGBoost,42,depth=6,0.7901800454639621,0.14054344594478607,0.3869011522134627,0.9181322013341419,1.8035172832019406
cumulative,102,75405,3298,LightGBM,42,leaves=15,0.769389434395957,0.15212573903179896,0.44633110976349305,1.084899939357186,2.1491813220133413
cumulative,102,75405,3298,Dummy,7,const,0.3486961795027289,0.3486961795027289,0.6973923590054578,1.7434808975136447,3.4869617950272893
cumulative,102,75405,3298,Logistic Regression,7,C=10.0,0.6975773418800435,0.17002912378248528,0.4478471801091571,1.0463917525773196,2.043966040024257
cumulative,102,75405,3298,Random Forest,7,depth=10,0.7561036473309366,0.1638207788712551,0.6200727713765919,1.5479078229229837,3.0942995755003033
cumulative,102,75405,3298,XGBoost,7,depth=6,0.7901800454639621,0.14054344594478607,0.3869011522134627,0.9181322013341419,1.8035172832019406
cumulative,102,75405,3298,LightGBM,7,leaves=15,0.769389434395957,0.15212573903179896,0.44633110976349305,1.084899939357186,2.1491813220133413
cumulative,102,75405,3298,Dummy,123,const,0.3486961795027289,0.3486961795027289,0.6973923590054578,1.7434808975136447,3.4869617950272893
cumulative,102,75405,3298,Logistic Regression,123,C=10.0,0.6975773418800435,0.17002912378248528,0.4478471801091571,1.0463917525773196,2.043966040024257
cumulative,102,75405,3298,Random Forest,123,depth=10,0.7513197548104018,0.16596435236589693,0.6203759854457247,1.547301394784718,3.0921770770163737
cumulative,102,75405,3298,XGBoost,123,depth=6,0.7901800454639621,0.14054344594478607,0.3869011522134627,0.9181322013341419,1.8035172832019406
cumulative,102,75405,3298,LightGBM,123,leaves=15,0.769389434395957,0.15212573903179896,0.44633110976349305,1.084899939357186,2.1491813220133413
cumulative,103,76303,3220,Dummy,42,const,0.34720496894409936,0.34720496894409936,0.6944099378881987,1.736024844720497,3.472049689440994
cumulative,103,76303,3220,Logistic Regression,42,C=10.0,0.7024724640434227,0.16789947357151763,0.4475155279503106,1.0475155279503106,2.0475155279503108
cumulative,103,76303,3220,Random Forest,42,depth=10,0.7392479776648688,0.16834177291910382,0.6319875776397516,1.5785714285714285,3.1562111801242234
cumulative,103,76303,3220,XGBoost,42,depth=3,0.7649990344084543,0.1506403535604477,0.4388198757763975,1.053726708074534,2.0785714285714287
cumulative,103,76303,3220,LightGBM,42,leaves=15,0.7614890848056708,0.15149247447253833,0.4363354037267081,1.0521739130434782,2.0785714285714287
cumulative,103,76303,3220,Dummy,7,const,0.34720496894409936,0.34720496894409936,0.6944099378881987,1.736024844720497,3.472049689440994
cumulative,103,76303,3220,Logistic Regression,7,C=10.0,0.7024724640434227,0.16789947357151763,0.4475155279503106,1.0475155279503106,2.0475155279503108
cumulative,103,76303,3220,Random Forest,7,depth=10,0.7495264147015998,0.16678411933972295,0.6254658385093168,1.5627329192546584,3.1248447204968945
cumulative,103,76303,3220,XGBoost,7,depth=3,0.7649990344084543,0.1506403535604477,0.4388198757763975,1.053726708074534,2.0785714285714287
cumulative,103,76303,3220,LightGBM,7,leaves=15,0.7614890848056708,0.15149247447253833,0.4363354037267081,1.0521739130434782,2.0785714285714287
cumulative,103,76303,3220,Dummy,123,const,0.34720496894409936,0.34720496894409936,0.6944099378881987,1.736024844720497,3.472049689440994
cumulative,103,76303,3220,Logistic Regression,123,C=10.0,0.7024724640434227,0.16789947357151763,0.4475155279503106,1.0475155279503106,2.0475155279503108
cumulative,103,76303,3220,Random Forest,123,depth=10,0.7446273498872368,0.16669036868832857,0.6326086956521739,1.5801242236024844,3.1593167701863356
cumulative,103,76303,3220,XGBoost,123,depth=3,0.7649990344084543,0.1506403535604477,0.4388198757763975,1.053726708074534,2.0785714285714287
cumulative,103,76303,3220,LightGBM,123,leaves=15,0.7614890848056708,0.15149247447253833,0.4363354037267081,1.0521739130434782,2.0785714285714287
cumulative,104,76921,3423,Dummy,42,const,0.3651767455448437,0.3651767455448437,0.7303534910896874,1.8258837277242186,3.651767455448437
cumulative,104,76921,3423,Logistic Regression,42,C=10.0,0.7101872722637851,0.17095733998404616,0.48320186970493717,1.1291264972246566,2.205667543090856
cumulative,104,76921,3423,Random Forest,42,depth=10,0.7477233739069645,0.17535971861927133,0.6555652936021035,1.638036809815951,3.27548933683903
cumulative,104,76921,3423,XGBoost,42,depth=6,0.7654164265592124,0.16572929918766022,0.5016067776803973,1.2141396435874963,2.401694420099328
cumulative,104,76921,3423,LightGBM,42,leaves=15,0.7901363201718085,0.153791817960489,0.5194274028629857,1.271399357288928,2.5246859479988313
cumulative,104,76921,3423,Dummy,7,const,0.3651767455448437,0.3651767455448437,0.7303534910896874,1.8258837277242186,3.651767455448437
cumulative,104,76921,3423,Logistic Regression,7,C=10.0,0.7101872722637851,0.17095733998404616,0.48320186970493717,1.1291264972246566,2.205667543090856
cumulative,104,76921,3423,Random Forest,7,depth=10,0.7531949043210797,0.17396411388769156,0.6532281624306164,1.6313175576979257,3.261466549810108
cumulative,104,76921,3423,XGBoost,7,depth=6,0.7654164265592124,0.16572929918766022,0.5016067776803973,1.2141396435874963,2.401694420099328
cumulative,104,76921,3423,LightGBM,7,leaves=15,0.7901363201718085,0.153791817960489,0.5194274028629857,1.271399357288928,2.5246859479988313
cumulative,104,76921,3423,Dummy,123,const,0.3651767455448437,0.3651767455448437,0.7303534910896874,1.8258837277242186,3.651767455448437
cumulative,104,76921,3423,Logistic Regression,123,C=10.0,0.7101872722637851,0.17095733998404616,0.48320186970493717,1.1291264972246566,2.205667543090856
cumulative,104,76921,3423,Random Forest,123,depth=10,0.7563225782252594,0.17363320465341073,0.6561495763949752,1.6394975167981303,3.278410750803389
cumulative,104,76921,3423,XGBoost,123,depth=6,0.7654164265592124,0.16572929918766022,0.5016067776803973,1.2141396435874963,2.401694420099328
cumulative,104,76921,3423,LightGBM,123,leaves=15,0.7901363201718085,0.153791817960489,0.5194274028629857,1.271399357288928,2.5246859479988313
cumulative,105,77626,3588,Dummy,42,const,0.35507246376811596,0.35507246376811596,0.7101449275362319,1.7753623188405796,3.550724637681159
cumulative,105,77626,3588,Logistic Regression,42,C=0.1,0.7349420347034378,0.1595807871976291,0.44788182831661094,1.0590858416945375,2.0777591973244145
cumulative,105,77626,3588,Random Forest,42,depth=None,0.7369804030789192,0.16586126181517086,0.5992196209587514,1.4905239687848384,2.97603121516165
cumulative,105,77626,3588,XGBoost,42,depth=3,0.8073634583398869,0.14380402863025665,0.4593088071348941,1.1223522853957637,2.2274247491638794
cumulative,105,77626,3588,LightGBM,42,leaves=15,0.801464712686328,0.1439529052544976,0.4654403567447046,1.1376811594202898,2.258082497212932
cumulative,105,77626,3588,Dummy,7,const,0.35507246376811596,0.35507246376811596,0.7101449275362319,1.7753623188405796,3.550724637681159
cumulative,105,77626,3588,Logistic Regression,7,C=0.1,0.7349420347034378,0.1595807871976291,0.44788182831661094,1.0590858416945375,2.0777591973244145
cumulative,105,77626,3588,Random Forest,7,depth=10,0.764376288079549,0.16581653064338625,0.633221850613155,1.5822185061315497,3.1638795986622075
cumulative,105,77626,3588,XGBoost,7,depth=3,0.8073634583398869,0.14380402863025665,0.4593088071348941,1.1223522853957637,2.2274247491638794
cumulative,105,77626,3588,LightGBM,7,leaves=15,0.801464712686328,0.1439529052544976,0.4654403567447046,1.1376811594202898,2.258082497212932
cumulative,105,77626,3588,Dummy,123,const,0.35507246376811596,0.35507246376811596,0.7101449275362319,1.7753623188405796,3.550724637681159
cumulative,105,77626,3588,Logistic Regression,123,C=0.1,0.7349420347034378,0.1595807871976291,0.44788182831661094,1.0590858416945375,2.0777591973244145
cumulative,105,77626,3588,Random Forest,123,depth=10,0.7719984045431407,0.16403005153030592,0.6148272017837235,1.536231884057971,3.07190635451505
cumulative,105,77626,3588,XGBoost,123,depth=3,0.8073634583398869,0.14380402863025665,0.4593088071348941,1.1223522853957637,2.2274247491638794
cumulative,105,77626,3588,LightGBM,123,leaves=15,0.801464712686328,0.1439529052544976,0.4654403567447046,1.1376811594202898,2.258082497212932
cumulative,106,78703,3425,Dummy,42,const,0.34978102189781024,0.34978102189781024,0.6995620437956205,1.748905109489051,3.497810218978102
cumulative,106,78703,3425,Logistic Regression,42,C=0.1,0.7457403170246634,0.15545799357488582,0.43474452554744525,1.0277372262773723,2.016058394160584
cumulative,106,78703,3425,Random Forest,42,depth=10,0.7871672564483772,0.1538499443439423,0.5132846715328467,1.2814598540145985,2.5617518248175184
cumulative,106,78703,3425,XGBoost,42,depth=3,0.816054176892863,0.1392308920621872,0.4254014598540146,1.0297810218978103,2.037080291970803
cumulative,106,78703,3425,LightGBM,42,leaves=15,0.8146135500046503,0.1385289927058771,0.42802919708029197,1.0446715328467153,2.0724087591240874
cumulative,106,78703,3425,Dummy,7,const,0.34978102189781024,0.34978102189781024,0.6995620437956205,1.748905109489051,3.497810218978102
cumulative,106,78703,3425,Logistic Regression,7,C=0.1,0.7457403170246634,0.15545799357488582,0.43474452554744525,1.0277372262773723,2.016058394160584
cumulative,106,78703,3425,Random Forest,7,depth=10,0.7957152517298656,0.15307106803920426,0.5354744525547446,1.3378102189781023,2.675036496350365
cumulative,106,78703,3425,XGBoost,7,depth=3,0.816054176892863,0.1392308920621872,0.4254014598540146,1.0297810218978103,2.037080291970803
cumulative,106,78703,3425,LightGBM,7,leaves=15,0.8146135500046503,0.1385289927058771,0.42802919708029197,1.0446715328467153,2.0724087591240874
cumulative,106,78703,3425,Dummy,123,const,0.34978102189781024,0.34978102189781024,0.6995620437956205,1.748905109489051,3.497810218978102
cumulative,106,78703,3425,Logistic Regression,123,C=0.1,0.7457403170246634,0.15545799357488582,0.43474452554744525,1.0277372262773723,2.016058394160584
cumulative,106,78703,3425,Random Forest,123,depth=10,0.7879326939265129,0.15468838823207737,0.5354744525547446,1.3378102189781023,2.675036496350365
cumulative,106,78703,3425,XGBoost,123,depth=3,0.816054176892863,0.1392308920621872,0.4254014598540146,1.0297810218978103,2.037080291970803
cumulative,106,78703,3425,LightGBM,123,leaves=15,0.8146135500046503,0.1385289927058771,0.42802919708029197,1.0446715328467153,2.0724087591240874
cumulative,107,79523,3423,Dummy,42,const,0.3453111305872042,0.3453111305872042,0.6906222611744084,1.726555652936021,3.453111305872042
cumulative,107,79523,3423,Logistic Regression,42,C=0.1,0.7671523024375039,0.1456687025173891,0.39351446099912357,0.922874671340929,1.8051416885772713
cumulative,107,79523,3423,Random Forest,42,depth=10,0.8345120198795924,0.1389976722593892,0.4829097283085013,1.2059596844872917,2.411042944785276
cumulative,107,79523,3423,XGBoost,42,depth=3,0.8535115062372716,0.11617206782102585,0.35991820040899797,0.8559742915571137,1.6827344434706397
cumulative,107,79523,3423,LightGBM,42,leaves=15,0.8559095517496582,0.11775657668594508,0.3736488460414841,0.8933683903009056,1.7595676307332748
cumulative,107,79523,3423,Dummy,7,const,0.3453111305872042,0.3453111305872042,0.6906222611744084,1.726555652936021,3.453111305872042
cumulative,107,79523,3423,Logistic Regression,7,C=0.1,0.7671523024375039,0.1456687025173891,0.39351446099912357,0.922874671340929,1.8051416885772713
cumulative,107,79523,3423,Random Forest,7,depth=10,0.8222783166330301,0.14085613225859045,0.4855390008764242,1.2120946538124453,2.4230207420391467
cumulative,107,79523,3423,XGBoost,7,depth=3,0.8535115062372716,0.11617206782102585,0.35991820040899797,0.8559742915571137,1.6827344434706397
cumulative,107,79523,3423,LightGBM,7,leaves=15,0.8559095517496582,0.11775657668594508,0.3736488460414841,0.8933683903009056,1.7595676307332748
cumulative,107,79523,3423,Dummy,123,const,0.3453111305872042,0.3453111305872042,0.6906222611744084,1.726555652936021,3.453111305872042
cumulative,107,79523,3423,Logistic Regression,123,C=0.1,0.7671523024375039,0.1456687025173891,0.39351446099912357,0.922874671340929,1.8051416885772713
cumulative,107,79523,3423,Random Forest,123,depth=10,0.8264905228580676,0.13860381434670274,0.45720128542214433,1.1416885772713994,2.282500730353491
cumulative,107,79523,3423,XGBoost,123,depth=3,0.8535115062372716,0.11617206782102585,0.35991820040899797,0.8559742915571137,1.6827344434706397
cumulative,107,79523,3423,LightGBM,123,leaves=15,0.8559095517496582,0.11775657668594508,0.3736488460414841,0.8933683903009056,1.7595676307332748
cumulative,108,80344,3414,Dummy,42,const,0.3224956063268893,0.3224956063268893,0.6449912126537786,1.6124780316344465,3.224956063268893
cumulative,108,80344,3414,Logistic Regression,42,C=0.1,0.7688665225507527,0.14079942541952967,0.3383128295254833,0.7838312829525483,1.5263620386643233
cumulative,108,80344,3414,Random Forest,42,depth=10,0.833469458121014,0.1260140409354925,0.4165202108963093,1.0404217926186292,2.080257762155829
cumulative,108,80344,3414,XGBoost,42,depth=3,0.846078593466444,0.11417105048894882,0.28793204452255416,0.6570005858230814,1.2721148213239601
cumulative,108,80344,3414,LightGBM,42,leaves=31,0.8461750787948272,0.1139932058230395,0.30609256004686586,0.713825424721734,1.3933801991798478
cumulative,108,80344,3414,Dummy,7,const,0.3224956063268893,0.3224956063268893,0.6449912126537786,1.6124780316344465,3.224956063268893
cumulative,108,80344,3414,Logistic Regression,7,C=0.1,0.7688665225507527,0.14079942541952967,0.3383128295254833,0.7838312829525483,1.5263620386643233
cumulative,108,80344,3414,Random Forest,7,depth=10,0.8429318428940673,0.1258463452587968,0.4144698301113064,1.0348564733450498,2.0688342120679555
cumulative,108,80344,3414,XGBoost,7,depth=3,0.846078593466444,0.11417105048894882,0.28793204452255416,0.6570005858230814,1.2721148213239601
cumulative,108,80344,3414,LightGBM,7,leaves=31,0.8461750787948272,0.1139932058230395,0.30609256004686586,0.713825424721734,1.3933801991798478
cumulative,108,80344,3414,Dummy,123,const,0.3224956063268893,0.3224956063268893,0.6449912126537786,1.6124780316344465,3.224956063268893
cumulative,108,80344,3414,Logistic Regression,123,C=0.1,0.7688665225507527,0.14079942541952967,0.3383128295254833,0.7838312829525483,1.5263620386643233
cumulative,108,80344,3414,Random Forest,123,depth=20,0.8420037256465707,0.11990151401526802,0.38927943760984185,0.9657293497363796,1.9264792032806093
cumulative,108,80344,3414,XGBoost,123,depth=3,0.846078593466444,0.11417105048894882,0.28793204452255416,0.6570005858230814,1.2721148213239601
cumulative,108,80344,3414,LightGBM,123,leaves=31,0.8461750787948272,0.1139932058230395,0.30609256004686586,0.713825424721734,1.3933801991798478
cumulative,109,81214,3704,Dummy,42,const,0.33369330453563717,0.33369330453563717,0.6673866090712743,1.6684665226781858,3.3369330453563717
cumulative,109,81214,3704,Logistic Regression,42,C=0.1,0.7572305062730209,0.1475184451510921,0.37041036717062636,0.8660907127429806,1.6922246220302375
cumulative,109,81214,3704,Random Forest,42,depth=10,0.8320825476816149,0.13258326321474295,0.4524838012958963,1.1295896328293737,2.2580993520518358
cumulative,109,81214,3704,XGBoost,42,depth=3,0.8471278214847314,0.11590807139873505,0.33369330453563717,0.783207343412527,1.5323974082073435
cumulative,109,81214,3704,LightGBM,42,leaves=15,0.8408728261912127,0.1193337296041039,0.35205183585313177,0.8469222462203023,1.6717062634989202
cumulative,109,81214,3704,Dummy,7,const,0.33369330453563717,0.33369330453563717,0.6673866090712743,1.6684665226781858,3.3369330453563717
cumulative,109,81214,3704,Logistic Regression,7,C=0.1,0.7572305062730209,0.1475184451510921,0.37041036717062636,0.8660907127429806,1.6922246220302375
cumulative,109,81214,3704,Random Forest,7,depth=10,0.8297817629290604,0.13199218517640973,0.4505939524838013,1.125269978401728,2.249730021598272
cumulative,109,81214,3704,XGBoost,7,depth=3,0.8471278214847314,0.11590807139873505,0.33369330453563717,0.783207343412527,1.5323974082073435
cumulative,109,81214,3704,LightGBM,7,leaves=15,0.8408728261912127,0.1193337296041039,0.35205183585313177,0.8469222462203023,1.6717062634989202
cumulative,109,81214,3704,Dummy,123,const,0.33369330453563717,0.33369330453563717,0.6673866090712743,1.6684665226781858,3.3369330453563717
cumulative,109,81214,3704,Logistic Regression,123,C=0.1,0.7572305062730209,0.1475184451510921,0.37041036717062636,0.8660907127429806,1.6922246220302375
cumulative,109,81214,3704,Random Forest,123,depth=10,0.8327213439380499,0.13072989019664807,0.453023758099352,1.130939524838013,2.2607991360691146
cumulative,109,81214,3704,XGBoost,123,depth=3,0.8471278214847314,0.11590807139873505,0.33369330453563717,0.783207343412527,1.5323974082073435
cumulative,109,81214,3704,LightGBM,123,leaves=15,0.8408728261912127,0.1193337296041039,0.35205183585313177,0.8469222462203023,1.6717062634989202
cumulative,110,82128,4013,Dummy,42,const,0.3231996012957887,0.3231996012957887,0.6463992025915773,1.6159980064789434,3.231996012957887
cumulative,110,82128,4013,Logistic Regression,42,C=0.1,0.6972441440555143,0.1588013459752768,0.4119112883129828,0.9516571143782706,1.8512334911537502
cumulative,110,82128,4013,Random Forest,42,depth=10,0.7861122711801205,0.14152251488821443,0.5093446299526538,1.2726140044854224,2.5447296287067034
cumulative,110,82128,4013,XGBoost,42,depth=3,0.788849729506964,0.12893791496753693,0.3827560428607027,0.8918514826812858,1.7403438823822577
cumulative,110,82128,4013,LightGBM,42,leaves=31,0.7957722253092692,0.1279112791305322,0.4151507600299028,1.0094692250186892,2.0
cumulative,110,82128,4013,Dummy,7,const,0.3231996012957887,0.3231996012957887,0.6463992025915773,1.6159980064789434,3.231996012957887
cumulative,110,82128,4013,Logistic Regression,7,C=0.1,0.6972441440555143,0.1588013459752768,0.4119112883129828,0.9516571143782706,1.8512334911537502
cumulative,110,82128,4013,Random Forest,7,depth=10,0.7833018871959552,0.14111899828241767,0.5076002990281585,1.2671318215798655,2.533017692499377
cumulative,110,82128,4013,XGBoost,7,depth=3,0.788849729506964,0.12893791496753693,0.3827560428607027,0.8918514826812858,1.7403438823822577
cumulative,110,82128,4013,LightGBM,7,leaves=31,0.7957722253092692,0.1279112791305322,0.4151507600299028,1.0094692250186892,2.0
cumulative,110,82128,4013,Dummy,123,const,0.3231996012957887,0.3231996012957887,0.6463992025915773,1.6159980064789434,3.231996012957887
cumulative,110,82128,4013,Logistic Regression,123,C=0.1,0.6972441440555143,0.1588013459752768,0.4119112883129828,0.9516571143782706,1.8512334911537502
cumulative,110,82128,4013,Random Forest,123,depth=10,0.7794924740877045,0.1411548118197516,0.5083478694243708,1.2693745327685024,2.5377523050087216
cumulative,110,82128,4013,XGBoost,123,depth=3,0.788849729506964,0.12893791496753693,0.3827560428607027,0.8918514826812858,1.7403438823822577
cumulative,110,82128,4013,LightGBM,123,leaves=31,0.7957722253092692,0.1279112791305322,0.4151507600299028,1.0094692250186892,2.0
cumulative,111,82946,4316,Dummy,42,const,0.327386468952734,0.327386468952734,0.654772937905468,1.63693234476367,3.27386468952734
cumulative,111,82946,4316,Logistic Regression,42,C=0.1,0.7291785178393189,0.1518107426700206,0.3911028730305839,0.9026876737720111,1.7553290083410564
cumulative,111,82946,4316,Random Forest,42,depth=10,0.7846411524932754,0.14143080844679048,0.5020852641334569,1.2534754402224282,2.5057924003707135
cumulative,111,82946,4316,XGBoost,42,depth=3,0.8010171248058713,0.12694323062896729,0.37279888785912885,0.8600556070435589,1.672150139017609
cumulative,111,82946,4316,LightGBM,42,leaves=15,0.8036146530791721,0.1276458077999224,0.3924930491195551,0.9381371640407785,1.8475440222428174
cumulative,111,82946,4316,Dummy,7,const,0.327386468952734,0.327386468952734,0.654772937905468,1.63693234476367,3.27386468952734
cumulative,111,82946,4316,Logistic Regression,7,C=0.1,0.7291785178393189,0.1518107426700206,0.3911028730305839,0.9026876737720111,1.7553290083410564
cumulative,111,82946,4316,Random Forest,7,depth=10,0.7946010087029958,0.14067695580006656,0.5027803521779426,1.2555607043558852,2.510194624652456
cumulative,111,82946,4316,XGBoost,7,depth=3,0.8010171248058713,0.12694323062896729,0.37279888785912885,0.8600556070435589,1.672150139017609
cumulative,111,82946,4316,LightGBM,7,leaves=15,0.8036146530791721,0.1276458077999224,0.3924930491195551,0.9381371640407785,1.8475440222428174
cumulative,111,82946,4316,Dummy,123,const,0.327386468952734,0.327386468952734,0.654772937905468,1.63693234476367,3.27386468952734
cumulative,111,82946,4316,Logistic Regression,123,C=0.1,0.7291785178393189,0.1518107426700206,0.3911028730305839,0.9026876737720111,1.7553290083410564
cumulative,111,82946,4316,Random Forest,123,depth=10,0.7909440086838289,0.1402705951188118,0.502548656163114,1.2546339202965708,2.5081093605189992
cumulative,111,82946,4316,XGBoost,123,depth=3,0.8010171248058713,0.12694323062896729,0.37279888785912885,0.8600556070435589,1.672150139017609
cumulative,111,82946,4316,LightGBM,123,leaves=15,0.8036146530791721,0.1276458077999224,0.3924930491195551,0.9381371640407785,1.8475440222428174
cumulative,112,83758,4626,Dummy,42,const,0.33052313013402507,0.33052313013402507,0.6610462602680501,1.6526156506701253,3.3052313013402506
cumulative,112,83758,4626,Logistic Regression,42,C=0.1,0.7278640670745922,0.15079291014610674,0.3942931258106355,0.914396887159533,1.7812364894076955
cumulative,112,83758,4626,Random Forest,42,depth=10,0.7899699258138851,0.141359529920868,0.4987029831387808,1.245136186770428,2.4891915261565067
cumulative,112,83758,4626,XGBoost,42,depth=3,0.7930899804728249,0.1307336837053299,0.3737570255079983,0.8620838737570256,1.675961954172071
cumulative,112,83758,4626,LightGBM,42,leaves=15,0.7968488559588902,0.1299981565844443,0.37267617812364895,0.8623000432338954,1.6783398184176395
cumulative,112,83758,4626,Dummy,7,const,0.33052313013402507,0.33052313013402507,0.6610462602680501,1.6526156506701253,3.3052313013402506
cumulative,112,83758,4626,Logistic Regression,7,C=0.1,0.7278640670745922,0.15079291014610674,0.3942931258106355,0.914396887159533,1.7812364894076955
cumulative,112,83758,4626,Random Forest,7,depth=10,0.7863121584556841,0.1425337945003722,0.5099437959360138,1.272589710332901,2.5436662343277128
cumulative,112,83758,4626,XGBoost,7,depth=3,0.7930899804728249,0.1307336837053299,0.3737570255079983,0.8620838737570256,1.675961954172071
cumulative,112,83758,4626,LightGBM,7,leaves=15,0.7968488559588902,0.1299981565844443,0.37267617812364895,0.8623000432338954,1.6783398184176395
cumulative,112,83758,4626,Dummy,123,const,0.33052313013402507,0.33052313013402507,0.6610462602680501,1.6526156506701253,3.3052313013402506
cumulative,112,83758,4626,Logistic Regression,123,C=0.1,0.7278640670745922,0.15079291014610674,0.3942931258106355,0.914396887159533,1.7812364894076955
cumulative,112,83758,4626,Random Forest,123,depth=10,0.785630940818718,0.14058627344030916,0.5045395590142672,1.25810635538262,2.5140510159965412
cumulative,112,83758,4626,XGBoost,123,depth=3,0.7930899804728249,0.1307336837053299,0.3737570255079983,0.8620838737570256,1.675961954172071
cumulative,112,83758,4626,LightGBM,123,leaves=15,0.7968488559588902,0.1299981565844443,0.37267617812364895,0.8623000432338954,1.6783398184176395
cumulative,113,84918,4637,Dummy,42,const,0.33944360577959887,0.33944360577959887,0.6788872115591977,1.6972180288979943,3.3944360577959887
cumulative,113,84918,4637,Logistic Regression,42,C=0.1,0.7394171425737393,0.14764003192094902,0.3819279706706923,0.8749191287470347,1.6965710588742722
cumulative,113,84918,4637,Random Forest,42,depth=10,0.8060358053498995,0.13870841758119484,0.49212853137804613,1.2219107181367264,2.4382143627345267
cumulative,113,84918,4637,XGBoost,42,depth=3,0.8110312278186208,0.12729467451572418,0.33944360577959887,0.7606210912227733,1.4625835669613974
cumulative,113,84918,4637,LightGBM,42,leaves=15,0.8161789441859528,0.12565611434411766,0.36359715333189563,0.8527064912659047,1.6678887211559197
cumulative,113,84918,4637,Dummy,7,const,0.33944360577959887,0.33944360577959887,0.6788872115591977,1.6972180288979943,3.3944360577959887
cumulative,113,84918,4637,Logistic Regression,7,C=0.1,0.7394171425737393,0.14764003192094902,0.3819279706706923,0.8749191287470347,1.6965710588742722
cumulative,113,84918,4637,Random Forest,7,depth=10,0.8066129771850057,0.14038556006950093,0.5173603623032133,1.2866077205089497,2.568686650851844
cumulative,113,84918,4637,XGBoost,7,depth=3,0.8110312278186208,0.12729467451572418,0.33944360577959887,0.7606210912227733,1.4625835669613974
cumulative,113,84918,4637,LightGBM,7,leaves=15,0.8161789441859528,0.12565611434411766,0.36359715333189563,0.8527064912659047,1.6678887211559197
cumulative,113,84918,4637,Dummy,123,const,0.33944360577959887,0.33944360577959887,0.6788872115591977,1.6972180288979943,3.3944360577959887
cumulative,113,84918,4637,Logistic Regression,123,C=0.1,0.7394171425737393,0.14764003192094902,0.3819279706706923,0.8749191287470347,1.6965710588742722
cumulative,113,84918,4637,Random Forest,123,depth=10,0.8081529434351911,0.13859143362412485,0.4856588311408238,1.207030407591115,2.4093163683416003
cumulative,113,84918,4637,XGBoost,123,depth=3,0.8110312278186208,0.12729467451572418,0.33944360577959887,0.7606210912227733,1.4625835669613974
cumulative,113,84918,4637,LightGBM,123,leaves=15,0.8161789441859528,0.12565611434411766,0.36359715333189563,0.8527064912659047,1.6678887211559197
cumulative,114,86141,4447,Dummy,42,const,0.33753091972116034,0.33753091972116034,0.6750618394423207,1.6876545986058016,3.375309197211603
cumulative,114,86141,4447,Logistic Regression,42,C=0.1,0.7665139118999076,0.13889884808016237,0.3564200584663818,0.821902406116483,1.5977063188666516
cumulative,114,86141,4447,Random Forest,42,depth=10,0.8329019556294636,0.1310296035460574,0.4483921744996627,1.1122104789745897,2.2185743197661343
cumulative,114,86141,4447,XGBoost,42,depth=3,0.84024826203387,0.11699949204921722,0.32134022936811335,0.7362266696649427,1.4277040701596582
cumulative,114,86141,4447,LightGBM,42,leaves=15,0.8394084518990337,0.11750380613027459,0.3163930739824601,0.7265572295929841,1.410164155610524
cumulative,114,86141,4447,Dummy,7,const,0.33753091972116034,0.33753091972116034,0.6750618394423207,1.6876545986058016,3.375309197211603
cumulative,114,86141,4447,Logistic Regression,7,C=0.1,0.7665139118999076,0.13889884808016237,0.3564200584663818,0.821902406116483,1.5977063188666516
cumulative,114,86141,4447,Random Forest,7,depth=10,0.8325849688445472,0.1307779355292887,0.45648751967618617,1.1324488419158985,2.259051045648752
cumulative,114,86141,4447,XGBoost,7,depth=3,0.84024826203387,0.11699949204921722,0.32134022936811335,0.7362266696649427,1.4277040701596582
cumulative,114,86141,4447,LightGBM,7,leaves=15,0.8394084518990337,0.11750380613027459,0.3163930739824601,0.7265572295929841,1.410164155610524
cumulative,114,86141,4447,Dummy,123,const,0.33753091972116034,0.33753091972116034,0.6750618394423207,1.6876545986058016,3.375309197211603
cumulative,114,86141,4447,Logistic Regression,123,C=0.1,0.7665139118999076,0.13889884808016237,0.3564200584663818,0.821902406116483,1.5977063188666516
cumulative,114,86141,4447,Random Forest,123,depth=10,0.8305040606438572,0.13052670682560574,0.4546885540814032,1.1266022037328536,2.246458286485271
cumulative,114,86141,4447,XGBoost,123,depth=3,0.84024826203387,0.11699949204921722,0.32134022936811335,0.7362266696649427,1.4277040701596582
cumulative,114,86141,4447,LightGBM,123,leaves=15,0.8394084518990337,0.11750380613027459,0.3163930739824601,0.7265572295929841,1.410164155610524
cumulative,115,87262,4401,Dummy,42,const,0.33037945921381506,0.33037945921381506,0.6607589184276301,1.6518972960690752,3.3037945921381504
cumulative,115,87262,4401,Logistic Regression,42,C=0.1,0.7460330931416934,0.1448126274971192,0.3665076119063849,0.8504885253351511,1.6571233810497614
cumulative,115,87262,4401,Random Forest,42,depth=10,0.8134949135730953,0.1344268967454086,0.44876164508066346,1.1113383321972279,2.215632810724835
cumulative,115,87262,4401,XGBoost,42,depth=3,0.8112937990632038,0.1258217841386795,0.3062940240854351,0.6812088161781413,1.3060668029993183
cumulative,115,87262,4401,LightGBM,42,leaves=15,0.8174109977414822,0.12295160884395992,0.31674619404680754,0.7141558736650762,1.3765053396955238
cumulative,115,87262,4401,Dummy,7,const,0.33037945921381506,0.33037945921381506,0.6607589184276301,1.6518972960690752,3.3037945921381504
cumulative,115,87262,4401,Logistic Regression,7,C=0.1,0.7460330931416934,0.1448126274971192,0.3665076119063849,0.8504885253351511,1.6571233810497614
cumulative,115,87262,4401,Random Forest,7,depth=10,0.8112616131440591,0.13543416352789153,0.4537605089752329,1.1238354919336515,2.2406271301976823
cumulative,115,87262,4401,XGBoost,7,depth=3,0.8112937990632038,0.1258217841386795,0.3062940240854351,0.6812088161781413,1.3060668029993183
cumulative,115,87262,4401,LightGBM,7,leaves=15,0.8174109977414822,0.12295160884395992,0.31674619404680754,0.7141558736650762,1.3765053396955238
cumulative,115,87262,4401,Dummy,123,const,0.33037945921381506,0.33037945921381506,0.6607589184276301,1.6518972960690752,3.3037945921381504
cumulative,115,87262,4401,Logistic Regression,123,C=0.1,0.7460330931416934,0.1448126274971192,0.3665076119063849,0.8504885253351511,1.6571233810497614
cumulative,115,87262,4401,Random Forest,123,depth=10,0.809121908393372,0.13468105166286323,0.46284935241990455,1.1451942740286298,2.282435810043172
cumulative,115,87262,4401,XGBoost,123,depth=3,0.8112937990632038,0.1258217841386795,0.3062940240854351,0.6812088161781413,1.3060668029993183
cumulative,115,87262,4401,LightGBM,123,leaves=15,0.8174109977414822,0.12295160884395992,0.31674619404680754,0.7141558736650762,1.3765053396955238
cumulative,116,88384,4540,Dummy,42,const,0.36123348017621143,0.36123348017621143,0.7224669603524229,1.8061674008810573,3.6123348017621146
cumulative,116,88384,4540,Logistic Regression,42,C=1.0,0.7765120440850194,0.14536459059753962,0.3907488986784141,0.9114537444933921,1.779295154185022
cumulative,116,88384,4540,Random Forest,42,depth=10,0.8333859465375704,0.1371012732095753,0.46651982378854623,1.155726872246696,2.3044052863436124
cumulative,116,88384,4540,XGBoost,42,depth=3,0.8415717397005993,0.12477581202983856,0.31916299559471367,0.710352422907489,1.3623348017621146
cumulative,116,88384,4540,LightGBM,42,leaves=15,0.8425149823661838,0.12389473977664972,0.31651982378854626,0.7050660792951542,1.3526431718061673
cumulative,116,88384,4540,Dummy,7,const,0.36123348017621143,0.36123348017621143,0.7224669603524229,1.8061674008810573,3.6123348017621146
cumulative,116,88384,4540,Logistic Regression,7,C=1.0,0.7765120440850194,0.14536459059753962,0.3907488986784141,0.9114537444933921,1.779295154185022
cumulative,116,88384,4540,Random Forest,7,depth=10,0.8298586697600305,0.1396643284434269,0.4687224669603524,1.1625550660792952,2.318942731277533
cumulative,116,88384,4540,XGBoost,7,depth=3,0.8415717397005993,0.12477581202983856,0.31916299559471367,0.710352422907489,1.3623348017621146
cumulative,116,88384,4540,LightGBM,7,leaves=15,0.8425149823661838,0.12389473977664972,0.31651982378854626,0.7050660792951542,1.3526431718061673
cumulative,116,88384,4540,Dummy,123,const,0.36123348017621143,0.36123348017621143,0.7224669603524229,1.8061674008810573,3.6123348017621146
cumulative,116,88384,4540,Logistic Regression,123,C=1.0,0.7765120440850194,0.14536459059753962,0.3907488986784141,0.9114537444933921,1.779295154185022
cumulative,116,88384,4540,Random Forest,123,depth=10,0.8326005310392147,0.13692353882917424,0.46651982378854623,1.1563876651982379,2.306167400881057
cumulative,116,88384,4540,XGBoost,123,depth=3,0.8415717397005993,0.12477581202983856,0.31916299559471367,0.710352422907489,1.3623348017621146
cumulative,116,88384,4540,LightGBM,123,leaves=15,0.8425149823661838,0.12389473977664972,0.31651982378854626,0.7050660792951542,1.3526431718061673
cumulative,117,89555,4788,Dummy,42,const,0.38220551378446116,0.38220551378446116,0.7644110275689223,1.9110275689223057,3.8220551378446115
cumulative,117,89555,4788,Logistic Regression,42,C=1.0,0.793081862177909,0.14918398265119376,0.42251461988304095,0.9901837928153717,1.936299081035923
cumulative,117,89555,4788,Random Forest,42,depth=10,0.8289159005270043,0.14735176026717964,0.5300751879699248,1.3201754385964912,2.637009189640769
cumulative,117,89555,4788,XGBoost,42,depth=3,0.8395222934831125,0.13224056363105774,0.34210526315789475,0.7725563909774437,1.4899749373433584
cumulative,117,89555,4788,LightGBM,42,leaves=31,0.8454618086659764,0.12910135211701873,0.3460735171261487,0.7852965747702589,1.5173350041771094
cumulative,117,89555,4788,Dummy,7,const,0.38220551378446116,0.38220551378446116,0.7644110275689223,1.9110275689223057,3.8220551378446115
cumulative,117,89555,4788,Logistic Regression,7,C=1.0,0.793081862177909,0.14918398265119376,0.42251461988304095,0.9901837928153717,1.936299081035923
cumulative,117,89555,4788,Random Forest,7,depth=10,0.8304912708298211,0.14774330836184843,0.5327903091060986,1.3279030910609857,2.6530910609857976
cumulative,117,89555,4788,XGBoost,7,depth=3,0.8395222934831125,0.13224056363105774,0.34210526315789475,0.7725563909774437,1.4899749373433584
cumulative,117,89555,4788,LightGBM,7,leaves=31,0.8454618086659764,0.12910135211701873,0.3460735171261487,0.7852965747702589,1.5173350041771094
cumulative,117,89555,4788,Dummy,123,const,0.38220551378446116,0.38220551378446116,0.7644110275689223,1.9110275689223057,3.8220551378446115
cumulative,117,89555,4788,Logistic Regression,123,C=1.0,0.793081862177909,0.14918398265119376,0.42251461988304095,0.9901837928153717,1.936299081035923
cumulative,117,89555,4788,Random Forest,123,depth=10,0.8305113356592836,0.1456974347489453,0.5332080200501254,1.3276942355889725,2.6518379281537174
cumulative,117,89555,4788,XGBoost,123,depth=3,0.8395222934831125,0.13224056363105774,0.34210526315789475,0.7725563909774437,1.4899749373433584
cumulative,117,89555,4788,LightGBM,123,leaves=31,0.8454618086659764,0.12910135211701873,0.3460735171261487,0.7852965747702589,1.5173350041771094
cumulative,118,90588,4984,Dummy,42,const,0.40509630818619585,0.40509630818619585,0.8101926163723917,2.025481540930979,4.050963081861958
cumulative,118,90588,4984,Logistic Regression,42,C=0.1,0.8288482426827594,0.14390446042023797,0.44181380417335475,1.0545746388443018,2.0758426966292136
cumulative,118,90588,4984,Random Forest,42,depth=10,0.8532060431862594,0.14602357320705334,0.5640048154093098,1.4054975922953452,2.807985553772071
cumulative,118,90588,4984,XGBoost,42,depth=3,0.8642457092391442,0.1280403733253479,0.3651685393258427,0.8436998394863563,1.6412520064205458
cumulative,118,90588,4984,LightGBM,42,leaves=15,0.8632402942633133,0.1283835894010121,0.3563402889245586,0.8144060995184591,1.5778491171749598
cumulative,118,90588,4984,Dummy,7,const,0.40509630818619585,0.40509630818619585,0.8101926163723917,2.025481540930979,4.050963081861958
cumulative,118,90588,4984,Logistic Regression,7,C=0.1,0.8288482426827594,0.14390446042023797,0.44181380417335475,1.0545746388443018,2.0758426966292136
cumulative,118,90588,4984,Random Forest,7,depth=10,0.8548598041070951,0.1453927584613242,0.5668138041733547,1.4143258426966292,2.826845906902087
cumulative,118,90588,4984,XGBoost,7,depth=3,0.8642457092391442,0.1280403733253479,0.3651685393258427,0.8436998394863563,1.6412520064205458
cumulative,118,90588,4984,LightGBM,7,leaves=15,0.8632402942633133,0.1283835894010121,0.3563402889245586,0.8144060995184591,1.5778491171749598
cumulative,118,90588,4984,Dummy,123,const,0.40509630818619585,0.40509630818619585,0.8101926163723917,2.025481540930979,4.050963081861958
cumulative,118,90588,4984,Logistic Regression,123,C=0.1,0.8288482426827594,0.14390446042023797,0.44181380417335475,1.0545746388443018,2.0758426966292136
cumulative,118,90588,4984,Random Forest,123,depth=10,0.8541959991686748,0.14563385951094207,0.5611958266452648,1.4002808988764044,2.798756019261637
cumulative,118,90588,4984,XGBoost,123,depth=3,0.8642457092391442,0.1280403733253479,0.3651685393258427,0.8436998394863563,1.6412520064205458
cumulative,118,90588,4984,LightGBM,123,leaves=15,0.8632402942633133,0.1283835894010121,0.3563402889245586,0.8144060995184591,1.5778491171749598
cumulative,119,91663,5375,Dummy,42,const,0.4394418604651163,0.4394418604651163,0.8788837209302326,2.1972093023255814,4.394418604651163
cumulative,119,91663,5375,Logistic Regression,42,C=1.0,0.8633433747212026,0.1381089269948897,0.4483720930232558,1.0746046511627907,2.1183255813953488
cumulative,119,91663,5375,Random Forest,42,depth=10,0.8811202952850192,0.14549513731047584,0.592,1.4772093023255815,2.952558139534884
cumulative,119,91663,5375,XGBoost,42,depth=3,0.8899155454014094,0.1273232400417328,0.3685581395348837,0.8675348837209302,1.6991627906976745
cumulative,119,91663,5375,LightGBM,42,leaves=15,0.8890422008187499,0.12720381116345103,0.36427906976744184,0.845953488372093,1.6487441860465115
cumulative,119,91663,5375,Dummy,7,const,0.4394418604651163,0.4394418604651163,0.8788837209302326,2.1972093023255814,4.394418604651163
cumulative,119,91663,5375,Logistic Regression,7,C=1.0,0.8633433747212026,0.1381089269948897,0.4483720930232558,1.0746046511627907,2.1183255813953488
cumulative,119,91663,5375,Random Forest,7,depth=10,0.881004144946874,0.1440022427865077,0.5886511627906976,1.4688372093023256,2.9358139534883723
cumulative,119,91663,5375,XGBoost,7,depth=3,0.8899155454014094,0.1273232400417328,0.3685581395348837,0.8675348837209302,1.6991627906976745
cumulative,119,91663,5375,LightGBM,7,leaves=15,0.8890422008187499,0.12720381116345103,0.36427906976744184,0.845953488372093,1.6487441860465115
cumulative,119,91663,5375,Dummy,123,const,0.4394418604651163,0.4394418604651163,0.8788837209302326,2.1972093023255814,4.394418604651163
cumulative,119,91663,5375,Logistic Regression,123,C=1.0,0.8633433747212026,0.1381089269948897,0.4483720930232558,1.0746046511627907,2.1183255813953488
cumulative,119,91663,5375,Random Forest,123,depth=10,0.8812571957633591,0.14340120897571496,0.5892093023255814,1.4705116279069768,2.939348837209302
cumulative,119,91663,5375,XGBoost,123,depth=3,0.8899155454014094,0.1273232400417328,0.3685581395348837,0.8675348837209302,1.6991627906976745
cumulative,119,91663,5375,LightGBM,123,leaves=15,0.8890422008187499,0.12720381116345103,0.36427906976744184,0.845953488372093,1.6487441860465115
cumulative,120,92924,5603,Dummy,42,const,0.44975905764768875,0.44975905764768875,0.8995181152953775,2.2487952882384437,4.497590576476887
cumulative,120,92924,5603,Logistic Regression,42,C=0.1,0.8713526458402545,0.1391711910195451,0.44511868641799035,1.0656791004818846,2.099946457255042
cumulative,120,92924,5603,Random Forest,42,depth=10,0.8905709248383892,0.144630307754798,0.609494913439229,1.5218632875245404,3.042477244333393
cumulative,120,92924,5603,XGBoost,42,depth=3,0.8938023229329031,0.12622897326946259,0.36998036766018205,0.8663216134213814,1.6935570230233803
cumulative,120,92924,5603,LightGBM,42,leaves=15,0.8938531641821407,0.12723753506625513,0.37551311797251474,0.8820274852757451,1.7262180974477959
cumulative,120,92924,5603,Dummy,7,const,0.44975905764768875,0.44975905764768875,0.8995181152953775,2.2487952882384437,4.497590576476887
cumulative,120,92924,5603,Logistic Regression,7,C=0.1,0.8713526458402545,0.1391711910195451,0.44511868641799035,1.0656791004818846,2.099946457255042
cumulative,120,92924,5603,Random Forest,7,depth=10,0.8861125419200931,0.1460099320690211,0.6069962520078529,1.5156166339461004,3.0299839371765125
cumulative,120,92924,5603,XGBoost,7,depth=3,0.8938023229329031,0.12622897326946259,0.36998036766018205,0.8663216134213814,1.6935570230233803
cumulative,120,92924,5603,LightGBM,7,leaves=15,0.8938531641821407,0.12723753506625513,0.37551311797251474,0.8820274852757451,1.7262180974477959
cumulative,120,92924,5603,Dummy,123,const,0.44975905764768875,0.44975905764768875,0.8995181152953775,2.2487952882384437,4.497590576476887
cumulative,120,92924,5603,Logistic Regression,123,C=0.1,0.8713526458402545,0.1391711910195451,0.44511868641799035,1.0656791004818846,2.099946457255042
cumulative,120,92924,5603,Random Forest,123,depth=10,0.8854784006714236,0.14559001715878553,0.6096733892557559,1.5225771907906478,3.0440835266821344
cumulative,120,92924,5603,XGBoost,123,depth=3,0.8938023229329031,0.12622897326946259,0.36998036766018205,0.8663216134213814,1.6935570230233803
cumulative,120,92924,5603,LightGBM,123,leaves=15,0.8938531641821407,0.12723753506625513,0.37551311797251474,0.8820274852757451,1.7262180974477959
cumulative,121,94343,5457,Dummy,42,const,0.4370533260032985,0.4370533260032985,0.874106652006597,2.1852666300164927,4.370533260032985
cumulative,121,94343,5457,Logistic Regression,42,C=1.0,0.8691040822060747,0.13569087508823774,0.41029869891881987,0.9781931464174455,1.9246838922484881
cumulative,121,94343,5457,Random Forest,42,depth=10,0.8894646984699957,0.14229758679619778,0.5944658237126627,1.4850650540590067,2.969397104636247
cumulative,121,94343,5457,XGBoost,42,depth=3,0.8911071971863702,0.12471973150968552,0.3423126259849734,0.795858530328019,1.5517683708997618
cumulative,121,94343,5457,LightGBM,42,leaves=15,0.8937210026575971,0.12358873133271031,0.3523914238592633,0.8185816382627817,1.5955653289353124
cumulative,121,94343,5457,Dummy,7,const,0.4370533260032985,0.4370533260032985,0.874106652006597,2.1852666300164927,4.370533260032985
cumulative,121,94343,5457,Logistic Regression,7,C=1.0,0.8691040822060747,0.13569087508823774,0.41029869891881987,0.9781931464174455,1.9246838922484881
cumulative,121,94343,5457,Random Forest,7,depth=10,0.88889665081143,0.1431268750166574,0.5946490745831042,1.4857980575407732,2.9710463624702217
cumulative,121,94343,5457,XGBoost,7,depth=3,0.8911071971863702,0.12471973150968552,0.3423126259849734,0.795858530328019,1.5517683708997618
cumulative,121,94343,5457,LightGBM,7,leaves=15,0.8937210026575971,0.12358873133271031,0.3523914238592633,0.8185816382627817,1.5955653289353124
cumulative,121,94343,5457,Dummy,123,const,0.4370533260032985,0.4370533260032985,0.874106652006597,2.1852666300164927,4.370533260032985
cumulative,121,94343,5457,Logistic Regression,123,C=1.0,0.8691040822060747,0.13569087508823774,0.41029869891881987,0.9781931464174455,1.9246838922484881
cumulative,121,94343,5457,Random Forest,123,depth=10,0.8868874010708697,0.1424541960879363,0.5906175554333883,1.4757192596664834,2.950888766721642
cumulative,121,94343,5457,XGBoost,123,depth=3,0.8911071971863702,0.12471973150968552,0.3423126259849734,0.795858530328019,1.5517683708997618
cumulative,121,94343,5457,LightGBM,123,leaves=15,0.8937210026575971,0.12358873133271031,0.3523914238592633,0.8185816382627817,1.5955653289353124
cumulative,122,95572,5750,Dummy,42,const,0.4537391304347826,0.4537391304347826,0.9074782608695652,2.2686956521739132,4.5373913043478264
cumulative,122,95572,5750,Logistic Regression,42,C=0.1,0.8860048961074627,0.13176590485429884,0.388,0.9201739130434783,1.8071304347826087
cumulative,122,95572,5750,Random Forest,42,depth=10,0.8976000295815598,0.1386919655103654,0.5598260869565217,1.3982608695652174,2.7956521739130435
cumulative,122,95572,5750,XGBoost,42,depth=3,0.9077500860778592,0.11895090341567993,0.3226086956521739,0.7405217391304347,1.4370434782608696
cumulative,122,95572,5750,LightGBM,42,leaves=31,0.906299485779373,0.11897061030214666,0.3347826086956522,0.7735652173913043,1.5048695652173913
cumulative,122,95572,5750,Dummy,7,const,0.4537391304347826,0.4537391304347826,0.9074782608695652,2.2686956521739132,4.5373913043478264
cumulative,122,95572,5750,Logistic Regression,7,C=0.1,0.8860048961074627,0.13176590485429884,0.388,0.9201739130434783,1.8071304347826087
cumulative,122,95572,5750,Random Forest,7,depth=10,0.89775575300765,0.1391415480697427,0.5570434782608695,1.391304347826087,2.7817391304347825
cumulative,122,95572,5750,XGBoost,7,depth=3,0.9077500860778592,0.11895090341567993,0.3226086956521739,0.7405217391304347,1.4370434782608696
cumulative,122,95572,5750,LightGBM,7,leaves=31,0.906299485779373,0.11897061030214666,0.3347826086956522,0.7735652173913043,1.5048695652173913
cumulative,122,95572,5750,Dummy,123,const,0.4537391304347826,0.4537391304347826,0.9074782608695652,2.2686956521739132,4.5373913043478264
cumulative,122,95572,5750,Logistic Regression,123,C=0.1,0.8860048961074627,0.13176590485429884,0.388,0.9201739130434783,1.8071304347826087
cumulative,122,95572,5750,Random Forest,123,depth=10,0.897226688460589,0.13802643591470068,0.5603478260869565,1.398782608695652,2.796173913043478
cumulative,122,95572,5750,XGBoost,123,depth=3,0.9077500860778592,0.11895090341567993,0.3226086956521739,0.7405217391304347,1.4370434782608696
cumulative,122,95572,5750,LightGBM,123,leaves=31,0.906299485779373,0.11897061030214666,0.3347826086956522,0.7735652173913043,1.5048695652173913
cumulative,123,97038,5686,Dummy,42,const,0.4347520225114316,0.4347520225114316,0.8695040450228632,2.173760112557158,4.347520225114316
cumulative,123,97038,5686,Logistic Regression,42,C=0.1,0.8546232379991202,0.14286696700660673,0.40731621526556455,0.9565599718607105,1.8719662328526205
cumulative,123,97038,5686,Random Forest,42,depth=10,0.8761870542315245,0.14509455137741376,0.574393246570524,1.4338726697150896,2.8663383749560323
cumulative,123,97038,5686,XGBoost,42,depth=3,0.8781564861036428,0.1316189169883728,0.3739008090045726,0.8629968343299331,1.6781568765388675
cumulative,123,97038,5686,LightGBM,42,leaves=15,0.884724211008816,0.1282512107996989,0.3635244460077383,0.8367921209989447,1.6255715793176222
cumulative,123,97038,5686,Dummy,7,const,0.4347520225114316,0.4347520225114316,0.8695040450228632,2.173760112557158,4.347520225114316
cumulative,123,97038,5686,Logistic Regression,7,C=0.1,0.8546232379991202,0.14286696700660673,0.40731621526556455,0.9565599718607105,1.8719662328526205
cumulative,123,97038,5686,Random Forest,7,depth=10,0.8733553292101454,0.1468201112105519,0.5677101653183257,1.4176925782623988,2.8343299331691876
cumulative,123,97038,5686,XGBoost,7,depth=3,0.8781564861036428,0.1316189169883728,0.3739008090045726,0.8629968343299331,1.6781568765388675
cumulative,123,97038,5686,LightGBM,7,leaves=15,0.884724211008816,0.1282512107996989,0.3635244460077383,0.8367921209989447,1.6255715793176222
cumulative,123,97038,5686,Dummy,123,const,0.4347520225114316,0.4347520225114316,0.8695040450228632,2.173760112557158,4.347520225114316
cumulative,123,97038,5686,Logistic Regression,123,C=0.1,0.8546232379991202,0.14286696700660673,0.40731621526556455,0.9565599718607105,1.8719662328526205
cumulative,123,97038,5686,Random Forest,123,depth=10,0.8732128561791546,0.1455346619257019,0.574393246570524,1.4338726697150896,2.8663383749560323
cumulative,123,97038,5686,XGBoost,123,depth=3,0.8781564861036428,0.1316189169883728,0.3739008090045726,0.8629968343299331,1.6781568765388675
cumulative,123,97038,5686,LightGBM,123,leaves=15,0.884724211008816,0.1282512107996989,0.3635244460077383,0.8367921209989447,1.6255715793176222
cumulative,124,98527,5683,Dummy,42,const,0.4289987682562027,0.4289987682562027,0.8579975365124054,2.1449938412810137,4.289987682562027
cumulative,124,98527,5683,Logistic Regression,42,C=0.1,0.8624113321930601,0.13982460303692876,0.37357029737814534,0.8671476332922752,1.6897765264824915
cumulative,124,98527,5683,Random Forest,42,depth=10,0.8765869462305411,0.1420259515786039,0.5426711244061235,1.353510469822277,2.7049093788491994
cumulative,124,98527,5683,XGBoost,42,depth=3,0.8864698349783634,0.12545353174209595,0.3466478972373746,0.7916593348583495,1.5333450642266409
cumulative,124,98527,5683,LightGBM,42,leaves=15,0.8844411162070582,0.12686632705422018,0.34629597043814886,0.7907795178602851,1.531585430230512
cumulative,124,98527,5683,Dummy,7,const,0.4289987682562027,0.4289987682562027,0.8579975365124054,2.1449938412810137,4.289987682562027
cumulative,124,98527,5683,Logistic Regression,7,C=0.1,0.8624113321930601,0.13982460303692876,0.37357029737814534,0.8671476332922752,1.6897765264824915
cumulative,124,98527,5683,Random Forest,7,depth=10,0.8773780059947703,0.14101492834895962,0.5379201126165758,1.3413689952489882,2.680450466303009
cumulative,124,98527,5683,XGBoost,7,depth=3,0.8864698349783634,0.12545353174209595,0.3466478972373746,0.7916593348583495,1.5333450642266409
cumulative,124,98527,5683,LightGBM,7,leaves=15,0.8844411162070582,0.12686632705422018,0.34629597043814886,0.7907795178602851,1.531585430230512
cumulative,124,98527,5683,Dummy,123,const,0.4289987682562027,0.4289987682562027,0.8579975365124054,2.1449938412810137,4.289987682562027
cumulative,124,98527,5683,Logistic Regression,123,C=0.1,0.8624113321930601,0.13982460303692876,0.37357029737814534,0.8671476332922752,1.6897765264824915
cumulative,124,98527,5683,Random Forest,123,depth=10,0.8784346211221172,0.1412527258290826,0.5400316734119304,1.3466478972373745,2.6910082702797817
cumulative,124,98527,5683,XGBoost,123,depth=3,0.8864698349783634,0.12545353174209595,0.3466478972373746,0.7916593348583495,1.5333450642266409
cumulative,124,98527,5683,LightGBM,123,leaves=15,0.8844411162070582,0.12686632705422018,0.34629597043814886,0.7907795178602851,1.531585430230512
cumulative,125,99800,5714,Dummy,42,const,0.4410220511025551,0.4410220511025551,0.8820441022051102,2.2051102555127757,4.4102205110255515
cumulative,125,99800,5714,Logistic Regression,42,C=0.1,0.8725277034898333,0.13868160949209882,0.36121806090304515,0.8326916345817291,1.6184809240462024
cumulative,125,99800,5714,Random Forest,42,depth=10,0.8838120015161229,0.13924721899127587,0.5070003500175009,1.2640882044102204,2.5259012950647532
cumulative,125,99800,5714,XGBoost,42,depth=3,0.8953793453967601,0.12533122301101685,0.33111655582779137,0.7537626881344067,1.4581729086454323
cumulative,125,99800,5714,LightGBM,42,leaves=31,0.8935468222692121,0.12628668606207366,0.3216660833041652,0.7248862443122156,1.3969198459922996
cumulative,125,99800,5714,Dummy,7,const,0.4410220511025551,0.4410220511025551,0.8820441022051102,2.2051102555127757,4.4102205110255515
cumulative,125,99800,5714,Logistic Regression,7,C=0.1,0.8725277034898333,0.13868160949209882,0.36121806090304515,0.8326916345817291,1.6184809240462024
cumulative,125,99800,5714,Random Forest,7,depth=10,0.8846455887199173,0.1401246793545039,0.5122506125306265,1.2772138606930346,2.5521526076303815
cumulative,125,99800,5714,XGBoost,7,depth=3,0.8953793453967601,0.12533122301101685,0.33111655582779137,0.7537626881344067,1.4581729086454323
cumulative,125,99800,5714,LightGBM,7,leaves=31,0.8935468222692121,0.12628668606207366,0.3216660833041652,0.7248862443122156,1.3969198459922996
cumulative,125,99800,5714,Dummy,123,const,0.4410220511025551,0.4410220511025551,0.8820441022051102,2.2051102555127757,4.4102205110255515
cumulative,125,99800,5714,Logistic Regression,123,C=0.1,0.8725277034898333,0.13868160949209882,0.36121806090304515,0.8326916345817291,1.6184809240462024
cumulative,125,99800,5714,Random Forest,123,depth=10,0.8848621391142928,0.1385809513755864,0.5099754987749388,1.2712635631781588,2.5400770038501923
cumulative,125,99800,5714,XGBoost,123,depth=3,0.8953793453967601,0.12533122301101685,0.33111655582779137,0.7537626881344067,1.4581729086454323
cumulative,125,99800,5714,LightGBM,123,leaves=31,0.8935468222692121,0.12628668606207366,0.3216660833041652,0.7248862443122156,1.3969198459922996
cumulative,126,101322,5487,Dummy,42,const,0.42536905412793874,0.42536905412793874,0.8507381082558775,2.1268452706396936,4.253690541279387
cumulative,126,101322,5487,Logistic Regression,42,C=0.1,0.841304517478048,0.1496103197237056,0.37525059230909424,0.8596683069072353,1.6670311645708038
cumulative,126,101322,5487,Random Forest,42,depth=10,0.8596033650156727,0.1466736014826954,0.5308911973756151,1.3209404045926736,2.6376890832877713
cumulative,126,101322,5487,XGBoost,42,depth=3,0.8702724482004643,0.13504910469055176,0.36139967195188627,0.8195735374521597,1.583196646619282
cumulative,126,101322,5487,LightGBM,42,leaves=63,0.8708458508649667,0.1336120749140847,0.3497357390195006,0.7942409331146346,1.535082923273191
cumulative,126,101322,5487,Dummy,7,const,0.42536905412793874,0.42536905412793874,0.8507381082558775,2.1268452706396936,4.253690541279387
cumulative,126,101322,5487,Logistic Regression,7,C=0.1,0.841304517478048,0.1496103197237056,0.37525059230909424,0.8596683069072353,1.6670311645708038
cumulative,126,101322,5487,Random Forest,7,depth=10,0.8573368468836697,0.1471049754484393,0.526699471478039,1.310734463276836,2.6174594496081647
cumulative,126,101322,5487,XGBoost,7,depth=3,0.8702724482004643,0.13504910469055176,0.36139967195188627,0.8195735374521597,1.583196646619282
cumulative,126,101322,5487,LightGBM,7,leaves=63,0.8708458508649667,0.1336120749140847,0.3497357390195006,0.7942409331146346,1.535082923273191
cumulative,126,101322,5487,Dummy,123,const,0.42536905412793874,0.42536905412793874,0.8507381082558775,2.1268452706396936,4.253690541279387
cumulative,126,101322,5487,Logistic Regression,123,C=0.1,0.841304517478048,0.1496103197237056,0.37525059230909424,0.8596683069072353,1.6670311645708038
cumulative,126,101322,5487,Random Forest,123,depth=10,0.859678970172391,0.14670626493765768,0.5310734463276836,1.3216694004009477,2.639329323856388
cumulative,126,101322,5487,XGBoost,123,depth=3,0.8702724482004643,0.13504910469055176,0.36139967195188627,0.8195735374521597,1.583196646619282
cumulative,126,101322,5487,LightGBM,123,leaves=63,0.8708458508649667,0.1336120749140847,0.3497357390195006,0.7942409331146346,1.535082923273191
cumulative,127,102724,5280,Dummy,42,const,0.4359848484848485,0.4359848484848485,0.871969696969697,2.179924242424242,4.359848484848484
cumulative,127,102724,5280,Logistic Regression,42,C=0.1,0.8536086419590801,0.14573099009335388,0.3640151515151515,0.8361742424242424,1.6231060606060606
cumulative,127,102724,5280,Random Forest,42,depth=10,0.8739437944907328,0.14344479733996618,0.518560606060606,1.2912878787878788,2.5791666666666666
cumulative,127,102724,5280,XGBoost,42,depth=3,0.8803704090091332,0.13239750266075134,0.3431818181818182,0.7789772727272727,1.5053030303030304
cumulative,127,102724,5280,LightGBM,42,leaves=31,0.8816338958647798,0.13177332922562773,0.3392045454545455,0.772159090909091,1.49375
cumulative,127,102724,5280,Dummy,7,const,0.4359848484848485,0.4359848484848485,0.871969696969697,2.179924242424242,4.359848484848484
cumulative,127,102724,5280,Logistic Regression,7,C=0.1,0.8536086419590801,0.14573099009335388,0.3640151515151515,0.8361742424242424,1.6231060606060606
cumulative,127,102724,5280,Random Forest,7,depth=10,0.8711611142965223,0.14341606286037975,0.5111742424242425,1.2725378787878787,2.5414772727272728
cumulative,127,102724,5280,XGBoost,7,depth=3,0.8803704090091332,0.13239750266075134,0.3431818181818182,0.7789772727272727,1.5053030303030304
cumulative,127,102724,5280,LightGBM,7,leaves=31,0.8816338958647798,0.13177332922562773,0.3392045454545455,0.772159090909091,1.49375
cumulative,127,102724,5280,Dummy,123,const,0.4359848484848485,0.4359848484848485,0.871969696969697,2.179924242424242,4.359848484848484
cumulative,127,102724,5280,Logistic Regression,123,C=0.1,0.8536086419590801,0.14573099009335388,0.3640151515151515,0.8361742424242424,1.6231060606060606
cumulative,127,102724,5280,Random Forest,123,depth=10,0.8752414699355641,0.1429419081726899,0.525,1.3073863636363636,2.6113636363636363
cumulative,127,102724,5280,XGBoost,123,depth=3,0.8803704090091332,0.13239750266075134,0.3431818181818182,0.7789772727272727,1.5053030303030304
cumulative,127,102724,5280,LightGBM,123,leaves=31,0.8816338958647798,0.13177332922562773,0.3392045454545455,0.772159090909091,1.49375
cumulative,128,104210,5126,Dummy,42,const,0.4270386266094421,0.4270386266094421,0.8540772532188842,2.1351931330472103,4.2703862660944205
cumulative,128,104210,5126,Logistic Regression,42,C=0.1,0.8239491998841104,0.154323485815684,0.37885290674990246,0.8605150214592274,1.663285212641436
cumulative,128,104210,5126,Random Forest,42,depth=10,0.8565421515687749,0.14948066093083337,0.5536480686695279,1.3800234100663284,2.757315645727663
cumulative,128,104210,5126,XGBoost,42,depth=3,0.8616893962447915,0.13829505443572998,0.37300039016777214,0.8470542333203277,1.6371439719079204
cumulative,128,104210,5126,LightGBM,42,leaves=31,0.8646739319385334,0.1358617492781169,0.3644166991806477,0.8267655091689426,1.5973468591494342
cumulative,128,104210,5126,Dummy,7,const,0.4270386266094421,0.4270386266094421,0.8540772532188842,2.1351931330472103,4.2703862660944205
cumulative,128,104210,5126,Logistic Regression,7,C=0.1,0.8239491998841104,0.154323485815684,0.37885290674990246,0.8605150214592274,1.663285212641436
cumulative,128,104210,5126,Random Forest,7,depth=10,0.8491458430375772,0.15132600445850158,0.5458447132266875,1.3599297698010144,2.7167381974248928
cumulative,128,104210,5126,XGBoost,7,depth=3,0.8616893962447915,0.13829505443572998,0.37300039016777214,0.8470542333203277,1.6371439719079204
cumulative,128,104210,5126,LightGBM,7,leaves=31,0.8646739319385334,0.1358617492781169,0.3644166991806477,0.8267655091689426,1.5973468591494342
cumulative,128,104210,5126,Dummy,123,const,0.4270386266094421,0.4270386266094421,0.8540772532188842,2.1351931330472103,4.2703862660944205
cumulative,128,104210,5126,Logistic Regression,123,C=0.1,0.8239491998841104,0.154323485815684,0.37885290674990246,0.8605150214592274,1.663285212641436
cumulative,128,104210,5126,Random Forest,123,depth=10,0.8553663752699167,0.14906473806516132,0.5468201326570425,1.3620756925477955,2.7208349590323837
cumulative,128,104210,5126,XGBoost,123,depth=3,0.8616893962447915,0.13829505443572998,0.37300039016777214,0.8470542333203277,1.6371439719079204
cumulative,128,104210,5126,LightGBM,123,leaves=31,0.8646739319385334,0.1358617492781169,0.3644166991806477,0.8267655091689426,1.5973468591494342
cumulative,129,105514,5001,Dummy,42,const,0.40891821635672865,0.40891821635672865,0.8178364327134573,2.0445910817836435,4.089182163567287
cumulative,129,105514,5001,Logistic Regression,42,C=0.1,0.789371854793624,0.16038450891469727,0.3893221355728854,0.8764247150569886,1.6882623475304939
cumulative,129,105514,5001,Random Forest,42,depth=10,0.8228520800420535,0.15706039280409664,0.5992801439712058,1.4913017396520696,2.978004399120176
cumulative,129,105514,5001,XGBoost,42,depth=3,0.8341439267554148,0.14215831458568573,0.40431913617276544,0.9190161967606478,1.7768446310737853
cumulative,129,105514,5001,LightGBM,42,leaves=15,0.8300433601520126,0.14314127471063473,0.40111977604479104,0.905618876224755,1.7464507098580284
cumulative,129,105514,5001,Dummy,7,const,0.40891821635672865,0.40891821635672865,0.8178364327134573,2.0445910817836435,4.089182163567287
cumulative,129,105514,5001,Logistic Regression,7,C=0.1,0.789371854793624,0.16038450891469727,0.3893221355728854,0.8764247150569886,1.6882623475304939
cumulative,129,105514,5001,Random Forest,7,depth=10,0.8212049006031599,0.15744408743060112,0.5986802639472105,1.489502099580084,2.974205158968206
cumulative,129,105514,5001,XGBoost,7,depth=3,0.8341439267554148,0.14215831458568573,0.40431913617276544,0.9190161967606478,1.7768446310737853
cumulative,129,105514,5001,LightGBM,7,leaves=15,0.8300433601520126,0.14314127471063473,0.40111977604479104,0.905618876224755,1.7464507098580284
cumulative,129,105514,5001,Dummy,123,const,0.40891821635672865,0.40891821635672865,0.8178364327134573,2.0445910817836435,4.089182163567287
cumulative,129,105514,5001,Logistic Regression,123,C=0.1,0.789371854793624,0.16038450891469727,0.3893221355728854,0.8764247150569886,1.6882623475304939
cumulative,129,105514,5001,Random Forest,123,depth=10,0.8206898131839103,0.15578577084187434,0.595880823835233,1.48250349930014,2.9602079584083185
cumulative,129,105514,5001,XGBoost,123,depth=3,0.8341439267554148,0.14215831458568573,0.40431913617276544,0.9190161967606478,1.7768446310737853
cumulative,129,105514,5001,LightGBM,123,leaves=15,0.8300433601520126,0.14314127471063473,0.40111977604479104,0.905618876224755,1.7464507098580284
cumulative,130,106809,5060,Dummy,42,const,0.3905138339920949,0.3905138339920949,0.7810276679841898,1.9525691699604744,3.9051383399209487
cumulative,130,106809,5060,Logistic Regression,42,C=0.1,0.7666621945523682,0.1626850180705912,0.4067193675889328,0.9171936758893281,1.7679841897233202
cumulative,130,106809,5060,Random Forest,42,depth=10,0.8027546200265421,0.15810338197612342,0.6213438735177865,1.5480237154150198,3.092490118577075
cumulative,130,106809,5060,XGBoost,42,depth=3,0.8108881800245188,0.14452995359897614,0.4051383399209486,0.9256916996047431,1.7932806324110673
cumulative,130,106809,5060,LightGBM,42,leaves=15,0.8126866216428512,0.14324555735632585,0.41205533596837945,0.9391304347826087,1.8175889328063242
cumulative,130,106809,5060,Dummy,7,const,0.3905138339920949,0.3905138339920949,0.7810276679841898,1.9525691699604744,3.9051383399209487
cumulative,130,106809,5060,Logistic Regression,7,C=0.1,0.7666621945523682,0.1626850180705912,0.4067193675889328,0.9171936758893281,1.7679841897233202
cumulative,130,106809,5060,Random Forest,7,depth=10,0.7979643733799708,0.15934034206750225,0.6162055335968379,1.534584980237154,3.0652173913043477
cumulative,130,106809,5060,XGBoost,7,depth=3,0.8108881800245188,0.14452995359897614,0.4051383399209486,0.9256916996047431,1.7932806324110673
cumulative,130,106809,5060,LightGBM,7,leaves=15,0.8126866216428512,0.14324555735632585,0.41205533596837945,0.9391304347826087,1.8175889328063242
cumulative,130,106809,5060,Dummy,123,const,0.3905138339920949,0.3905138339920949,0.7810276679841898,1.9525691699604744,3.9051383399209487
cumulative,130,106809,5060,Logistic Regression,123,C=0.1,0.7666621945523682,0.1626850180705912,0.4067193675889328,0.9171936758893281,1.7679841897233202
cumulative,130,106809,5060,Random Forest,123,depth=10,0.8021639992660856,0.15697913639911795,0.6071146245059289,1.5118577075098814,3.0197628458498023
cumulative,130,106809,5060,XGBoost,123,depth=3,0.8108881800245188,0.14452995359897614,0.4051383399209486,0.9256916996047431,1.7932806324110673
cumulative,130,106809,5060,LightGBM,123,leaves=15,0.8126866216428512,0.14324555735632585,0.41205533596837945,0.9391304347826087,1.8175889328063242
cumulative,131,108004,4934,Dummy,42,const,0.37353060397243615,0.37353060397243615,0.7470612079448723,1.8676530198621808,3.7353060397243616
cumulative,131,108004,4934,Logistic Regression,42,C=0.1,0.7449055577296566,0.1661076671055424,0.39724361572760436,0.8800162140251317,1.6846372111876773
cumulative,131,108004,4934,Random Forest,42,depth=10,0.7703892177342517,0.1608554627236922,0.6157276043777867,1.5314146736927443,3.0575597892176734
cumulative,131,108004,4934,XGBoost,42,depth=3,0.7885677348403684,0.14566218852996826,0.4150790433725172,0.9501418727199027,1.8419132549655453
cumulative,131,108004,4934,LightGBM,42,leaves=15,0.7881384012729034,0.14659721856772093,0.41386299148763683,0.945277665180381,1.8309687880016214
cumulative,131,108004,4934,Dummy,7,const,0.37353060397243615,0.37353060397243615,0.7470612079448723,1.8676530198621808,3.7353060397243616
cumulative,131,108004,4934,Logistic Regression,7,C=0.1,0.7449055577296566,0.1661076671055424,0.39724361572760436,0.8800162140251317,1.6846372111876773
cumulative,131,108004,4934,Random Forest,7,depth=10,0.7663942251109508,0.1617319488227917,0.6199837859748683,1.5423591406566681,3.0796513984596676
cumulative,131,108004,4934,XGBoost,7,depth=3,0.7885677348403684,0.14566218852996826,0.4150790433725172,0.9501418727199027,1.8419132549655453
cumulative,131,108004,4934,LightGBM,7,leaves=15,0.7881384012729034,0.14659721856772093,0.41386299148763683,0.945277665180381,1.8309687880016214
cumulative,131,108004,4934,Dummy,123,const,0.37353060397243615,0.37353060397243615,0.7470612079448723,1.8676530198621808,3.7353060397243616
cumulative,131,108004,4934,Logistic Regression,123,C=0.1,0.7449055577296566,0.1661076671055424,0.39724361572760436,0.8800162140251317,1.6846372111876773
cumulative,131,108004,4934,Random Forest,123,depth=10,0.7648908059519397,0.16152634739306843,0.6157276043777867,1.5320226996351844,3.0591811917308473
cumulative,131,108004,4934,XGBoost,123,depth=3,0.7885677348403684,0.14566218852996826,0.4150790433725172,0.9501418727199027,1.8419132549655453
cumulative,131,108004,4934,LightGBM,123,leaves=15,0.7881384012729034,0.14659721856772093,0.41386299148763683,0.945277665180381,1.8309687880016214
cumulative,132,109336,4813,Dummy,42,const,0.37377934760024933,0.37377934760024933,0.7475586952004987,1.8688967380012467,3.7377934760024933
cumulative,132,109336,4813,Logistic Regression,42,C=0.1,0.7398427303710468,0.16576543224264575,0.4120091419073343,0.9200083108248494,1.766673592354041
cumulative,132,109336,4813,Random Forest,42,depth=10,0.7511020827316073,0.16628372506375805,0.6407645958861417,1.595055059214627,3.1855391647621025
cumulative,132,109336,4813,XGBoost,42,depth=3,0.7727013450349994,0.15039591491222382,0.4199044255142323,0.959069187616871,1.8576771244546022
cumulative,132,109336,4813,LightGBM,42,leaves=63,0.7878886307917814,0.1448153331829927,0.423436526075213,0.9781840847704134,1.9027633492624143
cumulative,132,109336,4813,Dummy,7,const,0.37377934760024933,0.37377934760024933,0.7475586952004987,1.8688967380012467,3.7377934760024933
cumulative,132,109336,4813,Logistic Regression,7,C=0.1,0.7398427303710468,0.16576543224264575,0.4120091419073343,0.9200083108248494,1.766673592354041
cumulative,132,109336,4813,Random Forest,7,depth=10,0.7572613107183944,0.1656415507085322,0.6368169540826927,1.5848742987741533,3.164969873259921
cumulative,132,109336,4813,XGBoost,7,depth=3,0.7727013450349994,0.15039591491222382,0.4199044255142323,0.959069187616871,1.8576771244546022
cumulative,132,109336,4813,LightGBM,7,leaves=63,0.7878886307917814,0.1448153331829927,0.423436526075213,0.9781840847704134,1.9027633492624143
cumulative,132,109336,4813,Dummy,123,const,0.37377934760024933,0.37377934760024933,0.7475586952004987,1.8688967380012467,3.7377934760024933
cumulative,132,109336,4813,Logistic Regression,123,C=0.1,0.7398427303710468,0.16576543224264575,0.4120091419073343,0.9200083108248494,1.766673592354041
cumulative,132,109336,4813,Random Forest,123,depth=10,0.753065561351976,0.16645411472744562,0.6364014128402244,1.5838354456679826,3.1628921670475796
cumulative,132,109336,4813,XGBoost,123,depth=3,0.7727013450349994,0.15039591491222382,0.4199044255142323,0.959069187616871,1.8576771244546022
cumulative,132,109336,4813,LightGBM,123,leaves=63,0.7878886307917814,0.1448153331829927,0.423436526075213,0.9781840847704134,1.9027633492624143
cumulative,133,110515,4766,Dummy,42,const,0.37683592110784725,0.37683592110784725,0.7536718422156945,1.8841796055392364,3.7683592110784727
cumulative,133,110515,4766,Logistic Regression,42,C=0.1,0.7313876343778684,0.17147486035262993,0.4364246747796895,0.9840537138061267,1.8967687788501888
cumulative,133,110515,4766,Random Forest,42,depth=10,0.7600576065930735,0.16579724847199864,0.6426772975241293,1.600083927822073,3.195761644985313
cumulative,133,110515,4766,XGBoost,42,depth=3,0.7747968338236888,0.15115642547607422,0.43033990767939573,0.9930759546789761,1.9309693663449434
cumulative,133,110515,4766,LightGBM,42,leaves=15,0.7705427396887532,0.15231329138155186,0.4477549307595468,1.041334452370961,2.0306336550566515
cumulative,133,110515,4766,Dummy,7,const,0.37683592110784725,0.37683592110784725,0.7536718422156945,1.8841796055392364,3.7683592110784727
cumulative,133,110515,4766,Logistic Regression,7,C=0.1,0.7313876343778684,0.17147486035262993,0.4364246747796895,0.9840537138061267,1.8967687788501888
cumulative,133,110515,4766,Random Forest,7,depth=10,0.7619506800405415,0.16579448602763058,0.6412085606378515,1.5948384389425094,3.1842215694502727
cumulative,133,110515,4766,XGBoost,7,depth=3,0.7747968338236888,0.15115642547607422,0.43033990767939573,0.9930759546789761,1.9309693663449434
cumulative,133,110515,4766,LightGBM,7,leaves=15,0.7705427396887532,0.15231329138155186,0.4477549307595468,1.041334452370961,2.0306336550566515
cumulative,133,110515,4766,Dummy,123,const,0.37683592110784725,0.37683592110784725,0.7536718422156945,1.8841796055392364,3.7683592110784727
cumulative,133,110515,4766,Logistic Regression,123,C=0.1,0.7313876343778684,0.17147486035262993,0.4364246747796895,0.9840537138061267,1.8967687788501888
cumulative,133,110515,4766,Random Forest,123,depth=10,0.7572023249519251,0.166146521577823,0.6370121695342006,1.5849769198489299,3.164918170373479
cumulative,133,110515,4766,XGBoost,123,depth=3,0.7747968338236888,0.15115642547607422,0.43033990767939573,0.9930759546789761,1.9309693663449434
cumulative,133,110515,4766,LightGBM,123,leaves=15,0.7705427396887532,0.15231329138155186,0.4477549307595468,1.041334452370961,2.0306336550566515
cumulative,134,111869,4506,Dummy,42,const,0.38060363959165555,0.38060363959165555,0.7612072791833111,1.9030181979582779,3.8060363959165557
cumulative,134,111869,4506,Logistic Regression,42,C=0.1,0.716044999924307,0.1784099169033448,0.44185530403905904,0.979138925876609,1.874611628939192
cumulative,134,111869,4506,Random Forest,42,depth=10,0.7403234494801759,0.1715158888904504,0.6628939192188193,1.6502441189525077,3.2958277851753217
cumulative,134,111869,4506,XGBoost,42,depth=3,0.7607476095714764,0.15567336976528168,0.4403018197958278,1.0042166000887705,1.944074567243675
cumulative,134,111869,4506,LightGBM,42,leaves=31,0.7706350593451704,0.15361398536522738,0.4474034620505992,1.0372836218375499,2.0204172214824676
cumulative,134,111869,4506,Dummy,7,const,0.38060363959165555,0.38060363959165555,0.7612072791833111,1.9030181979582779,3.8060363959165557
cumulative,134,111869,4506,Logistic Regression,7,C=0.1,0.716044999924307,0.1784099169033448,0.44185530403905904,0.979138925876609,1.874611628939192
cumulative,134,111869,4506,Random Forest,7,depth=10,0.738318264753323,0.17246348985362278,0.6591211717709721,1.6391478029294275,3.272525521526853
cumulative,134,111869,4506,XGBoost,7,depth=3,0.7607476095714764,0.15567336976528168,0.4403018197958278,1.0042166000887705,1.944074567243675
cumulative,134,111869,4506,LightGBM,7,leaves=31,0.7706350593451704,0.15361398536522738,0.4474034620505992,1.0372836218375499,2.0204172214824676
cumulative,134,111869,4506,Dummy,123,const,0.38060363959165555,0.38060363959165555,0.7612072791833111,1.9030181979582779,3.8060363959165557
cumulative,134,111869,4506,Logistic Regression,123,C=0.1,0.716044999924307,0.1784099169033448,0.44185530403905904,0.979138925876609,1.874611628939192
cumulative,134,111869,4506,Random Forest,123,depth=10,0.7419129844964072,0.17159718639466015,0.6624500665778962,1.6491344873501996,3.2936085219707056
cumulative,134,111869,4506,XGBoost,123,depth=3,0.7607476095714764,0.15567336976528168,0.4403018197958278,1.0042166000887705,1.944074567243675
cumulative,134,111869,4506,LightGBM,123,leaves=31,0.7706350593451704,0.15361398536522738,0.4474034620505992,1.0372836218375499,2.0204172214824676
cumulative,135,112938,4664,Dummy,42,const,0.40008576329331047,0.40008576329331047,0.8001715265866209,2.0004288164665525,4.000857632933105
cumulative,135,112938,4664,Logistic Regression,42,C=0.1,0.7282066498414517,0.1805689328660215,0.47062607204116635,1.0578902229845626,2.036663807890223
cumulative,135,112938,4664,Random Forest,42,depth=10,0.7523305990053023,0.17636053715938738,0.6936106346483705,1.7272727272727273,3.450042881646655
cumulative,135,112938,4664,XGBoost,42,depth=3,0.768511166611396,0.1598106026649475,0.47062607204116635,1.085548885077187,2.110420240137221
cumulative,135,112938,4664,LightGBM,42,leaves=31,0.7725666883368428,0.15756251671299212,0.4862778730703259,1.1391509433962264,2.227272727272727
cumulative,135,112938,4664,Dummy,7,const,0.40008576329331047,0.40008576329331047,0.8001715265866209,2.0004288164665525,4.000857632933105
cumulative,135,112938,4664,Logistic Regression,7,C=0.1,0.7282066498414517,0.1805689328660215,0.47062607204116635,1.0578902229845626,2.036663807890223
cumulative,135,112938,4664,Random Forest,7,depth=10,0.7522106297749819,0.1763841657897707,0.6839622641509434,1.7002572898799313,3.394082332761578
cumulative,135,112938,4664,XGBoost,7,depth=3,0.768511166611396,0.1598106026649475,0.47062607204116635,1.085548885077187,2.110420240137221
cumulative,135,112938,4664,LightGBM,7,leaves=31,0.7725666883368428,0.15756251671299212,0.4862778730703259,1.1391509433962264,2.227272727272727
cumulative,135,112938,4664,Dummy,123,const,0.40008576329331047,0.40008576329331047,0.8001715265866209,2.0004288164665525,4.000857632933105
cumulative,135,112938,4664,Logistic Regression,123,C=0.1,0.7282066498414517,0.1805689328660215,0.47062607204116635,1.0578902229845626,2.036663807890223
cumulative,135,112938,4664,Random Forest,123,depth=10,0.7469617465264664,0.17660535140770597,0.6938250428816467,1.726843910806175,3.4485420240137223
cumulative,135,112938,4664,XGBoost,123,depth=3,0.768511166611396,0.1598106026649475,0.47062607204116635,1.085548885077187,2.110420240137221
cumulative,135,112938,4664,LightGBM,123,leaves=31,0.7725666883368428,0.15756251671299212,0.4862778730703259,1.1391509433962264,2.227272727272727
cumulative,136,114149,4508,Dummy,42,const,0.37755102040816324,0.37755102040816324,0.7551020408163265,1.8877551020408163,3.7755102040816326
cumulative,136,114149,4508,Logistic Regression,42,C=0.1,0.6978214638808289,0.1799647006899303,0.44631765749778174,0.9933451641526175,1.9050576752440107
cumulative,136,114149,4508,Random Forest,42,depth=10,0.7229969053090285,0.17288113163084728,0.6759094942324756,1.6801242236024845,3.353815439219166
cumulative,136,114149,4508,XGBoost,42,depth=3,0.7450506460209079,0.15665045380592346,0.4292369121561668,0.9736024844720497,1.8808784383318544
cumulative,136,114149,4508,LightGBM,42,leaves=15,0.7383390898018687,0.1580767032151522,0.47604259094942325,1.1035936113575866,2.1495119787045254
cumulative,136,114149,4508,Dummy,7,const,0.37755102040816324,0.37755102040816324,0.7551020408163265,1.8877551020408163,3.7755102040816326
cumulative,136,114149,4508,Logistic Regression,7,C=0.1,0.6978214638808289,0.1799647006899303,0.44631765749778174,0.9933451641526175,1.9050576752440107
cumulative,136,114149,4508,Random Forest,7,depth=10,0.7247476114088336,0.17265652968367873,0.6688110026619344,1.661047027506655,3.314773735581189
cumulative,136,114149,4508,XGBoost,7,depth=3,0.7450506460209079,0.15665045380592346,0.4292369121561668,0.9736024844720497,1.8808784383318544
cumulative,136,114149,4508,LightGBM,7,leaves=15,0.7383390898018687,0.1580767032151522,0.47604259094942325,1.1035936113575866,2.1495119787045254
cumulative,136,114149,4508,Dummy,123,const,0.37755102040816324,0.37755102040816324,0.7551020408163265,1.8877551020408163,3.7755102040816326
cumulative,136,114149,4508,Logistic Regression,123,C=0.1,0.6978214638808289,0.1799647006899303,0.44631765749778174,0.9933451641526175,1.9050576752440107
cumulative,136,114149,4508,Random Forest,123,depth=10,0.7230216339644511,0.17278169858177125,0.6785714285714286,1.6867790594498668,3.3671251109139306
cumulative,136,114149,4508,XGBoost,123,depth=3,0.7450506460209079,0.15665045380592346,0.4292369121561668,0.9736024844720497,1.8808784383318544
cumulative,136,114149,4508,LightGBM,123,leaves=15,0.7383390898018687,0.1580767032151522,0.47604259094942325,1.1035936113575866,2.1495119787045254
cumulative,137,115281,4109,Dummy,42,const,0.36626916524701875,0.36626916524701875,0.7325383304940375,1.8313458262350937,3.6626916524701874
cumulative,137,115281,4109,Logistic Regression,42,C=0.1,0.6799608061152556,0.18163172364853455,0.45631540520807984,1.0038938914577755,1.9165247018739353
cumulative,137,115281,4109,Random Forest,42,depth=10,0.7240781963143856,0.1691179659418693,0.6529569238257483,1.6225358968118764,3.2385008517887566
cumulative,137,115281,4109,XGBoost,42,depth=3,0.7465814221646943,0.15299329161643982,0.42297395960087614,0.9617911900705768,1.8598199075200779
cumulative,137,115281,4109,LightGBM,42,leaves=15,0.7342665452562994,0.15677107440873314,0.45339498661474814,1.052080798247749,2.04989048430275
cumulative,137,115281,4109,Dummy,7,const,0.36626916524701875,0.36626916524701875,0.7325383304940375,1.8313458262350937,3.6626916524701874
cumulative,137,115281,4109,Logistic Regression,7,C=0.1,0.6799608061152556,0.18163172364853455,0.45631540520807984,1.0038938914577755,1.9165247018739353
cumulative,137,115281,4109,Random Forest,7,depth=10,0.7199248322442556,0.17002395189649938,0.646142613774641,1.604770017035775,3.202482355804332
cumulative,137,115281,4109,XGBoost,7,depth=3,0.7465814221646943,0.15299329161643982,0.42297395960087614,0.9617911900705768,1.8598199075200779
cumulative,137,115281,4109,LightGBM,7,leaves=15,0.7342665452562994,0.15677107440873314,0.45339498661474814,1.052080798247749,2.04989048430275
cumulative,137,115281,4109,Dummy,123,const,0.36626916524701875,0.36626916524701875,0.7325383304940375,1.8313458262350937,3.6626916524701874
cumulative,137,115281,4109,Logistic Regression,123,C=0.1,0.6799608061152556,0.18163172364853455,0.45631540520807984,1.0038938914577755,1.9165247018739353
cumulative,137,115281,4109,Random Forest,123,depth=10,0.7185501696534475,0.16915274710033243,0.6471160866390849,1.606473594548552,3.2054027743976636
cumulative,137,115281,4109,XGBoost,123,depth=3,0.7465814221646943,0.15299329161643982,0.42297395960087614,0.9617911900705768,1.8598199075200779
cumulative,137,115281,4109,LightGBM,123,leaves=15,0.7342665452562994,0.15677107440873314,0.45339498661474814,1.052080798247749,2.04989048430275
